ts_code,trade_date,close,open,high,low,pre_close,change,pct_chg,vol,amount
000016.SH,20241216,2641.5604,2637.7401,2647.6977,2635.2467,2638.0266,3.5338,0.134,54098120.0,93658808.689
000016.SH,20241213,2638.0266,2684.2932,2684.4109,2636.9729,2702.2681,-64.2415,-2.3773,61597705.0,120459478.408
000016.SH,20241212,2702.2681,2673.9435,2704.0286,2667.637,2676.5518,25.7163,0.9608,41273831.0,81318183.41
000016.SH,20241211,2676.5518,2684.5906,2696.0071,2671.5218,2689.3292,-12.7774,-0.4751,40802387.0,74840666.598
000016.SH,20241210,2689.3292,2741.7509,2747.0734,2684.7165,2667.5924,21.7368,0.8148,59443899.0,124161995.388
000016.SH,20241209,2667.5924,2666.2892,2686.5153,2658.4311,2665.4281,2.1643,0.0812,45926353.0,79459146.106
000016.SH,20241206,2665.4281,2636.6066,2682.6891,2636.6066,2635.5615,29.8666,1.1332,43894491.0,85427061.368
000016.SH,20241205,2635.5615,2637.627,2647.9841,2629.6309,2648.7554,-13.1939,-0.4981,33676521.0,60315067.352
000016.SH,20241204,2648.7554,2651.785,2660.8018,2638.113,2652.8982,-4.1428,-0.1562,48088171.0,84381105.671
000016.SH,20241203,2652.8982,2638.8056,2658.1522,2626.208,2639.0408,13.8574,0.5251,47373156.0,82863138.221
000016.SH,20241202,2639.0408,2621.1436,2643.8665,2613.6159,2624.9558,14.085,0.5366,44608836.0,84570831.621
000016.SH,20241129,2624.9558,2612.2337,2660.3932,2610.7148,2610.1214,14.8344,0.5683,43001561.0,86826616.313
000016.SH,20241128,2610.1214,2625.5067,2630.8034,2598.7484,2625.7605,-15.6391,-0.5956,34308739.0,63685958.938
000016.SH,20241127,2625.7605,2588.8885,2626.3255,2583.4665,2592.7374,33.0231,1.2737,41079054.0,75602282.983
000016.SH,20241126,2592.7374,2576.8092,2607.1247,2573.9661,2582.0536,10.6838,0.4138,39931653.0,64830132.9
000016.SH,20241125,2582.0536,2610.9605,2620.0303,2568.9547,2601.5573,-19.5037,-0.7497,45593530.0,86542885.244
000016.SH,20241122,2601.5573,2679.6508,2683.7447,2601.5458,2680.798,-79.2407,-2.9559,48551764.0,96852390.065
000016.SH,20241121,2680.798,2674.4342,2686.3147,2666.5676,2676.2068,4.5912,0.1716,37202384.0,72754859.824
000016.SH,20241120,2676.2068,2667.4488,2686.3751,2657.5836,2671.1887,5.0181,0.1879,45017622.0,81206748.407
000016.SH,20241119,2671.1887,2679.5513,2683.3683,2637.8473,2678.2735,-7.0848,-0.2645,67003018.0,102108364.111
000016.SH,20241118,2678.2735,2683.4931,2725.3011,2668.0586,2671.4515,6.822,0.2554,91045710.0,127985982.565
000016.SH,20241115,2671.4515,2696.9612,2712.8776,2671.4515,2704.1521,-32.7006,-1.2093,70040262.0,118404551.146
000016.SH,20241114,2704.1521,2719.4553,2743.7546,2700.2037,2728.2286,-24.0765,-0.8825,60469571.0,109896762.529
000016.SH,20241113,2728.2286,2697.1864,2737.5042,2696.6886,2712.2651,15.9635,0.5886,62644077.0,119899020.459
000016.SH,20241112,2712.2651,2744.946,2778.8862,2701.6102,2753.7448,-41.4797,-1.5063,60114854.0,143127099.381
000016.SH,20241111,2753.7448,2736.8382,2754.9744,2711.7625,2765.5385,-11.7937,-0.4265,61338658.0,146466629.959
000016.SH,20241108,2765.5385,2825.9123,2833.07,2758.2136,2797.8602,-32.3217,-1.1552,67861757.0,167822297.611
000016.SH,20241107,2797.8602,2684.8126,2800.6123,2683.3174,2706.6145,91.2457,3.3712,67017244.0,154119319.357
000016.SH,20241106,2706.6145,2730.4552,2743.1266,2691.7284,2727.6665,-21.052,-0.7718,59940818.0,139394922.731
000016.SH,20241105,2727.6665,2666.8611,2727.6665,2659.1659,2675.7707,51.8958,1.9395,55642484.0,129671764.768
000016.SH,20241104,2675.7707,2657.3144,2675.7707,2636.5763,2651.5349,24.2358,0.914,43015671.0,85743264.545
000016.SH,20241101,2651.5349,2629.0433,2674.2511,2629.0433,2633.117,18.4179,0.6995,60844392.0,112656093.158
000016.SH,20241031,2633.117,2637.2061,2654.6458,2613.2514,2634.7375,-1.6205,-0.0615,54529623.0,119295772.01
000016.SH,20241030,2634.7375,2658.2589,2674.3699,2624.0008,2667.9385,-33.201,-1.2444,44450688.0,98548356.583
000016.SH,20241029,2667.9385,2689.9168,2712.2827,2665.4245,2686.2894,-18.3509,-0.6831,50084286.0,112173896.896
000016.SH,20241028,2686.2894,2681.5075,2686.2894,2656.3248,2683.3246,2.9648,0.1105,53474972.0,105268557.743
000016.SH,20241025,2683.3246,2679.3494,2705.3314,2671.0383,2680.7044,2.6202,0.0977,46861453.0,102640845.785
000016.SH,20241024,2680.7044,2695.379,2698.9996,2669.7099,2708.0459,-27.3415,-1.0096,42253335.0,90076501.0
000016.SH,20241023,2708.0459,2691.1255,2728.2578,2682.942,2692.6613,15.3846,0.5714,56076797.0,119949400.339
000016.SH,20241022,2692.6613,2672.8534,2704.3458,2672.4493,2681.0567,11.6046,0.4328,52208167.0,115193657.02
000016.SH,20241021,2681.0567,2694.9659,2701.3576,2659.665,2681.9116,-0.8549,-0.0319,72042226.0,157954092.781
000016.SH,20241018,2681.9116,2606.3767,2722.6463,2583.4892,2610.467,71.4446,2.7369,70198207.0,155844588.305
000016.SH,20241017,2610.467,2666.367,2680.0601,2610.467,2650.1756,-39.7086,-1.4983,49796854.0,94353946.568
000016.SH,20241016,2650.1756,2629.2419,2677.2195,2628.9539,2655.1159,-4.9403,-0.1861,56259713.0,102204384.793
000016.SH,20241015,2655.1159,2711.6739,2726.9864,2655.1159,2723.183,-68.0671,-2.4995,58314144.0,113706265.388
000016.SH,20241014,2723.183,2699.7073,2737.2733,2672.8084,2680.388,42.795,1.5966,80655001.0,143373984.403
000016.SH,20241011,2680.388,2718.249,2737.0817,2653.6174,2739.0507,-58.6627,-2.1417,75378019.0,137937187.109
000016.SH,20241010,2739.0507,2697.2924,2801.1196,2675.4415,2680.7145,58.3362,2.1761,115891754.0,219028734.621
000016.SH,20241009,2680.7145,2813.9557,2825.7394,2674.2463,2853.1376,-172.4231,-6.0433,124653375.0,291386974.601
000016.SH,20241008,2853.1376,3016.8743,3016.8743,2780.0303,2755.4044,97.7332,3.547,165973235.0,332253411.73
000016.SH,20240930,2755.4044,2657.5481,2778.2881,2621.7023,2571.0848,184.3196,7.1689,153324458.0,269284712.244
000016.SH,20240927,2571.0848,2553.6017,2571.0848,2512.8179,2498.1797,72.9051,2.9183,64800776.0,114190842.276
000016.SH,20240926,2498.1797,2389.2682,2498.3234,2383.5101,2386.3227,111.857,4.6874,67742963.0,119232016.528
000016.SH,20240925,2386.3227,2391.2845,2426.6944,2380.589,2352.1449,34.1778,1.453,68403102.0,112177955.367
000016.SH,20240924,2352.1449,2270.3562,2352.3178,2257.2882,2243.0249,109.12,4.8649,60159105.0,101050490.178
000016.SH,20240923,2243.0249,2233.8583,2254.1614,2232.2822,2233.2565,9.7684,0.4374,27207257.0,45700293.896
000016.SH,20240920,2233.2565,2227.3519,2237.9802,2212.5224,2229.8053,3.4512,0.1548,36902087.0,55566735.871
000016.SH,20240919,2229.8053,2224.2625,2239.9843,2199.4486,2218.6562,11.1491,0.5025,34968379.0,58318265.337
000016.SH,20240918,2218.6562,2206.8536,2225.9124,2203.9821,2205.8115,12.8447,0.5823,26054620.0,40650056.23
000016.SH,20240913,2205.8115,2211.154,2222.5631,2204.8645,2209.5603,-3.7488,-0.1697,27098500.0,44106120.319
000016.SH,20240912,2209.5603,2220.9007,2227.7321,2208.2481,2220.798,-11.2377,-0.506,28095301.0,42269201.973
000016.SH,20240911,2220.798,2228.8251,2228.8251,2213.8238,2235.6866,-14.8886,-0.666,34615529.0,45236993.415
000016.SH,20240910,2235.6866,2232.8303,2240.5884,2223.9033,2232.9593,2.7273,0.1221,30184005.0,40190747.619
000016.SH,20240909,2232.9593,2252.3035,2256.0017,2226.6269,2263.5629,-30.6036,-1.352,34250688.0,47798368.916
000016.SH,20240906,2263.5629,2276.5398,2288.9266,2263.321,2275.1177,-11.5548,-0.5079,25886004.0,34524514.997
000016.SH,20240905,2275.1177,2272.9816,2281.5278,2267.3312,2271.8069,3.3108,0.1457,30352561.0,39145533.094
000016.SH,20240904,2271.8069,2279.4765,2289.3898,2268.2104,2291.1775,-19.3706,-0.8454,35482469.0,42801802.355
000016.SH,20240903,2291.1775,2299.3396,2301.6943,2286.0214,2299.9325,-8.755,-0.3807,44158877.0,50294835.783
000016.SH,20240902,2299.9325,2321.1529,2326.0803,2299.1674,2335.2146,-35.2821,-1.5109,45499287.0,61799689.862
000016.SH,20240830,2335.2146,2313.6095,2354.6274,2311.228,2317.6636,17.551,0.7573,63786046.0,87319585.886
000016.SH,20240829,2317.6636,2329.6623,2335.6749,2315.4868,2336.1475,-18.4839,-0.7912,44246295.0,54544179.743
000016.SH,20240828,2336.1475,2349.5198,2352.6952,2327.9241,2350.4141,-14.2666,-0.607,30092262.0,44898374.774
000016.SH,20240827,2350.4141,2348.5443,2355.5744,2345.3023,2352.2729,-1.8588,-0.079,30952524.0,40323563.656
000016.SH,20240826,2352.2729,2356.7933,2361.8834,2341.2322,2355.3787,-3.1058,-0.1319,26900476.0,39379737.067
000016.SH,20240823,2355.3787,2338.6644,2361.0625,2338.3218,2341.1509,14.2278,0.6077,27900047.0,43651870.17
000016.SH,20240822,2341.1509,2340.1542,2344.9926,2332.3636,2339.072,2.0789,0.0889,31112912.0,44159381.961
000016.SH,20240821,2339.072,2341.8119,2345.9738,2324.7075,2346.6379,-7.5659,-0.3224,26550899.0,37036690.61
000016.SH,20240820,2346.6379,2361.181,2361.2992,2337.5071,2357.0309,-10.393,-0.4409,29898108.0,40474326.311
000016.SH,20240819,2357.0309,2345.6447,2367.4051,2345.1153,2345.0481,11.9828,0.511,30885150.0,41304620.244
000016.SH,20240816,2345.0481,2335.0422,2348.1529,2331.0796,2335.9381,9.11,0.39,30481578.0,39617340.954
000016.SH,20240815,2335.9381,2300.4792,2343.2072,2295.7531,2306.1154,29.8227,1.2932,29315620.0,46630602.823
000016.SH,20240814,2306.1154,2317.8882,2317.8882,2305.4695,2317.6526,-11.5372,-0.4978,22049930.0,34691780.844
000016.SH,20240813,2317.6526,2318.9729,2321.5423,2304.5967,2316.9106,0.742,0.032,25109218.0,36056042.124
000016.SH,20240812,2316.9106,2314.2612,2323.4205,2312.5793,2317.9915,-1.0809,-0.0466,22194984.0,32347884.418
000016.SH,20240809,2317.9915,2332.6705,2338.2366,2317.9915,2320.4245,-2.433,-0.1049,25988805.0,42763976.869
000016.SH,20240808,2320.4245,2310.9616,2334.4621,2305.8931,2314.4261,5.9984,0.2592,22528936.0,40041209.426
000016.SH,20240807,2314.4261,2311.9113,2330.1519,2307.0776,2313.3361,1.09,0.0471,27145991.0,42713085.463
000016.SH,20240806,2313.3361,2342.8423,2346.2994,2296.7121,2328.9222,-15.5861,-0.6692,34873713.0,54899373.587
000016.SH,20240805,2328.9222,2334.5923,2362.3096,2327.7452,2343.7153,-14.7931,-0.6312,39457458.0,63104360.795
000016.SH,20240802,2343.7153,2344.4182,2360.4137,2337.6377,2360.422,-16.7067,-0.7078,31827474.0,49775530.749
000016.SH,20240801,2360.422,2373.4708,2375.7914,2360.0476,2375.3942,-14.9722,-0.6303,39134152.0,58367024.186
000016.SH,20240731,2375.3942,2332.6518,2378.8805,2331.5647,2335.3123,40.0819,1.7163,50066642.0,77823528.643
000016.SH,20240730,2335.3123,2341.9086,2341.9086,2321.4988,2348.4784,-13.1661,-0.5606,32432891.0,54147205.113
000016.SH,20240729,2348.4784,2352.5061,2359.9841,2343.4017,2355.3163,-6.8379,-0.2903,33671312.0,50285979.411
000016.SH,20240726,2355.3163,2364.9113,2368.2708,2341.4493,2369.7153,-14.399,-0.6076,40494016.0,58240320.5
000016.SH,20240725,2369.7153,2384.6349,2387.8924,2358.5434,2390.954,-21.2387,-0.8883,40846894.0,60679431.37
000016.SH,20240724,2390.954,2393.2316,2407.1095,2382.995,2396.6727,-5.7187,-0.2386,39296668.0,56353465.239
000016.SH,20240723,2396.6727,2429.0864,2431.2677,2396.6727,2432.5496,-35.8769,-1.4749,41340681.0,63854263.895
000016.SH,20240722,2432.5496,2454.2441,2454.4998,2416.2001,2456.79,-24.2404,-0.9867,41829683.0,69492700.443
000016.SH,20240719,2456.79,2429.8049,2462.7419,2417.464,2444.5086,12.2814,0.5024,41315480.0,71695222.791
000016.SH,20240718,2444.5086,2426.3399,2446.7682,2421.4873,2432.8325,11.6761,0.4799,34814046.0,60995584.684
000016.SH,20240717,2432.8325,2422.8828,2439.317,2419.9803,2424.755,8.0775,0.3331,37750369.0,64968550.436
000016.SH,20240716,2424.755,2412.2553,2426.5861,2406.2455,2420.5214,4.2336,0.1749,35688395.0,55901176.129
000016.SH,20240715,2420.5214,2405.9183,2424.4116,2405.5231,2412.6181,7.9033,0.3276,34518607.0,50347384.02
000016.SH,20240712,2412.6181,2397.7292,2414.7622,2396.5289,2396.407,16.2111,0.6765,38157098.0,59812238.497
000016.SH,20240711,2396.407,2387.6651,2400.229,2378.1532,2381.831,14.576,0.612,38295592.0,63413455.035
000016.SH,20240710,2381.831,2378.8044,2392.8765,2378.5381,2389.3843,-7.5533,-0.3161,34846258.0,56473784.148
000016.SH,20240709,2389.3843,2365.931,2396.1764,2352.7669,2371.6891,17.6952,0.7461,37504477.0,62567227.694
000016.SH,20240708,2371.6891,2375.6838,2387.8878,2368.1664,2386.004,-14.3149,-0.6,35617562.0,58987893.203
000016.SH,20240705,2386.004,2405.6106,2411.9275,2367.0152,2407.9029,-21.8989,-0.9095,39363439.0,63623260.457
000016.SH,20240704,2407.9029,2417.2756,2428.9387,2407.1264,2414.8657,-6.9628,-0.2883,30511579.0,49929135.278
000016.SH,20240703,2414.8657,2417.1757,2421.0831,2405.8361,2416.6793,-1.8136,-0.075,32991600.0,55118428.056
000016.SH,20240702,2416.6793,2400.1671,2421.7506,2399.5179,2405.4665,11.2128,0.4661,36866949.0,59919130.804
000016.SH,20240701,2405.4665,2395.1996,2407.0535,2387.6172,2394.8746,10.5919,0.4423,36281247.0,56357789.338
000016.SH,20240628,2394.8746,2382.1171,2406.3635,2381.3913,2388.5609,6.3137,0.2643,39898644.0,62660041.747
000016.SH,20240627,2388.5609,2391.6869,2395.8105,2376.6615,2398.2556,-9.6947,-0.4042,36990570.0,54577196.651
000016.SH,20240626,2398.2556,2388.4994,2404.4568,2383.1472,2394.2154,4.0402,0.1687,29859502.0,46732372.066
000016.SH,20240625,2394.2154,2403.7287,2410.1416,2384.2047,2404.0848,-9.8694,-0.4105,34919135.0,58739728.184
000016.SH,20240624,2404.0848,2383.8657,2418.9161,2381.2803,2398.9571,5.1277,0.2137,34671331.0,62252302.887
000016.SH,20240621,2398.9571,2406.2173,2411.5276,2386.4801,2408.3379,-9.3808,-0.3895,33202039.0,58864839.939
000016.SH,20240620,2408.3379,2413.3933,2422.7003,2405.3971,2413.9722,-5.6343,-0.2334,32013024.0,56261519.622
000016.SH,20240619,2413.9722,2410.4721,2418.7379,2402.9583,2415.4281,-1.4559,-0.0603,32775291.0,56240551.303
000016.SH,20240618,2415.4281,2412.5472,2424.9312,2408.2887,2416.3414,-0.9133,-0.0378,35338347.0,59466094.876
000016.SH,20240617,2416.3414,2412.092,2418.9354,2408.8727,2426.509,-10.1676,-0.419,37495957.0,61841769.533
000016.SH,20240614,2426.509,2405.7899,2433.0536,2399.9852,2412.0736,14.4354,0.5985,41277966.0,78246583.296
000016.SH,20240613,2412.0736,2425.9228,2426.3286,2406.9924,2423.607,-11.5334,-0.4759,30851071.0,57368166.221
000016.SH,20240612,2423.607,2420.8987,2427.8375,2412.9896,2423.6184,-0.0114,-0.0005,37949604.0,63274163.769
000016.SH,20240611,2423.6184,2444.5482,2449.6467,2415.1117,2457.2569,-33.6385,-1.3689,41401549.0,70152687.633
000016.SH,20240607,2457.2569,2473.1743,2476.4645,2444.9299,2467.8865,-10.6296,-0.4307,36436105.0,58648181.396
000016.SH,20240606,2467.8865,2474.2323,2492.0466,2462.13,2468.1918,-0.3053,-0.0124,36897263.0,64488233.047
000016.SH,20240605,2468.1918,2477.3066,2483.3305,2467.4553,2483.3189,-15.1271,-0.6091,29453857.0,51341197.989
000016.SH,20240604,2483.3189,2465.6099,2488.7509,2462.6653,2469.0165,14.3024,0.5793,31903183.0,56622882.696
000016.SH,20240603,2469.0165,2461.3502,2476.8003,2454.9847,2462.1831,6.8334,0.2775,32935234.0,58211851.91
000016.SH,20240531,2462.1831,2480.2132,2487.1289,2462.1831,2473.758,-11.5749,-0.4679,28593170.0,50383978.421
000016.SH,20240530,2473.758,2488.319,2500.3112,2468.2557,2493.1691,-19.4111,-0.7786,34349983.0,60265641.217
000016.SH,20240529,2493.1691,2489.5185,2510.0724,2486.5816,2490.1614,3.0077,0.1208,31785111.0,51576833.82
000016.SH,20240528,2490.1614,2498.026,2505.7871,2486.0972,2497.6006,-7.4392,-0.2979,33003573.0,54184041.257
000016.SH,20240527,2497.6006,2478.2589,2500.1145,2478.2589,2474.4254,23.1752,0.9366,35770897.0,60797174.364
000016.SH,20240524,2474.4254,2494.3678,2504.4131,2473.2311,2500.821,-26.3956,-1.0555,31294242.0,53766574.545
000016.SH,20240523,2500.821,2518.1441,2519.0707,2495.1607,2529.0398,-28.2188,-1.1158,35048003.0,59668907.623
000016.SH,20240522,2529.0398,2524.6935,2535.0643,2519.0263,2525.2326,3.8072,0.1508,38076048.0,65777030.875
000016.SH,20240521,2525.2326,2526.9372,2531.6334,2518.2695,2532.824,-7.5914,-0.2997,33118645.0,54644703.086
000016.SH,20240520,2532.824,2529.9164,2544.5248,2524.1942,2524.1705,8.6535,0.3428,46691985.0,81480531.233
000016.SH,20240517,2524.1705,2492.5712,2524.1791,2485.8186,2489.4139,34.7566,1.3962,44218563.0,76547473.107
000016.SH,20240516,2489.4139,2484.2721,2498.8895,2475.8382,2477.3895,12.0244,0.4854,39199339.0,68282396.243
000016.SH,20240515,2477.3895,2494.7637,2498.9526,2475.9594,2496.7361,-19.3466,-0.7749,29457288.0,50498146.34
000016.SH,20240514,2496.7361,2507.1984,2510.4239,2491.248,2506.4593,-9.7232,-0.3879,33885687.0,61077635.741
000016.SH,20240513,2506.4593,2499.6901,2512.2421,2487.6544,2508.5753,-2.116,-0.0844,41036748.0,74056153.882
000016.SH,20240510,2508.5753,2508.0613,2515.0239,2492.3621,2501.7305,6.8448,0.2736,40528642.0,66949259.699
000016.SH,20240509,2501.7305,2483.6604,2506.279,2483.6604,2486.0186,15.7119,0.632,37662111.0,64311115.706
000016.SH,20240508,2486.0186,2495.6236,2497.1501,2484.3833,2499.7709,-13.7523,-0.5501,32306111.0,51551480.769
000016.SH,20240507,2499.7709,2496.015,2504.0342,2489.3674,2495.7617,4.0092,0.1606,38042631.0,62864447.734
000016.SH,20240506,2495.7617,2495.4666,2505.5974,2487.3218,2464.2435,31.5182,1.279,56007811.0,96349187.569
000016.SH,20240430,2464.2435,2473.5136,2484.1006,2464.2435,2474.3397,-10.0962,-0.408,46814370.0,75190675.5
000016.SH,20240429,2474.3397,2458.1779,2492.9273,2453.4778,2461.8556,12.4841,0.5071,53401197.0,92063350.218
000016.SH,20240426,2461.8556,2432.7579,2467.2735,2432.7579,2431.6221,30.2335,1.2433,47838029.0,79728583.627
000016.SH,20240425,2431.6221,2419.5,2437.3123,2411.5709,2424.119,7.5031,0.3095,28317818.0,49604482.982
000016.SH,20240424,2424.119,2422.6267,2426.9576,2406.8811,2413.7392,10.3798,0.43,29386859.0,50879459.334
000016.SH,20240423,2413.7392,2420.623,2426.8857,2409.9497,2424.7473,-11.0081,-0.454,37932055.0,60577320.43
000016.SH,20240422,2424.7473,2433.1809,2450.2556,2422.7668,2430.5819,-5.8346,-0.24,40368061.0,65847983.779
000016.SH,20240419,2430.5819,2433.9779,2444.0204,2424.1718,2445.2049,-14.623,-0.598,38884690.0,63779125.472
000016.SH,20240418,2445.2049,2430.7033,2468.3568,2429.6264,2439.8558,5.3491,0.2192,46624462.0,74076788.588
000016.SH,20240417,2439.8558,2407.9642,2440.5779,2397.4385,2412.3219,27.5339,1.1414,45944602.0,69009890.048
000016.SH,20240416,2412.3219,2414.7557,2429.3859,2398.4323,2424.0168,-11.6949,-0.4825,46952482.0,68370136.905
000016.SH,20240415,2424.0168,2367.8597,2424.9251,2367.763,2374.0471,49.9697,2.1048,50130502.0,75984593.018
000016.SH,20240412,2374.0471,2397.2842,2402.6429,2370.2766,2394.8667,-20.8196,-0.8693,32363758.0,59600119.109
000016.SH,20240411,2394.8667,2383.7027,2402.7498,2380.5128,2396.7427,-1.876,-0.0783,31288036.0,56313020.544
000016.SH,20240410,2396.7427,2403.7309,2412.5898,2388.6829,2404.6089,-7.8662,-0.3271,33612707.0,58702880.924
000016.SH,20240409,2404.6089,2411.7806,2418.5972,2399.2833,2414.091,-9.4821,-0.3928,35622867.0,57315468.944
000016.SH,20240408,2414.091,2419.0293,2431.4053,2407.359,2430.169,-16.078,-0.6616,39873596.0,73403477.404
000016.SH,20240403,2430.169,2439.432,2441.6698,2423.8756,2435.7569,-5.5879,-0.2294,31959986.0,60097488.949
000016.SH,20240402,2435.7569,2441.4887,2447.3738,2428.027,2441.5668,-5.8099,-0.238,35726428.0,59917352.009
000016.SH,20240401,2441.5668,2422.7347,2448.8766,2422.7347,2414.9202,26.6466,1.1034,36210013.0,63161798.144
000016.SH,20240329,2414.9202,2399.4562,2418.563,2399.2786,2401.9872,12.933,0.5384,34133586.0,51692110.861
000016.SH,20240328,2401.9872,2395.2173,2424.7673,2387.4163,2398.9372,3.05,0.1271,36870800.0,59543019.163
000016.SH,20240327,2398.9372,2408.9144,2421.1347,2398.9372,2413.7415,-14.8043,-0.6133,32072916.0,52565295.667
000016.SH,20240326,2413.7415,2404.2053,2415.7136,2398.6012,2401.2113,12.5302,0.5218,31362498.0,57780738.857
000016.SH,20240325,2401.2113,2398.3207,2418.3149,2393.0597,2403.2023,-1.991,-0.0828,34383731.0,60441059.299
000016.SH,20240322,2403.2023,2417.9371,2420.7744,2386.2046,2427.101,-23.8987,-0.9847,34073555.0,63189507.878
000016.SH,20240321,2427.101,2432.9314,2441.2744,2424.8755,2426.4586,0.6424,0.0265,29208415.0,54112424.029
000016.SH,20240320,2426.4586,2412.6074,2430.7199,2408.4843,2416.8349,9.6237,0.3982,30838610.0,51100637.497
000016.SH,20240319,2416.8349,2430.3039,2441.6045,2416.0292,2438.1911,-21.3562,-0.8759,34332515.0,64262404.652
000016.SH,20240318,2438.1911,2424.9223,2438.8328,2419.8757,2427.1969,10.9942,0.453,37047252.0,70596403.716
000016.SH,20240315,2427.1969,2417.5715,2430.5932,2409.6096,2423.8556,3.3413,0.1379,33007509.0,62673015.81
000016.SH,20240314,2423.8556,2431.7713,2446.8797,2415.0617,2427.5969,-3.7413,-0.1541,36882246.0,69775882.118
000016.SH,20240313,2427.5969,2445.7963,2445.7963,2419.4529,2450.4693,-22.8724,-0.9334,36948673.0,67424743.627
000016.SH,20240312,2450.4693,2443.2323,2458.9167,2436.0776,2443.1064,7.3629,0.3014,50577285.0,93341577.304
000016.SH,20240311,2443.1064,2426.7266,2443.1064,2418.3381,2426.1679,16.9385,0.6982,39152145.0,69559846.416
000016.SH,20240308,2426.1679,2423.135,2433.3334,2410.1477,2426.9732,-0.8053,-0.0332,34911257.0,57496304.19
000016.SH,20240307,2426.9732,2430.4238,2446.2954,2418.1278,2434.1156,-7.1424,-0.2934,38335786.0,67072865.441
000016.SH,20240306,2434.1156,2443.8508,2450.4323,2433.0701,2446.4173,-12.3017,-0.5028,38753975.0,62490715.898
000016.SH,20240305,2446.4173,2410.4615,2450.0554,2407.0507,2418.584,27.8333,1.1508,43956093.0,76817288.567
000016.SH,20240304,2418.584,2412.0795,2422.8165,2404.9222,2414.8439,3.7401,0.1549,40298113.0,71924712.167
000016.SH,20240301,2414.8439,2408.3023,2420.3783,2397.6398,2413.1361,1.7078,0.0708,34435007.0,60269510.717
000016.SH,20240229,2413.1361,2378.1383,2413.1361,2378.1383,2385.6099,27.5262,1.1538,35192528.0,63682017.901
000016.SH,20240228,2385.6099,2405.8777,2417.3257,2385.6099,2405.0609,-19.451,-0.8088,44763907.0,76575633.13
000016.SH,20240227,2405.0609,2383.1353,2405.0609,2381.5714,2393.5488,11.5121,0.481,33600960.0,57324528.048
000016.SH,20240226,2393.5488,2427.2297,2430.9726,2388.3927,2433.4073,-39.8585,-1.638,41328340.0,63298281.853
000016.SH,20240223,2433.4073,2431.8661,2447.7986,2424.1707,2433.0819,0.3254,0.0134,40063072.0,62572523.602
000016.SH,20240222,2433.0819,2403.8752,2433.2331,2403.0032,2410.2278,22.8541,0.9482,37555411.0,60050748.447
000016.SH,20240221,2410.2278,2359.1823,2439.2137,2355.402,2369.0834,41.1444,1.7367,50005382.0,86249269.224
000016.SH,20240220,2369.0834,2367.9194,2372.8633,2353.9675,2371.5483,-2.4649,-0.1039,37486079.0,60546151.372
000016.SH,20240219,2371.5483,2368.4482,2371.5483,2348.4059,2352.5775,18.9708,0.8064,52160225.0,78856898.581
000016.SH,20240208,2352.5775,2345.0777,2355.7709,2330.8277,2344.1508,8.4267,0.3595,50486201.0,79375433.558
000016.SH,20240207,2344.1508,2323.1248,2344.7943,2305.5136,2318.8418,25.309,1.0915,64784099.0,95430744.991
000016.SH,20240206,2318.8418,2250.1109,2321.448,2246.8163,2255.2809,63.5609,2.8183,58385076.0,88303224.387
000016.SH,20240205,2255.2809,2221.9449,2270.3732,2203.0744,2229.0142,26.2667,1.1784,59314022.0,87422810.341
000016.SH,20240202,2229.0142,2252.6543,2264.0558,2184.7721,2248.268,-19.2538,-0.8564,50637119.0,72601307.611
000016.SH,20240201,2248.268,2245.4753,2270.0677,2238.7127,2254.2994,-6.0314,-0.2676,39890138.0,59264044.17
000016.SH,20240131,2254.2994,2261.1181,2273.0952,2243.9041,2270.9789,-16.6795,-0.7345,42928757.0,63009280.531
000016.SH,20240130,2270.9789,2292.2206,2303.7181,2270.9789,2304.4364,-33.4575,-1.4519,43267598.0,61237732.36
000016.SH,20240129,2304.4364,2312.6973,2327.3609,2304.4364,2314.3741,-9.9377,-0.4294,59549043.0,77810107.3
000016.SH,20240126,2314.3741,2303.3217,2323.3507,2295.9615,2312.8544,1.5197,0.0657,58316299.0,73311459.4
000016.SH,20240125,2312.8544,2264.0223,2314.4959,2261.3723,2260.5575,52.2969,2.3135,61945377.0,79432204.3
000016.SH,20240124,2260.5575,2238.3319,2264.5205,2209.507,2226.3713,34.1862,1.5355,44198033.0,61986777.9
000016.SH,20240123,2226.3713,2220.4989,2239.6539,2204.3685,2230.6094,-4.2381,-0.19,34015311.0,54006326.8
000016.SH,20240122,2230.6094,2237.7734,2257.5892,2206.7644,2243.5396,-12.9302,-0.5763,44786209.0,70458296.8
000016.SH,20240119,2243.5396,2227.7329,2250.6113,2218.1739,2238.4588,5.0808,0.227,35865114.0,59477638.7
000016.SH,20240118,2238.4588,2191.8887,2242.3256,2163.8682,2199.2587,39.2001,1.7824,54944741.0,83092561.7
000016.SH,20240117,2199.2587,2241.0157,2242.6104,2199.2587,2248.975,-49.7163,-2.2106,30628292.0,51922838.4
000016.SH,20240116,2248.975,2231.8236,2249.051,2223.4372,2238.5029,10.4721,0.4678,28782237.0,46347948.3
000016.SH,20240115,2238.5029,2227.3616,2256.8001,2225.2362,2237.2073,1.2956,0.0579,23715095.0,39317045.0
000016.SH,20240112,2237.2073,2231.2855,2250.7314,2229.5887,2240.1061,-2.8988,-0.1294,25893778.0,39121731.4
000016.SH,20240111,2240.1061,2234.8184,2251.0754,2226.2781,2235.2089,4.8972,0.2191,30524425.0,45573502.9
000016.SH,20240110,2235.2089,2239.0296,2257.8543,2233.1811,2245.6219,-10.413,-0.4637,25713298.0,41868260.247
000016.SH,20240109,2245.6219,2243.4096,2251.5411,2234.9149,2243.8422,1.7797,0.0793,30269328.0,48702067.011
000016.SH,20240108,2243.8422,2265.2418,2272.0351,2240.5554,2268.5377,-24.6955,-1.0886,31500656.0,47632268.29
000016.SH,20240105,2268.5377,2272.9358,2295.6047,2256.598,2279.0361,-10.4984,-0.4607,35589372.0,51973252.609
000016.SH,20240104,2279.0361,2293.4576,2296.1151,2260.3536,2294.8357,-15.7996,-0.6885,32125788.0,48905527.79
000016.SH,20240103,2294.8357,2287.755,2299.6831,2283.5939,2292.2286,2.6071,0.1137,29314375.0,44217105.083
000016.SH,20240102,2292.2286,2316.4348,2316.735,2292.2286,2326.1732,-33.9446,-1.4592,31375477.0,50622406.22
000016.SH,20231229,2326.1732,2314.0684,2327.6771,2309.4266,2317.7033,8.4699,0.3654,30362343.0,51479708.787
000016.SH,20231228,2317.7033,2267.0558,2322.0485,2265.2335,2266.5441,51.1592,2.2571,42922566.0,69274073.668
000016.SH,20231227,2266.5441,2263.4871,2271.2325,2250.0149,2262.2095,4.3346,0.1916,26761125.0,37638308.14
000016.SH,20231226,2262.2095,2273.0451,2273.0451,2255.3525,2272.9578,-10.7483,-0.4729,19899127.0,30599004.037
000016.SH,20231225,2272.9578,2266.3922,2276.1257,2263.6031,2270.5018,2.456,0.1082,19434561.0,31479908.488
000016.SH,20231222,2270.5018,2262.1606,2282.7723,2251.4458,2261.3818,9.12,0.4033,29596181.0,45871264.375
000016.SH,20231221,2261.3818,2228.7701,2266.772,2227.9707,2237.5812,23.8006,1.0637,28726944.0,49033060.128
000016.SH,20231220,2237.5812,2253.6767,2258.494,2236.8759,2257.2098,-19.6286,-0.8696,24979420.0,37376223.9
000016.SH,20231219,2257.2098,2248.4528,2264.2936,2238.871,2251.2303,5.9795,0.2656,22119560.0,35256754.587
000016.SH,20231218,2251.2303,2237.0059,2260.3486,2227.9756,2245.2883,5.942,0.2646,25881915.0,37998035.487
000016.SH,20231215,2245.2883,2262.0374,2283.543,2244.8005,2249.9385,-4.6502,-0.2067,27458678.0,47439182.451
000016.SH,20231214,2249.9385,2274.2482,2280.8484,2249.389,2261.0183,-11.0798,-0.49,20626914.0,39752388.201
000016.SH,20231213,2261.0183,2298.2734,2298.2734,2260.5987,2305.138,-44.1197,-1.914,24866346.0,45559138.294
000016.SH,20231212,2305.138,2285.2072,2306.0435,2282.0889,2292.6788,12.4592,0.5434,28848714.0,42483203.292
000016.SH,20231211,2292.6788,2264.9938,2299.6627,2244.2812,2281.6486,11.0302,0.4834,35010082.0,56257627.751
000016.SH,20231208,2281.6486,2274.1843,2287.09,2269.2757,2274.8281,6.8205,0.2998,33512910.0,45212158.886
000016.SH,20231207,2274.8281,2280.0917,2284.9375,2259.8217,2284.0636,-9.2355,-0.4043,25959560.0,38119540.897
000016.SH,20231206,2284.0636,2281.7323,2298.295,2275.2818,2286.5809,-2.5173,-0.1101,30677731.0,41728776.593
000016.SH,20231205,2286.5809,2327.3356,2327.3356,2285.9628,2333.8788,-47.2979,-2.0266,25193874.0,42196912.811
000016.SH,20231204,2333.8788,2351.3111,2353.0,2332.849,2352.0003,-18.1215,-0.7705,23004550.0,38447058.076
000016.SH,20231201,2352.0003,2362.6263,2362.6263,2330.7389,2365.9963,-13.996,-0.5915,28357550.0,45326081.31
000016.SH,20231130,2365.9963,2358.2063,2370.949,2354.6865,2358.1163,7.88,0.3342,25642019.0,37341817.61
000016.SH,20231129,2358.1163,2374.0329,2374.3573,2351.1002,2371.212,-13.0957,-0.5523,25739104.0,38604709.47
000016.SH,20231128,2371.212,2368.9202,2374.968,2361.7417,2370.7186,0.4934,0.0208,20064514.0,32101797.71
000016.SH,20231127,2370.7186,2387.9822,2387.9822,2357.0895,2391.0208,-20.3022,-0.8491,26821001.0,40568738.453
000016.SH,20231124,2391.0208,2403.9218,2403.9218,2390.1672,2405.1654,-14.1446,-0.5881,20234203.0,29471977.497
000016.SH,20231123,2405.1654,2393.4946,2407.1978,2386.5753,2396.904,8.2614,0.3447,19801601.0,29966318.053
000016.SH,20231122,2396.904,2408.9768,2414.2358,2396.904,2416.241,-19.337,-0.8003,21724455.0,30301268.541
000016.SH,20231121,2416.241,2415.1327,2432.7708,2412.0053,2404.7673,11.4737,0.4771,26462616.0,42629214.174
000016.SH,20231120,2404.7673,2399.764,2413.3088,2383.5592,2398.2037,6.5636,0.2737,21238673.0,34814050.597
000016.SH,20231117,2398.2037,2396.5932,2401.7916,2379.3321,2404.3187,-6.115,-0.2543,22301093.0,33944865.47
000016.SH,20231116,2404.3187,2422.8485,2425.3029,2402.1079,2427.1241,-22.8054,-0.9396,22200157.0,33479906.673
000016.SH,20231115,2427.1241,2428.8202,2431.8253,2419.6361,2406.3969,20.7272,0.8613,24622131.0,43282231.776
000016.SH,20231114,2406.3969,2410.4772,2419.218,2397.1803,2407.5885,-1.1916,-0.0495,23421802.0,37907956.031
000016.SH,20231113,2407.5885,2415.9565,2421.1726,2396.306,2414.0167,-6.4282,-0.2663,23455482.0,37683961.41
000016.SH,20231110,2414.0167,2424.4922,2428.1184,2409.0447,2436.2349,-22.2182,-0.912,24477685.0,39070613.073
000016.SH,20231109,2436.2349,2428.508,2444.3506,2427.6412,2436.6983,-0.4634,-0.019,28423914.0,48916592.498
000016.SH,20231108,2436.6983,2436.8736,2448.8691,2426.1953,2443.9657,-7.2674,-0.2974,25416171.0,45724471.95
000016.SH,20231107,2443.9657,2450.2667,2450.3829,2436.3751,2456.7745,-12.8088,-0.5214,25409512.0,43645744.045
000016.SH,20231106,2456.7745,2452.8399,2460.7626,2443.391,2436.9411,19.8334,0.8139,39448493.0,63490178.327
000016.SH,20231103,2436.9411,2419.6868,2443.3006,2418.9187,2417.459,19.4821,0.8059,24430249.0,42330072.254
000016.SH,20231102,2417.459,2429.7186,2440.336,2416.6627,2420.7346,-3.2756,-0.1353,25313330.0,40772219.416
000016.SH,20231101,2420.7346,2456.3813,2456.3813,2416.6765,2411.4794,9.2552,0.3838,25950506.0,57125465.298
000016.SH,20231031,2411.4794,2409.8949,2416.5736,2400.2607,2414.1562,-2.6768,-0.1109,31393681.0,53329675.794
000016.SH,20231030,2414.1562,2406.9459,2420.9821,2403.2672,2414.9125,-0.7563,-0.0313,39706697.0,62284481.834
000016.SH,20231027,2414.9125,2383.989,2426.8005,2380.3353,2393.7344,21.1781,0.8847,31647536.0,56934794.165
000016.SH,20231026,2393.7344,2375.0391,2394.986,2372.5398,2386.3026,7.4318,0.3114,28462666.0,41362772.536
000016.SH,20231025,2386.3026,2402.7489,2408.8921,2383.1006,2378.4389,7.8637,0.3306,39991649.0,52062704.974
000016.SH,20231024,2378.4389,2374.8732,2382.7283,2355.5884,2369.9347,8.5042,0.3588,31452286.0,43320643.064
000016.SH,20231023,2369.9347,2380.3025,2390.8031,2351.4457,2389.2196,-19.2849,-0.8072,26469956.0,38190471.529
000016.SH,20231020,2389.2196,2394.6194,2402.7855,2379.7419,2401.9299,-12.7103,-0.5292,27929409.0,44439808.493
000016.SH,20231019,2401.9299,2450.1695,2450.1837,2400.1921,2467.1915,-65.2616,-2.6452,31149685.0,53932887.048
000016.SH,20231018,2467.1915,2471.5883,2478.681,2463.6584,2478.9047,-11.7132,-0.4725,24591894.0,35566080.452
000016.SH,20231017,2478.9047,2474.1244,2480.9358,2462.3699,2468.4363,10.4684,0.4241,23488548.0,35668258.928
000016.SH,20231016,2468.4363,2490.916,2491.6218,2461.3782,2489.1251,-20.6888,-0.8312,25080812.0,40453213.979
000016.SH,20231013,2489.1251,2495.147,2499.0652,2482.8858,2514.3904,-25.2653,-1.0048,25792374.0,39705090.266
000016.SH,20231012,2514.3904,2518.8323,2524.201,2504.3659,2490.855,23.5354,0.9449,33661372.0,46137733.403
000016.SH,20231011,2490.855,2497.5609,2502.6334,2486.3721,2482.5345,8.3205,0.3352,26372287.0,43693282.38
000016.SH,20231010,2482.5345,2510.5059,2513.8542,2481.3944,2499.5666,-17.0321,-0.6814,28702040.0,40996551.73
000016.SH,20231009,2499.5666,2497.4745,2504.0202,2474.8139,2507.0857,-7.5191,-0.2999,27608360.0,45052515.778
000016.SH,20230928,2507.0857,2530.2283,2531.0671,2504.2105,2520.1395,-13.0538,-0.518,24916691.0,41444247.962
000016.SH,20230927,2520.1395,2515.8197,2538.6839,2514.2311,2513.4072,6.7323,0.2679,27540832.0,46635013.457
000016.SH,20230926,2513.4072,2526.3517,2534.2034,2512.0273,2529.1496,-15.7424,-0.6224,23341964.0,33802411.628
000016.SH,20230925,2529.1496,2548.8881,2548.8881,2526.0677,2550.9827,-21.8331,-0.8559,25569881.0,41022034.524
000016.SH,20230922,2550.9827,2498.2434,2550.9827,2489.3225,2495.7393,55.2434,2.2135,32978575.0,53822484.498
000016.SH,20230921,2495.7393,2515.468,2519.9105,2495.7393,2521.562,-25.8227,-1.0241,23891417.0,35084379.139
000016.SH,20230920,2521.562,2527.7502,2529.0204,2519.1328,2532.2789,-10.7169,-0.4232,22882473.0,30949026.888
000016.SH,20230919,2532.2789,2529.4833,2533.7876,2517.3982,2531.8974,0.3815,0.0151,22940704.0,34756093.385
000016.SH,20230918,2531.8974,2509.1464,2532.429,2503.0212,2514.9794,16.918,0.6727,25420942.0,43600334.282
000016.SH,20230915,2514.9794,2538.2582,2546.423,2508.2388,2530.9791,-15.9997,-0.6322,33666399.0,53188347.631
000016.SH,20230914,2530.9791,2529.1927,2539.6722,2519.4023,2524.5413,6.4378,0.255,31215489.0,41657844.965
000016.SH,20230913,2524.5413,2536.3867,2543.1243,2510.0943,2531.8257,-7.2844,-0.2877,24199656.0,37205544.36
000016.SH,20230912,2531.8257,2533.5963,2538.69,2527.3367,2536.1714,-4.3457,-0.1713,20584905.0,31996953.374
000016.SH,20230911,2536.1714,2519.2958,2550.0086,2519.2958,2519.9694,16.202,0.6429,24454024.0,42516632.132
000016.SH,20230908,2519.9694,2527.4581,2529.8508,2512.4105,2534.1555,-14.1861,-0.5598,18042629.0,28609593.223
000016.SH,20230907,2534.1555,2552.363,2552.8568,2531.1017,2559.3574,-25.2019,-0.9847,25242432.0,40426844.367
000016.SH,20230906,2559.3574,2553.5942,2564.427,2544.6021,2561.7902,-2.4328,-0.095,23862054.0,41578603.692
000016.SH,20230905,2561.7902,2569.7582,2569.7582,2557.9667,2577.4651,-15.6749,-0.6082,26684673.0,47627591.859
000016.SH,20230904,2577.4651,2550.1716,2583.6651,2547.5922,2532.2541,45.211,1.7854,40656936.0,67613130.118
000016.SH,20230901,2532.2541,2520.6987,2544.0519,2520.6987,2510.4577,21.7964,0.8682,29082104.0,46333399.436
000016.SH,20230831,2510.4577,2526.6858,2532.1746,2505.8259,2522.5419,-12.0842,-0.479,29685202.0,46242837.373
000016.SH,20230830,2522.5419,2540.8405,2540.8405,2518.655,2529.2228,-6.6809,-0.2641,35817962.0,55190681.774
000016.SH,20230829,2529.2228,2512.3171,2546.686,2511.7912,2518.1857,11.0371,0.4383,39909534.0,64006134.47
000016.SH,20230828,2518.1857,2612.3112,2612.9783,2507.978,2485.3343,32.8514,1.3218,54527239.0,94406029.788
000016.SH,20230825,2485.3343,2468.7355,2502.1944,2466.5471,2480.7518,4.5825,0.1847,30085353.0,45300298.181
000016.SH,20230824,2480.7518,2468.3246,2497.1923,2466.8603,2461.1872,19.5646,0.7949,36665820.0,51892678.971
000016.SH,20230823,2461.1872,2491.368,2498.3189,2459.3279,2493.7638,-32.5766,-1.3063,29654617.0,43379265.151
000016.SH,20230822,2493.7638,2485.5578,2505.0268,2464.2796,2475.0897,18.6741,0.7545,41261520.0,58477808.003
000016.SH,20230821,2475.0897,2498.1276,2508.9589,2475.0897,2507.5798,-32.4901,-1.2957,28643647.0,47508877.684
000016.SH,20230818,2507.5798,2537.1357,2545.8023,2507.5798,2536.4891,-28.9093,-1.1397,26305781.0,44099171.462
000016.SH,20230817,2536.4891,2516.745,2540.5376,2507.9033,2530.8097,5.6794,0.2244,24783544.0,44195356.241
000016.SH,20230816,2530.8097,2533.9013,2549.9444,2529.4349,2546.442,-15.6323,-0.6139,25629806.0,44756946.069
000016.SH,20230815,2546.442,2550.9372,2556.0034,2522.2378,2549.2843,-2.8423,-0.1115,27888491.0,46065116.622
000016.SH,20230814,2549.2843,2538.8476,2554.3945,2526.0695,2568.8984,-19.6141,-0.7635,33544098.0,51938867.449
000016.SH,20230811,2568.8984,2630.9874,2631.8013,2568.8984,2629.4432,-60.5448,-2.3026,35996802.0,56193241.344
000016.SH,20230810,2629.4432,2623.7991,2632.5732,2609.8236,2628.7041,0.7391,0.0281,24628325.0,42538513.296
000016.SH,20230809,2628.7041,2623.1513,2638.0859,2622.0638,2631.3774,-2.6733,-0.1016,23987307.0,43024801.753
000016.SH,20230808,2631.3774,2625.6672,2646.5966,2610.8068,2634.5809,-3.2035,-0.1216,27366486.0,50836904.224
000016.SH,20230807,2634.5809,2635.7775,2636.6929,2622.674,2648.8447,-14.2638,-0.5385,31748609.0,55108582.243
000016.SH,20230804,2648.8447,2664.5865,2680.7437,2646.1524,2645.1526,3.6921,0.1396,48203634.0,84194647.953
000016.SH,20230803,2645.1526,2617.7909,2647.3594,2612.3989,2620.6844,24.4682,0.9337,34042304.0,63279356.036
000016.SH,20230802,2620.6844,2635.5453,2651.1836,2612.3457,2645.8929,-25.2085,-0.9527,37123029.0,56598618.438
000016.SH,20230801,2645.8929,2652.2365,2670.2477,2636.1522,2653.369,-7.4761,-0.2818,39178875.0,68052476.6
000016.SH,20230731,2653.369,2666.4857,2700.7393,2644.0947,2647.0315,6.3375,0.2394,51744806.0,99450613.4
000016.SH,20230728,2647.0315,2564.8738,2653.2579,2563.1555,2575.3646,71.6669,2.7828,48566528.0,86726876.2
000016.SH,20230727,2575.3646,2580.2428,2596.3259,2569.0985,2576.3902,-1.0256,-0.0398,29762572.0,49060162.845
000016.SH,20230726,2576.3902,2574.8065,2581.2533,2564.8874,2578.3511,-1.9609,-0.0761,26070635.0,44788260.4
000016.SH,20230725,2578.3511,2539.4846,2578.9601,2539.4846,2499.9998,78.3513,3.1341,40357653.0,79008147.71
000016.SH,20230724,2499.9998,2492.2164,2509.7773,2492.1859,2509.2927,-9.2929,-0.3703,19065789.0,34856260.188
000016.SH,20230721,2509.2927,2501.3999,2527.2801,2496.8134,2506.863,2.4297,0.0969,22413005.0,45052392.11
000016.SH,20230720,2506.863,2523.2684,2535.6087,2503.4795,2517.106,-10.243,-0.4069,24549000.0,42610044.495
000016.SH,20230719,2517.106,2506.4151,2518.9013,2503.3425,2511.6351,5.4709,0.2178,22119097.0,37415209.259
000016.SH,20230718,2511.6351,2520.6224,2520.6224,2503.5212,2520.7864,-9.1513,-0.363,26681996.0,39420796.447
000016.SH,20230717,2520.7864,2535.6389,2535.6389,2511.3565,2547.9393,-27.1529,-1.0657,31735395.0,42315771.385
000016.SH,20230714,2547.9393,2554.6419,2556.8487,2543.1841,2546.3809,1.5584,0.0612,36353195.0,53084177.594
000016.SH,20230713,2546.3809,2519.3819,2547.782,2519.3819,2513.417,32.9639,1.3115,34374789.0,62647470.869
000016.SH,20230712,2513.417,2516.6806,2529.5326,2510.1589,2518.5282,-5.1112,-0.2029,30323021.0,54934620.605
000016.SH,20230711,2518.5282,2513.7126,2521.0489,2504.2001,2503.2767,15.2515,0.6093,22815691.0,42603358.961
000016.SH,20230710,2503.2767,2501.5277,2520.1486,2495.8671,2489.5351,13.7416,0.552,24539131.0,49665437.57
000016.SH,20230707,2489.5351,2493.4877,2500.5787,2484.8914,2501.3167,-11.7816,-0.471,24025853.0,38938932.143
000016.SH,20230706,2501.3167,2513.4349,2525.5565,2495.9099,2520.1751,-18.8584,-0.7483,26487658.0,41017249.402
000016.SH,20230705,2520.1751,2533.1936,2537.1949,2514.0871,2537.5956,-17.4205,-0.6865,30813953.0,45550021.583
000016.SH,20230704,2537.5956,2532.5929,2539.818,2525.3805,2534.4735,3.1221,0.1232,31286966.0,52126055.072
000016.SH,20230703,2534.4735,2496.9222,2537.6938,2496.4289,2492.102,42.3715,1.7002,34624875.0,57132259.417
000016.SH,20230630,2492.102,2484.6471,2508.2453,2482.486,2490.8971,1.2049,0.0484,24104247.0,42135282.856
000016.SH,20230629,2490.8971,2510.8894,2513.5512,2490.6374,2510.7153,-19.8182,-0.7893,24269593.0,43022267.369
000016.SH,20230628,2510.7153,2501.1627,2511.6156,2491.2549,2506.5991,4.1162,0.1642,27910636.0,45695510.039
000016.SH,20230627,2506.5991,2490.9775,2513.9844,2481.7467,2488.7383,17.8608,0.7177,32448209.0,46624060.192
000016.SH,20230626,2488.7383,2500.8549,2503.1134,2482.6065,2519.0787,-30.3404,-1.2044,31879471.0,50260727.995
000016.SH,20230621,2519.0787,2536.951,2548.9254,2519.0787,2547.2541,-28.1754,-1.1061,32391757.0,51235420.03
000016.SH,20230620,2547.2541,2558.0983,2564.5449,2544.0476,2560.5289,-13.2748,-0.5184,28713670.0,48101831.19
000016.SH,20230619,2560.5289,2591.3342,2591.3342,2556.8878,2600.9191,-40.3902,-1.5529,36473350.0,60383661.948
000016.SH,20230616,2600.9191,2581.9668,2604.6346,2581.7748,2576.7424,24.1767,0.9383,35861299.0,67728823.524
000016.SH,20230615,2576.7424,2547.4931,2576.7424,2546.2124,2541.8134,34.929,1.3742,32520795.0,64384484.181
000016.SH,20230614,2541.8134,2549.6657,2564.3415,2540.5795,2544.9504,-3.137,-0.1233,33883066.0,57839059.906
000016.SH,20230613,2544.9504,2535.9888,2547.8509,2523.9744,2542.1962,2.7542,0.1083,29331674.0,47244641.394
000016.SH,20230612,2542.1962,2536.3759,2553.9938,2524.3125,2543.9316,-1.7354,-0.0682,36235161.0,57420125.818
000016.SH,20230609,2543.9316,2541.0262,2550.5863,2536.1848,2540.0645,3.8671,0.1522,29638600.0,52027286.215
000016.SH,20230608,2540.0645,2512.4493,2549.3237,2504.102,2511.3925,28.672,1.1417,29033281.0,45311134.329
000016.SH,20230607,2511.3925,2528.8509,2537.2271,2506.1967,2519.1892,-7.7967,-0.3095,23479390.0,40035750.701
000016.SH,20230606,2519.1892,2528.1705,2560.0558,2516.4746,2528.399,-9.2098,-0.3643,30830596.0,50565080.231
000016.SH,20230605,2528.399,2540.0193,2542.4772,2522.7081,2543.5764,-15.1774,-0.5967,29734417.0,44621275.711
000016.SH,20230602,2543.5764,2511.6887,2547.0939,2511.3326,2500.3396,43.2368,1.7292,30418231.0,54465744.727
000016.SH,20230601,2500.3396,2487.7614,2522.8573,2487.7614,2493.3496,6.99,0.2803,32490221.0,53669168.85
000016.SH,20230531,2493.3496,2524.7852,2525.1126,2485.8561,2535.1442,-41.7946,-1.6486,30754858.0,58844502.207
000016.SH,20230530,2535.1442,2546.1668,2553.9492,2508.2903,2548.2861,-13.1419,-0.5157,31874037.0,54485696.512
000016.SH,20230529,2548.2861,2565.5919,2566.8331,2536.9964,2559.6142,-11.3281,-0.4426,29439821.0,50638253.492
000016.SH,20230526,2559.6142,2562.548,2569.2254,2536.2635,2564.5045,-4.8903,-0.1907,24048616.0,42981691.427
000016.SH,20230525,2564.5045,2567.4484,2572.1883,2544.2705,2577.3423,-12.8378,-0.4981,31772049.0,51886473.422
000016.SH,20230524,2577.3423,2615.5652,2615.5652,2576.8258,2617.5398,-40.1975,-1.5357,36912434.0,56122423.125
000016.SH,20230523,2617.5398,2657.9211,2662.3855,2617.5398,2658.7887,-41.2489,-1.5514,30513962.0,50037096.912
000016.SH,20230522,2658.7887,2630.1073,2669.2264,2628.7565,2633.3861,25.4026,0.9646,28098533.0,55198914.724
000016.SH,20230519,2633.3861,2632.5883,2649.6908,2614.9581,2644.2176,-10.8315,-0.4096,29813860.0,51202780.896
000016.SH,20230518,2644.2176,2653.0093,2665.2793,2634.6059,2649.3562,-5.1386,-0.194,31967361.0,48796865.06
000016.SH,20230517,2649.3562,2666.0391,2673.0214,2642.6288,2670.4505,-21.0943,-0.7899,26249927.0,47819960.946
000016.SH,20230516,2670.4505,2681.3948,2685.575,2661.9544,2677.0372,-6.5867,-0.246,33879998.0,57784756.971
000016.SH,20230515,2677.0372,2628.4618,2677.2604,2619.5569,2630.9479,46.0893,1.7518,44553216.0,67150859.705
000016.SH,20230512,2630.9479,2662.8029,2668.8824,2630.2864,2666.0615,-35.1136,-1.3171,34912863.0,56724792.987
000016.SH,20230511,2666.0615,2682.3779,2688.6895,2663.5412,2673.9063,-7.8448,-0.2934,32992010.0,54214783.13
000016.SH,20230510,2673.9063,2698.7661,2706.2038,2669.7263,2703.937,-30.0307,-1.1106,54524777.0,76887282.421
000016.SH,20230509,2703.937,2723.1877,2751.438,2702.7691,2720.323,-16.386,-0.6024,68807967.0,104858706.975
000016.SH,20230508,2720.323,2694.5675,2727.7333,2685.523,2685.1732,35.1498,1.309,63882547.0,94656572.711
000016.SH,20230505,2685.1732,2698.5897,2706.3267,2672.0302,2692.691,-7.5178,-0.2792,46797694.0,75424995.923
000016.SH,20230504,2692.691,2663.4516,2696.5906,2654.2284,2677.7565,14.9345,0.5577,54055929.0,88583481.681
000016.SH,20230428,2677.7565,2653.1382,2683.4703,2653.1382,2650.5699,27.1866,1.0257,40548779.0,82332978.554
000016.SH,20230427,2650.5699,2618.4568,2658.7764,2612.9221,2617.9775,32.5924,1.2449,36174826.0,74638147.867
000016.SH,20230426,2617.9775,2614.9585,2627.5774,2605.1814,2619.2326,-1.2551,-0.0479,36961348.0,64329820.445
000016.SH,20230425,2619.2326,2621.0217,2629.7292,2596.5617,2618.4783,0.7543,0.0288,39516242.0,67135749.46
000016.SH,20230424,2618.4783,2655.0845,2656.6731,2611.3807,2654.211,-35.7327,-1.3463,37410502.0,67028083.974
000016.SH,20230421,2654.211,2703.4001,2703.4001,2652.2641,2704.8577,-50.6467,-1.8724,37325688.0,69157559.71
000016.SH,20230420,2704.8577,2718.238,2721.1954,2693.256,2720.718,-15.8603,-0.5829,35867167.0,65781603.356
000016.SH,20230419,2720.718,2746.0632,2746.0632,2716.7521,2744.4539,-23.7359,-0.8649,32903094.0,62163506.624
000016.SH,20230418,2744.4539,2724.4934,2753.8109,2722.6137,2732.974,11.4799,0.4201,39615955.0,75979082.504
000016.SH,20230417,2732.974,2680.6263,2732.974,2678.1353,2679.0072,53.9668,2.0144,45366139.0,84844709.067
000016.SH,20230414,2679.0072,2679.1314,2692.4626,2668.8137,2670.0139,8.9933,0.3368,30896338.0,67304123.994
000016.SH,20230413,2670.0139,2659.9407,2675.0005,2652.9579,2665.7695,4.2444,0.1592,36099587.0,69859214.876
000016.SH,20230412,2665.7695,2684.0538,2684.4443,2663.2018,2680.0435,-14.274,-0.5326,34962726.0,71006118.018
000016.SH,20230411,2680.0435,2690.6257,2694.3158,2671.9476,2684.9086,-4.8651,-0.1812,34114834.0,70196813.749
000016.SH,20230410,2684.9086,2690.4303,2690.4303,2671.516,2684.8618,0.0468,0.0017,32266430.0,69540603.031
000016.SH,20230407,2684.8618,2667.1443,2692.5089,2663.6127,2666.4478,18.414,0.6906,24161042.0,55779749.487
000016.SH,20230406,2666.4478,2668.1306,2672.7238,2659.9086,2675.9173,-9.4695,-0.3539,29605541.0,58470388.254
000016.SH,20230404,2675.9173,2668.4018,2676.0598,2657.857,2665.7232,10.1941,0.3824,39497343.0,70301301.531
000016.SH,20230403,2665.7232,2667.1835,2673.6616,2655.0702,2661.9197,3.8035,0.1429,35269835.0,68174474.904
000016.SH,20230331,2661.9197,2670.9476,2681.8156,2657.7651,2664.2119,-2.2922,-0.086,28888859.0,56414431.747
000016.SH,20230330,2664.2119,2639.3611,2665.3433,2628.1042,2636.2229,27.989,1.0617,33612471.0,59176791.713
000016.SH,20230329,2636.2229,2655.4057,2658.1325,2632.8401,2638.7377,-2.5148,-0.0953,26888679.0,47430708.932
000016.SH,20230328,2638.7377,2646.9812,2653.5654,2633.9206,2639.6226,-0.8849,-0.0335,27215781.0,47612516.053
000016.SH,20230327,2639.6226,2652.7927,2652.7927,2626.5813,2653.285,-13.6624,-0.5149,34045359.0,56455183.677
000016.SH,20230324,2653.285,2664.532,2664.532,2648.3445,2668.6691,-15.3841,-0.5765,30711612.0,53508170.882
000016.SH,20230323,2668.6691,2641.8178,2668.6691,2641.071,2651.5343,17.1348,0.6462,28767182.0,53563266.211
000016.SH,20230322,2651.5343,2652.712,2666.696,2643.1249,2643.3583,8.176,0.3093,26143513.0,48176487.986
000016.SH,20230321,2643.3583,2623.5778,2648.0513,2622.8472,2616.7505,26.6078,1.0168,31161690.0,53834171.809
000016.SH,20230320,2616.7505,2632.248,2644.8329,2614.2766,2628.5911,-11.8406,-0.4505,42916078.0,62406257.915
000016.SH,20230317,2628.5911,2644.9526,2672.29,2620.4325,2622.8232,5.7679,0.2199,43717732.0,68652979.539
000016.SH,20230316,2622.8232,2627.038,2647.5322,2621.7241,2648.3852,-25.562,-0.9652,39478516.0,57371205.148
000016.SH,20230315,2648.3852,2666.9444,2674.0844,2647.9599,2645.1143,3.2709,0.1237,33345926.0,49841531.099
000016.SH,20230314,2645.1143,2658.2807,2658.2807,2627.0001,2664.0378,-18.9235,-0.7103,33042266.0,54832229.454
000016.SH,20230313,2664.0378,2637.8206,2672.0069,2637.7136,2636.3891,27.6487,1.0487,34164329.0,53757120.805
000016.SH,20230310,2636.3891,2648.8073,2667.9598,2636.0125,2671.8434,-35.4543,-1.327,28778692.0,47519703.177
000016.SH,20230309,2671.8434,2694.1527,2697.2503,2660.6192,2691.9327,-20.0893,-0.7463,27251214.0,47063041.503
000016.SH,20230308,2691.9327,2698.5899,2699.8763,2679.1697,2713.1681,-21.2354,-0.7827,29539308.0,47688685.083
000016.SH,20230307,2713.1681,2741.7908,2761.3515,2711.25,2744.1406,-30.9725,-1.1287,55146111.0,73443730.822
000016.SH,20230306,2744.1406,2773.2724,2774.0032,2734.9611,2774.5079,-30.3673,-1.0945,38301675.0,67238922.936
000016.SH,20230303,2774.5079,2778.8926,2784.1253,2757.686,2769.1077,5.4002,0.195,40428992.0,53308630.783
000016.SH,20230302,2769.1077,2766.0779,2782.7906,2762.1135,2773.6494,-4.5417,-0.1637,33747752.0,52817037.672
000016.SH,20230301,2773.6494,2736.0497,2783.3229,2729.8039,2737.1547,36.4947,1.3333,35893952.0,59859898.942
000016.SH,20230228,2737.1547,2730.5193,2740.224,2703.2617,2723.5835,13.5712,0.4983,24170896.0,45601510.423
000016.SH,20230227,2723.5835,2713.425,2738.12,2712.7882,2727.5902,-4.0067,-0.1469,22288276.0,44925779.261
000016.SH,20230224,2727.5902,2762.79,2764.6483,2722.179,2767.5352,-39.945,-1.4433,25062085.0,49608201.967
000016.SH,20230223,2767.5352,2770.7154,2790.8863,2757.4858,2769.344,-1.8088,-0.0653,23120961.0,49463966.83
000016.SH,20230222,2769.344,2786.7187,2795.2446,2766.3587,2802.1357,-32.7917,-1.1702,21310123.0,45344054.801
000016.SH,20230221,2802.1357,2785.9941,2805.7146,2779.1772,2788.3958,13.7399,0.4928,35587226.0,63800608.94
000016.SH,20230220,2788.3958,2720.0472,2790.9807,2717.5014,2714.2891,74.1067,2.7302,38545666.0,70567258.808
000016.SH,20230217,2714.2891,2737.0106,2759.5249,2712.5023,2742.8042,-28.5151,-1.0396,27014083.0,52873770.382
000016.SH,20230216,2742.8042,2754.9507,2787.1561,2725.8385,2752.3385,-9.5343,-0.3464,32593974.0,64225693.018
000016.SH,20230215,2752.3385,2776.0144,2780.5931,2746.2808,2776.9822,-24.6437,-0.8874,23919067.0,48613527.296
000016.SH,20230214,2776.9822,2770.2442,2776.9822,2760.5923,2767.7933,9.1889,0.332,22294840.0,49531533.948
000016.SH,20230213,2767.7933,2739.717,2772.0452,2733.2075,2746.7231,21.0702,0.7671,30104364.0,63989468.953
000016.SH,20230210,2746.7231,2757.5304,2757.5304,2738.6123,2761.872,-15.1489,-0.5485,18510167.0,40747626.268
000016.SH,20230209,2761.872,2725.2019,2765.6239,2723.5612,2731.2516,30.6204,1.1211,19825081.0,48791468.328
000016.SH,20230208,2731.2516,2744.4896,2758.0379,2727.7726,2740.4446,-9.193,-0.3355,20115261.0,38028487.516
000016.SH,20230207,2740.4446,2744.6958,2752.7858,2730.8293,2735.0045,5.4401,0.1989,20708210.0,42790863.179
000016.SH,20230206,2735.0045,2744.7003,2744.7003,2716.7278,2774.8009,-39.7964,-1.4342,26304300.0,59654757.748
000016.SH,20230203,2774.8009,2795.1088,2795.1088,2753.0579,2811.8468,-37.0459,-1.3175,31007460.0,65413067.444
000016.SH,20230202,2811.8468,2828.5306,2828.5306,2798.352,2820.8742,-9.0274,-0.32,34064475.0,70794092.706
000016.SH,20230201,2820.8742,2819.1796,2820.8742,2780.8873,2807.9519,12.9223,0.4602,37555987.0,71988315.699
000016.SH,20230131,2807.9519,2842.5178,2853.8989,2804.9786,2839.1216,-31.1697,-1.0979,30032900.0,67183034.548
000016.SH,20230130,2839.1216,2895.3546,2895.3546,2835.6529,2836.807,2.3146,0.0816,42026518.0,91628151.042
000016.SH,20230120,2836.807,2831.6823,2847.3134,2822.6899,2820.8067,16.0003,0.5672,34410546.0,64327252.941
000016.SH,20230119,2820.8067,2807.5616,2823.1142,2786.0806,2810.086,10.7207,0.3815,23936652.0,56070795.481
000016.SH,20230118,2810.086,2829.7861,2838.8313,2807.5464,2827.0272,-16.9412,-0.5993,20562468.0,46976558.79
000016.SH,20230117,2827.0272,2833.7402,2837.5922,2813.7194,2834.2913,-7.2641,-0.2563,24969526.0,58394050.935
000016.SH,20230116,2834.2913,2789.8713,2864.8788,2787.9527,2787.3561,46.9352,1.6839,39276584.0,93451912.969
000016.SH,20230113,2787.3561,2751.5819,2787.3561,2747.3642,2741.9454,45.4107,1.6561,24652015.0,56444142.488
000016.SH,20230112,2741.9454,2749.6944,2752.1164,2732.8253,2740.1927,1.7527,0.064,22257903.0,47888079.187
000016.SH,20230111,2740.1927,2739.9372,2760.0972,2733.4293,2733.6188,6.5739,0.2405,24748045.0,54746699.631
000016.SH,20230110,2733.6188,2742.6969,2748.637,2731.8243,2742.2014,-8.5826,-0.313,24212915.0,55251392.672
000016.SH,20230109,2742.2014,2730.9952,2747.6106,2722.1459,2713.6307,28.5707,1.0529,29682897.0,61358496.788
000016.SH,20230106,2713.6307,2704.2375,2721.9279,2698.9087,2700.3082,13.3225,0.4934,28367259.0,61190293.595
000016.SH,20230105,2700.3082,2670.4576,2705.7388,2668.1451,2651.005,49.3032,1.8598,27714894.0,65754233.548
000016.SH,20230104,2651.005,2644.291,2659.5351,2637.716,2641.4218,9.5832,0.3628,28065521.0,51793840.04
000016.SH,20230103,2641.4218,2628.6723,2645.9915,2603.7234,2635.2484,6.1734,0.2343,30230100.0,54746966.089
000016.SH,20221230,2635.2484,2633.1636,2648.4051,2631.8491,2622.0716,13.1768,0.5025,23889757.0,41838275.441
000016.SH,20221229,2622.0716,2622.1933,2627.431,2605.0487,2638.3055,-16.2339,-0.6153,22776667.0,41251495.769
000016.SH,20221228,2638.3055,2629.9846,2646.7069,2620.1185,2632.4526,5.8529,0.2223,23171189.0,41656655.888
000016.SH,20221227,2632.4526,2623.1749,2640.7395,2616.9293,2607.5229,24.9297,0.9561,21814661.0,39852708.568
000016.SH,20221226,2607.5229,2617.1819,2625.8838,2604.8991,2615.8794,-8.3565,-0.3195,19812417.0,41566451.976
000016.SH,20221223,2615.8794,2602.4119,2628.3855,2595.8489,2619.7569,-3.8775,-0.148,15929014.0,34443192.589
000016.SH,20221222,2619.7569,2632.2018,2645.7296,2608.4367,2607.4236,12.3333,0.473,21069503.0,45768048.894
000016.SH,20221221,2607.4236,2608.8688,2617.9243,2602.606,2599.4882,7.9354,0.3053,15738830.0,33738171.083
000016.SH,20221220,2599.4882,2636.0792,2640.0108,2580.872,2646.1789,-46.6907,-1.7645,21723971.0,47284907.221
000016.SH,20221219,2646.1789,2688.1195,2696.9325,2635.1891,2688.2899,-42.111,-1.5665,26354633.0,47877355.233
000016.SH,20221216,2688.2899,2662.4808,2691.1936,2662.4808,2675.1875,13.1024,0.4898,24961068.0,50701982.504
000016.SH,20221215,2675.1875,2689.5721,2697.4182,2661.8522,2686.3682,-11.1807,-0.4162,23159163.0,48382939.707
000016.SH,20221214,2686.3682,2678.4681,2698.0146,2663.7844,2676.8995,9.4687,0.3537,25966933.0,56047969.412
000016.SH,20221213,2676.8995,2673.5365,2688.2171,2668.4835,2673.9391,2.9604,0.1107,28521298.0,49921377.425
000016.SH,20221212,2673.9391,2689.5717,2700.3954,2670.2031,2706.7388,-32.7997,-1.2118,31632079.0,64882716.797
000016.SH,20221209,2706.7388,2676.7142,2712.8839,2663.6036,2672.8957,33.8431,1.2662,38346283.0,73826523.189
000016.SH,20221208,2672.8957,2667.3587,2681.6534,2661.7511,2670.647,2.2487,0.0842,26334919.0,51241277.298
000016.SH,20221207,2670.647,2678.6369,2705.2434,2661.2477,2684.8458,-14.1988,-0.5288,34532578.0,64178141.479
000016.SH,20221206,2684.8458,2663.1118,2704.9033,2658.1602,2676.1429,8.7029,0.3252,36256033.0,70740334.376
000016.SH,20221205,2676.1429,2647.458,2676.418,2635.7472,2614.6137,61.5292,2.3533,54629803.0,84809079.075
000016.SH,20221202,2614.6137,2628.1079,2630.2603,2609.5117,2631.2051,-16.5914,-0.6306,29314794.0,55063832.762
000016.SH,20221201,2631.2051,2661.1768,2678.3411,2629.8902,2606.5427,24.6624,0.9462,44157533.0,83723221.531
000016.SH,20221130,2606.5427,2595.2327,2623.853,2593.5134,2607.7499,-1.2072,-0.0463,40555440.0,67717735.918
000016.SH,20221129,2607.7499,2538.6091,2611.7521,2538.6091,2503.6228,104.1271,4.1591,49083250.0,91604848.925
000016.SH,20221128,2503.6228,2489.4675,2507.7789,2458.8724,2544.6147,-40.9919,-1.6109,32774737.0,57721467.125
000016.SH,20221125,2544.6147,2518.8762,2554.5373,2512.8756,2520.5634,24.0513,0.9542,41295288.0,53724596.407
000016.SH,20221124,2520.5634,2550.2969,2562.0764,2517.1841,2535.5226,-14.9592,-0.59,22319192.0,38922995.229
000016.SH,20221123,2535.5226,2524.1846,2554.7554,2520.8263,2531.3437,4.1789,0.1651,35963861.0,52465863.181
000016.SH,20221122,2531.3437,2516.6952,2555.7855,2508.8613,2514.8539,16.4898,0.6557,37295381.0,56544106.186
000016.SH,20221121,2514.8539,2523.0529,2523.0529,2489.4373,2546.7154,-31.8615,-1.2511,25530779.0,54296498.027
000016.SH,20221118,2546.7154,2563.2714,2572.7102,2544.8447,2560.0167,-13.3013,-0.5196,28456962.0,55593763.72
000016.SH,20221117,2560.0167,2566.2824,2569.4265,2531.3025,2572.8872,-12.8705,-0.5002,27483703.0,61556087.51
000016.SH,20221116,2572.8872,2581.9333,2595.2952,2568.3842,2583.7231,-10.8359,-0.4194,28836155.0,64419185.592
000016.SH,20221115,2583.7231,2535.2782,2594.2712,2526.6194,2538.2967,45.4264,1.7896,36580901.0,78909146.343
000016.SH,20221114,2538.2967,2550.9736,2577.2013,2532.5507,2518.0491,20.2476,0.8041,50342000.0,94228472.128
000016.SH,20221111,2518.0491,2511.7787,2546.0871,2482.1134,2440.3171,77.732,3.1853,61500881.0,104649174.524
000016.SH,20221110,2440.3171,2422.0105,2451.4669,2414.3513,2440.352,-0.0349,-0.0014,38204021.0,50215591.799
000016.SH,20221109,2440.352,2460.2399,2470.4065,2435.0189,2459.0913,-18.7393,-0.762,25125325.0,45243206.192
000016.SH,20221108,2459.0913,2476.6525,2482.5779,2442.9232,2477.7666,-18.6753,-0.7537,27299352.0,51556848.177
000016.SH,20221107,2477.7666,2452.0053,2490.3197,2449.6301,2468.2764,9.4902,0.3845,40441961.0,71757131.755
000016.SH,20221104,2468.2764,2383.9618,2479.2279,2383.9618,2387.4523,80.8241,3.3854,40622068.0,87029322.475
000016.SH,20221103,2387.4523,2396.47,2409.1435,2376.0735,2418.3222,-30.8699,-1.2765,28652756.0,61043266.278
000016.SH,20221102,2418.3222,2385.7075,2437.951,2375.5076,2396.6294,21.6928,0.9051,42290890.0,87715382.806
000016.SH,20221101,2396.6294,2306.4347,2396.9974,2306.4347,2295.9239,100.7055,4.3863,50098867.0,96914775.551
000016.SH,20221031,2295.9239,2300.8835,2327.0632,2288.0114,2326.9417,-31.0178,-1.333,41520625.0,75891431.117
000016.SH,20221028,2326.9417,2364.7518,2377.9124,2322.6434,2381.2628,-54.3211,-2.2812,32458223.0,70729706.619
000016.SH,20221027,2381.2628,2413.0208,2432.1529,2379.0569,2400.5156,-19.2528,-0.802,35517252.0,75410992.38
000016.SH,20221026,2400.5156,2395.8709,2438.6929,2392.7353,2394.92,5.5956,0.2336,36580109.0,69180872.442
000016.SH,20221025,2394.92,2386.8489,2427.3229,2376.1633,2392.5978,2.3222,0.0971,28439409.0,63865287.492
000016.SH,20221024,2392.5978,2468.6977,2493.0591,2386.5384,2487.221,-94.6232,-3.8044,39801915.0,89357086.119
000016.SH,20221021,2487.221,2503.1087,2510.5974,2473.1982,2501.4956,-14.2746,-0.5706,27251549.0,52814977.871
000016.SH,20221020,2501.4956,2495.0223,2535.3871,2494.2851,2519.9033,-18.4077,-0.7305,23833182.0,56851849.474
000016.SH,20221019,2519.9033,2562.5446,2572.3044,2519.9033,2569.9675,-50.0642,-1.948,21590683.0,52542101.694
000016.SH,20221018,2569.9675,2594.7001,2598.2129,2565.0407,2585.4973,-15.5298,-0.6007,20975050.0,46231590.303
000016.SH,20221017,2585.4973,2572.6092,2588.344,2561.2441,2584.6847,0.8126,0.0314,26826742.0,57829756.65
000016.SH,20221014,2584.6847,2544.2413,2599.1414,2541.3815,2523.6321,61.0526,2.4192,33449619.0,73266105.639
000016.SH,20221013,2523.6321,2534.5129,2541.1571,2517.435,2555.024,-31.3919,-1.2286,28627223.0,61241425.856
000016.SH,20221012,2555.024,2537.8069,2556.5164,2482.5511,2539.9455,15.0785,0.5937,28635606.0,59094755.213
000016.SH,20221011,2539.9455,2552.1656,2553.2117,2532.2839,2545.0494,-5.1039,-0.2005,24216496.0,42992647.471
000016.SH,20221010,2545.0494,2610.7571,2611.0459,2542.0063,2610.1165,-65.0671,-2.4929,33718358.0,59795586.075
000016.SH,20220930,2610.1165,2618.0789,2631.7758,2604.9274,2608.9774,1.1391,0.0437,23244464.0,43646943.525
000016.SH,20220929,2608.9774,2633.0681,2644.0747,2596.9578,2611.9815,-3.0041,-0.115,25969017.0,52847177.039
000016.SH,20220928,2611.9815,2635.2559,2637.0155,2608.6405,2642.9212,-30.9397,-1.1707,24732086.0,47725104.166
000016.SH,20220927,2642.9212,2616.0501,2645.7366,2605.2407,2614.8998,28.0214,1.0716,26144970.0,50215186.025
000016.SH,20220926,2614.8998,2612.6673,2650.2542,2611.5292,2629.8089,-14.9091,-0.5669,34384533.0,55792674.826
000016.SH,20220923,2629.8089,2625.2488,2649.8066,2618.9402,2629.3701,0.4388,0.0167,30277934.0,46355758.355
000016.SH,20220922,2629.3701,2631.9968,2645.5662,2621.8224,2652.2142,-22.8441,-0.8613,24229236.0,43456028.548
000016.SH,20220921,2652.2142,2667.168,2670.0647,2641.7189,2673.8804,-21.6662,-0.8103,23960147.0,45605600.042
000016.SH,20220920,2673.8804,2688.1681,2691.5533,2666.6566,2679.5857,-5.7053,-0.2129,23751394.0,43436818.58
000016.SH,20220919,2679.5857,2677.3329,2695.4014,2669.087,2678.0331,1.5526,0.058,27260379.0,46974619.309
000016.SH,20220916,2678.0331,2731.9648,2738.6483,2678.0331,2743.7886,-65.7555,-2.3965,38441774.0,65500196.089
000016.SH,20220915,2743.7886,2753.1287,2769.4571,2728.8354,2745.4284,-1.6398,-0.0597,33698861.0,65224694.912
000016.SH,20220914,2745.4284,2734.91,2760.4016,2732.7832,2769.2348,-23.8064,-0.8597,24848499.0,46151277.066
000016.SH,20220913,2769.2348,2769.4104,2781.3967,2751.0927,2757.5659,11.6689,0.4232,29928992.0,62467591.904
000016.SH,20220909,2757.5659,2719.0141,2763.1682,2710.7661,2708.2782,49.2877,1.8199,32485640.0,66848160.232
000016.SH,20220908,2708.2782,2714.0277,2725.2493,2707.4661,2710.6862,-2.408,-0.0888,24209022.0,45568624.387
000016.SH,20220907,2710.6862,2709.7667,2718.1716,2703.0843,2724.498,-13.8118,-0.5069,23454754.0,52204053.022
000016.SH,20220906,2724.498,2706.0966,2726.7159,2703.9982,2697.7665,26.7315,0.9909,29124448.0,59350157.193
000016.SH,20220905,2697.7665,2700.1077,2706.9588,2676.6046,2711.2642,-13.4977,-0.4978,24938690.0,53553637.428
000016.SH,20220902,2711.2642,2737.1969,2740.663,2698.3276,2732.399,-21.1348,-0.7735,22781335.0,46293973.683
000016.SH,20220901,2732.399,2750.0334,2757.8794,2731.6963,2761.7831,-29.3841,-1.064,25422479.0,53892302.705
000016.SH,20220831,2761.7831,2713.2938,2779.6158,2713.2938,2726.6602,35.1229,1.2881,39886395.0,84495695.146
000016.SH,20220830,2726.6602,2731.9805,2741.5952,2705.0459,2732.2055,-5.5453,-0.203,25930522.0,49973839.747
000016.SH,20220829,2732.2055,2721.8592,2736.5962,2718.9674,2751.5894,-19.3839,-0.7045,24890507.0,49337708.448
000016.SH,20220826,2751.5894,2758.507,2763.6428,2745.5172,2752.556,-0.9666,-0.0351,26031347.0,59152883.354
000016.SH,20220825,2752.556,2715.6384,2756.9393,2707.4573,2708.0902,44.4658,1.642,31964009.0,66906946.066
000016.SH,20220824,2708.0902,2738.3837,2750.8719,2706.1522,2735.666,-27.5758,-1.008,30925306.0,64735398.628
000016.SH,20220823,2735.666,2754.6338,2759.6859,2727.7383,2756.3688,-20.7028,-0.7511,24908538.0,62558926.317
000016.SH,20220822,2756.3688,2737.3986,2767.2776,2736.1311,2750.6305,5.7383,0.2086,29128136.0,69087912.887
000016.SH,20220819,2750.6305,2755.0871,2772.2248,2750.063,2759.2944,-8.6639,-0.314,28186658.0,65239909.719
000016.SH,20220818,2759.2944,2778.1255,2783.7582,2751.4818,2785.8529,-26.5585,-0.9533,22583132.0,51799985.787
000016.SH,20220817,2785.8529,2773.3874,2791.7069,2751.0168,2769.2609,16.592,0.5991,28030548.0,54766826.776
000016.SH,20220816,2769.2609,2785.9414,2793.2692,2764.6563,2782.666,-13.4051,-0.4817,23477494.0,55102694.411
000016.SH,20220815,2782.666,2787.5077,2811.2371,2779.6263,2796.8887,-14.2227,-0.5085,26458290.0,55591479.15
000016.SH,20220812,2796.8887,2780.0481,2802.5757,2774.9649,2787.0631,9.8256,0.3525,26662477.0,54831015.036
000016.SH,20220811,2787.0631,2744.6807,2787.3653,2737.8752,2730.9608,56.1023,2.0543,29472385.0,66652794.99
000016.SH,20220810,2730.9608,2762.3643,2770.498,2719.6085,2764.068,-33.1072,-1.1978,22936910.0,53349296.02
000016.SH,20220809,2764.068,2760.2361,2769.7297,2752.4868,2761.1571,2.9109,0.1054,21903695.0,51085166.304
000016.SH,20220808,2761.1571,2762.316,2771.3566,2751.3649,2774.3351,-13.178,-0.475,23846182.0,54567025.15
000016.SH,20220805,2774.3351,2748.649,2777.1068,2738.1418,2741.0872,33.2479,1.2129,28242294.0,62341987.756
000016.SH,20220804,2741.0872,2724.8043,2743.6151,2717.7852,2710.7238,30.3634,1.1201,26974489.0,61032417.157
000016.SH,20220803,2710.7238,2735.1587,2755.6793,2705.9495,2730.7553,-20.0315,-0.7336,30843803.0,69889917.972
000016.SH,20220802,2730.7553,2757.1929,2757.1929,2705.7303,2781.6822,-50.9269,-1.8308,38548568.0,72447651.73
000016.SH,20220801,2781.6822,2785.6929,2794.1793,2763.5804,2792.3287,-10.6465,-0.3813,28003765.0,59876353.755
000016.SH,20220729,2792.3287,2827.4744,2849.2474,2784.5712,2827.1067,-34.778,-1.2302,33568668.0,67290565.443
000016.SH,20220728,2827.1067,2839.2535,2861.5193,2826.5348,2829.9217,-2.815,-0.0995,28466460.0,64358462.646
000016.SH,20220727,2829.9217,2847.0085,2847.8566,2825.6163,2854.6387,-24.717,-0.8659,22851265.0,54040051.16
000016.SH,20220726,2854.6387,2845.1395,2864.462,2843.0027,2837.2596,17.3791,0.6125,25431635.0,54799248.822
000016.SH,20220725,2837.2596,2846.8323,2846.9779,2829.2361,2848.436,-11.1764,-0.3924,21598772.0,46782168.201
000016.SH,20220722,2848.436,2845.9245,2869.3621,2828.6452,2836.6615,11.7745,0.4151,27685924.0,58284600.844
000016.SH,20220721,2836.6615,2862.8668,2866.3135,2836.2365,2874.0775,-37.416,-1.3018,31975666.0,59544814.678
000016.SH,20220720,2874.0775,2883.5151,2887.9394,2867.5907,2865.6029,8.4746,0.2957,25435960.0,54309122.279
000016.SH,20220719,2865.6029,2876.3168,2876.4039,2839.0566,2878.6393,-13.0364,-0.4529,31837183.0,60686230.006
000016.SH,20220718,2878.6393,2849.9879,2880.7514,2826.1258,2839.3936,39.2457,1.3822,37044128.0,73808619.626
000016.SH,20220715,2839.3936,2873.8149,2912.3201,2839.3936,2895.299,-55.9054,-1.9309,46688478.0,87698249.403
000016.SH,20220714,2895.299,2906.481,2916.1832,2882.5708,2914.2949,-18.9959,-0.6518,47853249.0,84992875.731
000016.SH,20220713,2914.2949,2918.3473,2930.3893,2902.6638,2922.0045,-7.7096,-0.2638,41584475.0,74213608.922
000016.SH,20220712,2922.0045,2942.5193,2953.7038,2910.4511,2942.2959,-20.2914,-0.6896,38270400.0,74996181.537
000016.SH,20220711,2942.2959,2974.3586,2974.3586,2930.1034,2993.3063,-51.0104,-1.7041,44212391.0,82810321.481
000016.SH,20220708,2993.3063,3012.8817,3022.3479,2992.6274,2989.2081,4.0982,0.1371,34455297.0,77736661.889
000016.SH,20220707,2989.2081,2994.3623,3005.0045,2968.3475,2996.7279,-7.5198,-0.2509,36006411.0,79829716.764
000016.SH,20220706,2996.7279,3041.4895,3041.4895,2979.3304,3052.1113,-55.3834,-1.8146,44206693.0,94508528.37
000016.SH,20220705,3052.1113,3058.4295,3078.3979,3018.1923,3050.1516,1.9597,0.0642,45992567.0,99185306.872
000016.SH,20220704,3050.1516,3031.0597,3051.0556,3011.3324,3045.2687,4.8829,0.1603,40903798.0,97466331.431
000016.SH,20220701,3045.2687,3066.5852,3072.8545,3033.5987,3058.3976,-13.1289,-0.4293,45684763.0,87637031.321
000016.SH,20220630,3058.3976,3001.8126,3085.2215,3001.8126,3009.2359,49.1617,1.6337,43874919.0,100136520.415
000016.SH,20220629,3009.2359,3029.3837,3050.4512,3001.278,3039.4133,-30.1774,-0.9929,50725385.0,101279709.916
000016.SH,20220628,3039.4133,3012.6224,3044.5444,2991.5418,3013.948,25.4653,0.8449,54792326.0,100324931.233
000016.SH,20220627,3013.948,2991.1018,3034.6857,2991.1018,2974.7537,39.1943,1.3176,61419225.0,114054583.959
000016.SH,20220624,2974.7537,2945.289,2983.6114,2944.1919,2935.8829,38.8708,1.324,63000143.0,108034464.024
000016.SH,20220623,2935.8829,2896.7226,2936.6437,2896.7226,2892.2861,43.5968,1.5073,62859404.0,92505278.987
000016.SH,20220622,2892.2861,2932.0561,2932.0561,2890.7589,2926.475,-34.1889,-1.1683,56598161.0,84084549.921
000016.SH,20220621,2926.475,2924.1463,2945.6986,2902.3778,2924.9151,1.5599,0.0533,55889183.0,90988264.209
000016.SH,20220620,2924.9151,2935.2231,2951.0654,2904.3833,2936.1999,-11.2848,-0.3843,45610418.0,92728618.368
000016.SH,20220617,2936.1999,2876.5108,2943.3241,2876.5108,2891.3354,44.8645,1.5517,40393929.0,93115676.928
000016.SH,20220616,2891.3354,2927.1608,2936.468,2888.7351,2923.9889,-32.6535,-1.1167,47081868.0,90668012.027
000016.SH,20220615,2923.9889,2882.1512,2971.36,2882.1512,2882.7031,41.2858,1.4322,67945052.0,135234883.007
000016.SH,20220614,2882.7031,2814.8173,2884.4656,2808.9799,2844.7236,37.9795,1.3351,49868702.0,91875995.211
000016.SH,20220613,2844.7236,2862.9035,2868.6212,2826.9814,2899.5785,-54.8549,-1.8918,47424830.0,92932463.407
000016.SH,20220610,2899.5785,2843.5811,2902.4751,2836.8552,2868.4236,31.1549,1.0861,43608837.0,85845353.718
000016.SH,20220609,2868.4236,2877.8819,2896.7447,2857.8239,2879.3113,-10.8877,-0.3781,39319631.0,77278266.443
000016.SH,20220608,2879.3113,2857.694,2888.6679,2849.2613,2846.8098,32.5015,1.1417,35299288.0,83463850.125
000016.SH,20220607,2846.8098,2828.163,2863.1425,2819.8154,2825.6505,21.1593,0.7488,36678863.0,85956204.437
000016.SH,20220606,2825.6505,2792.4402,2826.5955,2762.9566,2790.3164,35.3341,1.2663,43391368.0,86762898.392
000016.SH,20220602,2790.3164,2786.0797,2794.0982,2776.7279,2798.0681,-7.7517,-0.277,25268373.0,55769768.213
000016.SH,20220601,2798.0681,2811.1526,2812.7834,2783.6065,2813.2188,-15.1507,-0.5386,26244837.0,54013740.629
000016.SH,20220531,2813.2188,2780.5604,2817.4901,2769.5632,2778.4507,34.7681,1.2513,32518688.0,73083530.185
000016.SH,20220530,2778.4507,2777.8494,2788.9799,2767.0871,2763.0717,15.379,0.5566,27674307.0,58589673.119
000016.SH,20220527,2763.0717,2766.3198,2789.2377,2753.7784,2744.8984,18.1733,0.6621,29185247.0,61031891.544
000016.SH,20220526,2744.8984,2749.9854,2760.7973,2717.7447,2743.4166,1.4818,0.054,28441444.0,60605725.557
000016.SH,20220525,2743.4166,2737.6447,2749.072,2727.4861,2734.1923,9.2243,0.3374,23772738.0,48795937.347
000016.SH,20220524,2734.1923,2784.6535,2786.5419,2733.6971,2782.5478,-48.3555,-1.7378,32609850.0,63833541.67
000016.SH,20220523,2782.5478,2813.9332,2813.9332,2769.7012,2807.942,-25.3942,-0.9044,28488753.0,59978039.685
000016.SH,20220520,2807.942,2759.8347,2807.9793,2759.8347,2744.545,63.397,2.3099,34667621.0,76403794.245
000016.SH,20220519,2744.545,2711.4537,2748.3028,2708.8135,2745.5279,-0.9829,-0.0358,25978539.0,58086722.427
000016.SH,20220518,2745.5279,2765.2755,2765.2755,2720.9187,2756.74,-11.2121,-0.4067,25319083.0,57059042.669
000016.SH,20220517,2756.74,2730.4226,2756.74,2723.6979,2720.4055,36.3345,1.3356,28362394.0,55606152.698
000016.SH,20220516,2720.4055,2764.3861,2765.8978,2710.5698,2748.2369,-27.8314,-1.0127,27278739.0,54678309.504
000016.SH,20220513,2748.2369,2741.7711,2760.431,2729.5751,2721.7699,26.467,0.9724,27262977.0,52374083.114
000016.SH,20220512,2721.7699,2723.409,2740.5156,2711.3488,2741.2324,-19.4625,-0.71,25835635.0,52554276.01
000016.SH,20220511,2741.2324,2714.6817,2769.4796,2713.8649,2718.3706,22.8618,0.841,38132220.0,77871952.394
000016.SH,20220510,2718.3706,2653.9917,2733.1061,2644.8689,2695.1325,23.2381,0.8622,34330161.0,66196819.956
000016.SH,20220509,2695.1325,2706.4171,2716.6576,2679.309,2719.7611,-24.6286,-0.9055,21893335.0,46285228.094
000016.SH,20220506,2719.7611,2754.9706,2760.4371,2716.1654,2800.9291,-81.168,-2.8979,27479846.0,54914660.843
000016.SH,20220505,2800.9291,2806.0436,2824.5401,2799.7222,2805.3359,-4.4068,-0.1571,35231760.0,71507439.498
000016.SH,20220429,2805.3359,2772.9461,2820.5527,2742.9722,2769.7122,35.6237,1.2862,41414875.0,83134127.843
000016.SH,20220428,2769.7122,2725.6322,2775.0621,2722.2376,2734.5403,35.1719,1.2862,37834530.0,77001420.429
000016.SH,20220427,2734.5403,2674.4553,2737.0325,2674.1795,2681.0281,53.5122,1.996,42085861.0,85463827.421
000016.SH,20220426,2681.0281,2685.274,2729.187,2667.913,2683.4127,-2.3846,-0.0889,40300799.0,80852212.966
000016.SH,20220425,2683.4127,2750.5552,2772.551,2682.5191,2814.1273,-130.7146,-4.6449,44285813.0,87101766.429
000016.SH,20220422,2814.1273,2773.3676,2826.681,2769.6735,2797.5293,16.598,0.5933,30841685.0,59024176.537
000016.SH,20220421,2797.5293,2821.3586,2848.8249,2784.5575,2835.3517,-37.8224,-1.334,32855480.0,64105129.329
000016.SH,20220420,2835.3517,2859.6043,2868.5693,2828.2113,2861.567,-26.2153,-0.9161,29268541.0,60404471.813
000016.SH,20220419,2861.567,2881.9007,2899.2609,2843.6485,2887.7208,-26.1538,-0.9057,28428423.0,63257133.223
000016.SH,20220418,2887.7208,2902.4437,2902.4437,2875.9617,2930.5784,-42.8576,-1.4624,29100859.0,62253363.625
000016.SH,20220415,2930.5784,2911.1385,2943.6011,2908.5561,2928.5962,1.9822,0.0677,29589595.0,58519092.006
000016.SH,20220414,2928.5962,2905.7734,2947.4534,2897.0544,2882.2788,46.3174,1.607,28667727.0,65368581.614
000016.SH,20220413,2882.2788,2881.7352,2914.2016,2871.0549,2894.2583,-11.9795,-0.4139,31148190.0,62928747.305
000016.SH,20220412,2894.2583,2854.2871,2895.5311,2827.6321,2846.38,47.8783,1.6821,33993926.0,70111643.831
000016.SH,20220411,2846.38,2908.5416,2908.5416,2839.5621,2925.4913,-79.1113,-2.7042,35918823.0,74714647.533
000016.SH,20220408,2925.4913,2903.2396,2929.891,2889.1975,2902.4818,23.0095,0.7928,36235320.0,66120327.788
000016.SH,20220407,2902.4818,2916.8031,2943.2449,2896.7293,2931.1983,-28.7165,-0.9797,32822742.0,60185214.217
000016.SH,20220406,2931.1983,2918.5034,2941.0537,2910.0186,2943.2437,-12.0454,-0.4093,43394908.0,80799494.558
000016.SH,20220401,2943.2437,2886.3607,2954.5094,2877.0654,2898.8261,44.4176,1.5323,33968847.0,75259308.676
000016.SH,20220331,2898.8261,2901.0743,2915.5146,2892.105,2915.4906,-16.6645,-0.5716,33168180.0,67509866.427
000016.SH,20220330,2915.4906,2864.241,2915.4906,2861.5462,2842.1531,73.3375,2.5804,34005232.0,76393786.218
000016.SH,20220329,2842.1531,2854.8023,2873.6111,2837.6965,2853.1819,-11.0288,-0.3865,23659055.0,55581348.741
000016.SH,20220328,2853.1819,2817.2602,2866.0665,2798.6997,2856.4277,-3.2458,-0.1136,32136239.0,66834019.807
000016.SH,20220325,2856.4277,2898.4911,2910.9168,2855.3287,2903.617,-47.1893,-1.6252,26769999.0,62089361.442
000016.SH,20220324,2903.617,2898.1436,2918.3029,2885.3722,2916.5081,-12.8911,-0.442,27733927.0,65734831.411
000016.SH,20220323,2916.5081,2908.9653,2928.4431,2890.4901,2900.7676,15.7405,0.5426,30046700.0,70411808.376
000016.SH,20220322,2900.7676,2893.5691,2921.7274,2885.0153,2892.1069,8.6607,0.2995,30745210.0,63919626.341
000016.SH,20220321,2892.1069,2919.2616,2919.2616,2868.3956,2913.1854,-21.0785,-0.7236,30484657.0,70316061.153
000016.SH,20220318,2913.1854,2869.7011,2925.7235,2853.7733,2877.2192,35.9662,1.25,41302996.0,84518471.799
000016.SH,20220317,2877.2192,2888.2367,2918.5357,2861.244,2827.7497,49.4695,1.7494,43227263.0,108677039.185
000016.SH,20220316,2827.7497,2746.1498,2836.8464,2688.695,2702.8532,124.8965,4.6209,48116574.0,108689747.856
000016.SH,20220315,2702.8532,2808.725,2825.55,2702.8532,2851.8769,-149.0237,-5.2255,52158420.0,106705027.039
000016.SH,20220314,2851.8769,2889.8347,2920.7093,2851.8575,2935.684,-83.8071,-2.8548,32374054.0,79324420.62
000016.SH,20220311,2935.684,2897.3427,2944.2497,2852.7886,2933.4611,2.2229,0.0758,36457746.0,81836077.738
000016.SH,20220310,2933.4611,2969.485,2973.6103,2931.0881,2907.1781,26.283,0.9041,34223800.0,83598077.05
000016.SH,20220309,2907.1781,2949.333,2965.5657,2809.9933,2933.1637,-25.9856,-0.8859,47271918.0,97616288.978
000016.SH,20220308,2933.1637,2983.0484,3005.556,2920.9692,2974.6762,-41.5125,-1.3955,41055611.0,88323419.669
000016.SH,20220307,2974.6762,3042.0158,3042.0158,2965.2208,3062.3824,-87.7062,-2.864,42658437.0,88830290.514
000016.SH,20220304,3062.3824,3068.3984,3079.4668,3052.6858,3097.0887,-34.7063,-1.1206,30916750.0,67800941.533
000016.SH,20220303,3097.0887,3117.6482,3124.8919,3090.1975,3107.2405,-10.1518,-0.3267,37055877.0,66863790.194
000016.SH,20220302,3107.2405,3108.62,3113.3488,3097.8903,3125.6905,-18.45,-0.5903,27745652.0,56242651.609
000016.SH,20220301,3125.6905,3093.9299,3129.2565,3093.9299,3080.7774,44.9131,1.4578,27637981.0,69462495.964
000016.SH,20220228,3080.7774,3069.0995,3081.3569,3049.557,3075.5872,5.1902,0.1688,30665369.0,65695577.617
000016.SH,20220225,3075.5872,3076.8047,3104.865,3068.1847,3059.6409,15.9463,0.5212,35633018.0,72606029.671
000016.SH,20220224,3059.6409,3098.1408,3104.699,3038.3537,3118.0376,-58.3967,-1.8729,47071850.0,97426137.102
000016.SH,20220223,3118.0376,3108.9033,3120.3431,3094.2068,3102.3249,15.7127,0.5065,29689006.0,64515388.934
000016.SH,20220222,3102.3249,3122.04,3122.2941,3082.387,3144.8649,-42.54,-1.3527,31556389.0,69347750.369
000016.SH,20220221,3144.8649,3155.3175,3155.8816,3128.5851,3162.8215,-17.9566,-0.5677,26359310.0,48939841.235
000016.SH,20220218,3162.8215,3126.2777,3162.8215,3121.954,3139.1771,23.6444,0.7532,23878993.0,49797086.744
000016.SH,20220217,3139.1771,3138.7704,3156.8652,3132.0947,3136.0821,3.095,0.0987,25461095.0,55771500.274
000016.SH,20220216,3136.0821,3134.8826,3150.8568,3129.0405,3119.9276,16.1545,0.5178,24834963.0,54215137.342
000016.SH,20220215,3119.9276,3101.3643,3126.4234,3097.0829,3103.997,15.9306,0.5132,29313438.0,67952249.287
000016.SH,20220214,3103.997,3131.3937,3131.8409,3093.6424,3142.9117,-38.9147,-1.2382,38925745.0,77244847.318
000016.SH,20220211,3142.9117,3133.7956,3172.0862,3130.6942,3145.1126,-2.2009,-0.07,43597711.0,94112951.336
000016.SH,20220210,3145.1126,3145.3284,3146.9643,3125.1126,3139.5636,5.549,0.1767,36505632.0,76576786.933
000016.SH,20220209,3139.5636,3118.969,3148.2303,3110.882,3116.5048,23.0588,0.7399,39144403.0,75034841.758
000016.SH,20220208,3116.5048,3107.8857,3118.5815,3061.2242,3114.2603,2.2445,0.0721,40365312.0,75551474.145
000016.SH,20220207,3114.2603,3102.6201,3129.1928,3096.6882,3054.0209,60.2394,1.9725,36475097.0,75016344.045
000016.SH,20220128,3054.0209,3127.1756,3140.2909,3048.3257,3119.2386,-65.2177,-2.0908,33555305.0,78774552.914
000016.SH,20220127,3119.2386,3168.1353,3168.7617,3115.8577,3163.6743,-44.4357,-1.4046,31101442.0,74072802.636
000016.SH,20220126,3163.6743,3156.6496,3169.529,3126.5452,3144.949,18.7253,0.5954,24181727.0,59873017.033
000016.SH,20220125,3144.949,3192.1213,3198.1138,3144.7259,3209.7445,-64.7955,-2.0187,30310006.0,66217331.535
000016.SH,20220124,3209.7445,3204.1785,3218.9767,3185.5225,3218.7352,-8.9907,-0.2793,28274229.0,63984544.626
000016.SH,20220121,3218.7352,3227.2023,3234.4671,3202.7321,3233.7011,-14.9659,-0.4628,32332709.0,80402355.159
000016.SH,20220120,3233.7011,3188.1377,3251.2226,3187.6052,3187.1921,46.509,1.4592,40261127.0,84699615.089
000016.SH,20220119,3187.1921,3194.9189,3201.9402,3172.2633,3187.5244,-0.3323,-0.0104,30991267.0,68467492.152
000016.SH,20220118,3187.5244,3147.8455,3198.4731,3137.112,3147.6987,39.8257,1.2652,35057294.0,73685209.243
000016.SH,20220117,3147.6987,3139.4109,3159.188,3134.0754,3139.0453,8.6534,0.2757,27036085.0,67786628.305
000016.SH,20220114,3139.0453,3173.8485,3173.8485,3136.9924,3184.1069,-45.0616,-1.4152,34517032.0,73162063.371
000016.SH,20220113,3184.1069,3243.0468,3247.8173,3182.8465,3236.3081,-52.2012,-1.613,34782304.0,77551956.562
000016.SH,20220112,3236.3081,3220.1944,3244.2281,3211.2802,3214.5287,21.7794,0.6775,32441693.0,72452769.562
000016.SH,20220111,3214.5287,3229.459,3247.904,3210.4032,3236.1163,-21.5876,-0.6671,30666420.0,72886959.332
000016.SH,20220110,3236.1163,3217.3451,3237.2168,3197.8997,3223.267,12.8493,0.3986,33382804.0,75572955.257
000016.SH,20220107,3223.267,3213.2642,3240.7428,3213.2642,3210.3853,12.8817,0.4013,40694724.0,84494627.946
000016.SH,20220106,3210.3853,3242.5327,3251.1167,3194.9538,3254.2793,-43.894,-1.3488,31730403.0,85538373.3
000016.SH,20220105,3254.2793,3259.2059,3289.1578,3244.2134,3264.0657,-9.7864,-0.2998,37064050.0,92853893.505
000016.SH,20220104,3264.0657,3277.6652,3281.74,3224.3399,3274.3209,-10.2552,-0.3132,29982637.0,82422020.904
000016.SH,20211231,3274.3209,3269.6113,3282.6803,3261.8361,3261.7937,12.5272,0.3841,20549961.0,65632149.495
000016.SH,20211230,3261.7937,3240.2631,3276.9987,3236.1588,3240.8452,20.9485,0.6464,22285032.0,70057607.9
000016.SH,20211229,3240.8452,3308.2134,3308.2313,3240.8452,3303.4002,-62.555,-1.8937,20098541.0,72426728.874
000016.SH,20211228,3303.4002,3282.5996,3307.7885,3280.2656,3278.4365,24.9637,0.7615,26002262.0,71780778.58
000016.SH,20211227,3278.4365,3286.111,3291.9785,3264.0233,3290.2357,-11.7992,-0.3586,19675636.0,60256738.09
000016.SH,20211224,3290.2357,3293.3011,3306.9093,3278.2016,3287.1877,3.048,0.0927,21806184.0,69008555.575
000016.SH,20211223,3287.1877,3265.7065,3287.1877,3246.2353,3260.5711,26.6166,0.8163,21417726.0,58960283.554
000016.SH,20211222,3260.5711,3280.6942,3287.7557,3257.0121,3273.0313,-12.4602,-0.3807,22342857.0,57344382.497
000016.SH,20211221,3273.0313,3253.2868,3277.3716,3251.9567,3255.3515,17.6798,0.5431,24536741.0,60773736.044
000016.SH,20211220,3255.3515,3264.098,3294.1326,3247.3008,3278.8985,-23.547,-0.7181,27848485.0,74088922.755
000016.SH,20211217,3278.8985,3321.6691,3330.2307,3278.1157,3330.8561,-51.9576,-1.5599,26333767.0,80561225.749
000016.SH,20211216,3330.8561,3312.701,3330.8561,3304.5313,3318.9801,11.876,0.3578,25337358.0,76775716.003
000016.SH,20211215,3318.9801,3340.7493,3359.6739,3318.4086,3350.4973,-31.5172,-0.9407,24821807.0,69106741.828
000016.SH,20211214,3350.4973,3353.0296,3364.5176,3342.1208,3366.0678,-15.5705,-0.4626,31469833.0,83756119.301
000016.SH,20211213,3366.0678,3391.6223,3428.7376,3363.6875,3353.6302,12.4376,0.3709,39748705.0,117272649.774
000016.SH,20211210,3353.6302,3339.2392,3353.6302,3332.9864,3360.1836,-6.5534,-0.195,39390678.0,96470045.967
000016.SH,20211209,3360.1836,3312.3332,3393.1608,3309.9498,3304.708,55.4756,1.6787,42556313.0,119308179.951
000016.SH,20211208,3304.708,3263.2584,3306.9731,3247.3261,3254.4994,50.2086,1.5427,32746658.0,94746328.236
000016.SH,20211207,3254.4994,3255.5554,3262.0849,3237.1585,3228.1422,26.3572,0.8165,37783743.0,92537336.253
000016.SH,20211206,3228.1422,3234.4305,3257.1878,3223.2093,3221.4223,6.7199,0.2086,35412743.0,92818439.924
000016.SH,20211203,3221.4223,3191.1742,3221.4223,3191.1742,3190.8718,30.5505,0.9574,27269079.0,86537208.757
000016.SH,20211202,3190.8718,3179.9886,3198.0314,3169.0232,3180.418,10.4538,0.3287,27417737.0,72571925.166
000016.SH,20211201,3180.418,3166.6133,3182.3822,3165.6966,3165.3496,15.0684,0.476,25004135.0,70578360.999
000016.SH,20211130,3165.3496,3186.2535,3196.0387,3153.6311,3187.0485,-21.6989,-0.6808,23419282.0,65049777.553
000016.SH,20211129,3187.0485,3170.6945,3188.112,3163.9637,3187.3579,-0.3094,-0.0097,27180793.0,77384945.184
000016.SH,20211126,3187.3579,3213.6307,3214.0464,3181.1425,3218.0514,-30.6935,-0.9538,23036568.0,65474273.714
000016.SH,20211125,3218.0514,3233.2599,3236.2624,3212.7325,3231.8354,-13.784,-0.4265,21010526.0,69084175.138
000016.SH,20211124,3231.8354,3226.0202,3247.775,3214.0857,3224.1546,7.6808,0.2382,23210253.0,75120283.719
000016.SH,20211123,3224.1546,3206.9401,3237.6494,3206.4252,3212.1514,12.0032,0.3737,26481812.0,75921745.772
000016.SH,20211122,3212.1514,3217.332,3228.2901,3209.4223,3212.9077,-0.7563,-0.0235,26257286.0,77758721.551
000016.SH,20211119,3212.9077,3170.7885,3217.8163,3168.3044,3173.3758,39.5319,1.2457,25709578.0,66031330.369
000016.SH,20211118,3173.3758,3199.2102,3199.2102,3164.6959,3208.7759,-35.4001,-1.1032,20042182.0,57447229.907
000016.SH,20211117,3208.7759,3217.1047,3226.1051,3202.5644,3222.1731,-13.3972,-0.4158,19800824.0,59776231.965
000016.SH,20211116,3222.1731,3222.507,3243.4458,3212.205,3221.6866,0.4865,0.0151,24241403.0,71548199.908
000016.SH,20211115,3221.6866,3228.0207,3241.9178,3209.4844,3220.5481,1.1385,0.0354,22204240.0,65744966.192
000016.SH,20211112,3220.5481,3239.3489,3241.127,3213.753,3233.3702,-12.8221,-0.3966,25764312.0,67566360.296
000016.SH,20211111,3233.3702,3169.0128,3233.5877,3164.944,3170.4046,62.9656,1.986,38061822.0,94025018.503
000016.SH,20211110,3170.4046,3177.6107,3182.2582,3125.2921,3186.9577,-16.5531,-0.5194,30851773.0,87500519.498
000016.SH,20211109,3186.9577,3206.2911,3214.8897,3172.0866,3196.2701,-9.3124,-0.2914,23635068.0,70903287.086
000016.SH,20211108,3196.2701,3198.69,3214.3288,3185.9442,3201.5462,-5.2761,-0.1648,25773103.0,72409457.293
000016.SH,20211105,3201.5462,3197.6121,3229.9701,3189.6824,3207.2639,-5.7177,-0.1783,26449688.0,79645793.791
000016.SH,20211104,3207.2639,3194.4739,3216.2261,3187.9546,3181.4505,25.8134,0.8114,26635008.0,85388667.902
000016.SH,20211103,3181.4505,3207.7371,3220.3388,3173.3292,3212.0258,-30.5753,-0.9519,27260387.0,86124218.591
000016.SH,20211102,3212.0258,3245.0374,3267.7623,3187.3545,3250.915,-38.8892,-1.1963,39744123.0,113771086.923
000016.SH,20211101,3250.915,3239.8888,3262.4894,3223.8687,3267.2491,-16.3341,-0.4999,33431443.0,103293962.067
000016.SH,20211029,3267.2491,3241.9123,3267.2491,3239.0829,3239.6104,27.6387,0.8531,34774751.0,112865620.381
000016.SH,20211028,3239.6104,3240.5385,3252.7283,3223.7201,3247.0966,-7.4862,-0.2306,29924020.0,82682436.343
000016.SH,20211027,3247.0966,3282.2645,3282.2645,3236.1459,3290.0363,-42.9397,-1.3051,28044936.0,74466498.441
000016.SH,20211026,3290.0363,3312.3042,3327.6587,3285.2347,3312.3031,-22.2668,-0.6722,25983454.0,70015060.674
000016.SH,20211025,3312.3031,3295.2473,3316.5691,3284.8889,3318.1275,-5.8244,-0.1755,28346014.0,78967148.164
000016.SH,20211022,3318.1275,3287.9324,3336.729,3282.8754,3278.5419,39.5856,1.2074,31297662.0,82354711.603
000016.SH,20211021,3278.5419,3256.6054,3294.0513,3253.5718,3254.9981,23.5438,0.7233,31306807.0,80653499.404
000016.SH,20211020,3254.9981,3264.4728,3282.5714,3242.1018,3256.668,-1.6699,-0.0513,27584823.0,76961875.576
000016.SH,20211019,3256.668,3227.0068,3265.5138,3226.0728,3229.6313,27.0367,0.8371,29127225.0,80170176.708
000016.SH,20211018,3229.6313,3289.3212,3289.3212,3213.2438,3294.8333,-65.202,-1.9789,32433512.0,88584336.055
000016.SH,20211015,3294.8333,3258.5684,3301.1532,3251.0965,3270.692,24.1413,0.7381,32619203.0,80569854.309
000016.SH,20211014,3270.692,3289.9812,3301.9076,3264.2541,3292.7624,-22.0704,-0.6703,24111632.0,63778174.433
000016.SH,20211013,3292.7624,3257.3966,3307.2252,3243.6126,3259.3796,33.3828,1.0242,28778537.0,78683318.978
000016.SH,20211012,3259.3796,3266.0205,3280.0645,3232.3241,3276.4071,-17.0275,-0.5197,34983371.0,81094814.902
000016.SH,20211011,3276.4071,3264.7216,3318.1451,3263.161,3256.2613,20.1458,0.6187,38422532.0,95035077.686
000016.SH,20211008,3256.2613,3229.0693,3263.9333,3215.5576,3196.9905,59.2708,1.854,38923108.0,105047467.733
000016.SH,20210930,3196.9905,3202.0167,3213.5594,3189.1804,3199.2259,-2.2354,-0.0699,29698160.0,73844961.582
000016.SH,20210929,3199.2259,3186.1208,3222.2782,3160.3911,3211.1538,-11.9279,-0.3715,40812165.0,85329533.518
000016.SH,20210928,3211.1538,3197.0375,3224.5663,3173.8472,3199.9747,11.1791,0.3493,38105903.0,84585292.056
000016.SH,20210927,3199.9747,3162.4282,3218.8821,3162.4282,3145.112,54.8627,1.7444,42293473.0,120661641.94
000016.SH,20210924,3145.112,3120.4268,3173.0535,3120.4268,3127.8207,17.2913,0.5528,35382733.0,93509684.068
000016.SH,20210923,3127.8207,3135.7478,3159.9672,3116.561,3122.3371,5.4836,0.1756,37797740.0,84987192.401
000016.SH,20210922,3122.3371,3100.3896,3129.7769,3096.0324,3161.9221,-39.585,-1.2519,40581640.0,80978356.554
000016.SH,20210917,3161.9221,3117.9287,3162.0534,3110.0317,3128.5886,33.3335,1.0654,40028694.0,93805311.025
000016.SH,20210916,3128.5886,3145.4391,3157.8992,3113.0368,3146.6337,-18.0451,-0.5735,45526374.0,98193984.014
000016.SH,20210915,3146.6337,3180.5492,3180.5492,3130.9675,3188.2607,-41.627,-1.3056,42821339.0,95115448.625
000016.SH,20210914,3188.2607,3243.6766,3257.6223,3182.2036,3242.0364,-53.7757,-1.6587,56925569.0,114505873.859
000016.SH,20210913,3242.0364,3246.8584,3271.1042,3222.2206,3252.3246,-10.2882,-0.3163,51461737.0,115847174.559
000016.SH,20210910,3252.3246,3203.0586,3268.7289,3201.7377,3204.2782,48.0464,1.4994,61465350.0,127873392.36
000016.SH,20210909,3204.2782,3195.9879,3208.6322,3183.214,3213.2567,-8.9785,-0.2794,52355073.0,100706224.857
000016.SH,20210908,3213.2567,3240.997,3254.0987,3203.2785,3248.0524,-34.7957,-1.0713,42063100.0,100152058.565
000016.SH,20210907,3248.0524,3210.2688,3259.9217,3192.0191,3211.198,36.8544,1.1477,46185446.0,106266037.308
000016.SH,20210906,3211.198,3175.8824,3228.9484,3166.6157,3175.8791,35.3189,1.1121,45755312.0,124124424.984
000016.SH,20210903,3175.8791,3172.4982,3203.3179,3137.8794,3167.0972,8.7819,0.2773,52769186.0,128714659.32
000016.SH,20210902,3167.0972,3166.2725,3189.2506,3149.2516,3165.0371,2.0601,0.0651,51786472.0,125361147.81
000016.SH,20210901,3165.0371,3087.2561,3185.8241,3064.4963,3097.0584,67.9787,2.1949,73041358.0,177068967.644
000016.SH,20210831,3097.0584,3099.4714,3122.9095,3056.6978,3112.7022,-15.6438,-0.5026,51607669.0,138634316.314
000016.SH,20210830,3112.7022,3141.1201,3141.7564,3092.8257,3123.049,-10.3468,-0.3313,45208788.0,130054951.373
000016.SH,20210827,3123.049,3086.0474,3145.9762,3084.3143,3088.8314,34.2176,1.1078,32613426.0,97666471.112
000016.SH,20210826,3088.8314,3156.914,3156.914,3087.3012,3159.8034,-70.972,-2.2461,31599888.0,92897140.71
000016.SH,20210825,3159.8034,3160.7442,3173.3724,3138.2169,3147.7685,12.0349,0.3823,33666800.0,105332831.099
000016.SH,20210824,3147.7685,3106.2302,3160.5576,3104.9717,3099.8867,47.8818,1.5446,38208245.0,119776461.629
000016.SH,20210823,3099.8867,3079.2893,3109.9857,3069.5304,3072.7545,27.1322,0.883,31664015.0,102686646.88
000016.SH,20210820,3072.7545,3105.1569,3118.7033,3044.8792,3144.3746,-71.6201,-2.2777,38536618.0,115273498.624
000016.SH,20210819,3144.3746,3179.9253,3185.7269,3130.4671,3190.5518,-46.1772,-1.4473,45199623.0,112326379.584
000016.SH,20210818,3190.5518,3148.3815,3204.874,3133.8796,3149.8783,40.6735,1.2913,45500289.0,119532583.091
000016.SH,20210817,3149.8783,3219.8254,3240.3343,3141.6556,3222.6222,-72.7439,-2.2573,39784669.0,112131108.029
000016.SH,20210816,3222.6222,3212.6626,3246.9323,3205.5333,3217.8366,4.7856,0.1487,32549562.0,87987321.774
000016.SH,20210813,3217.8366,3212.3327,3242.3123,3199.8551,3226.1135,-8.2769,-0.2566,28209573.0,87314370.435
000016.SH,20210812,3226.1135,3247.8004,3262.8951,3222.6887,3262.5751,-36.4616,-1.1176,32263283.0,98174684.845
000016.SH,20210811,3262.5751,3280.8107,3298.4082,3259.5344,3288.6513,-26.0762,-0.7929,40066318.0,100406355.806
000016.SH,20210810,3288.6513,3231.1455,3290.2466,3193.9597,3235.2064,53.4449,1.652,32464842.0,115080307.919
000016.SH,20210809,3235.2064,3171.095,3253.0797,3169.1941,3195.696,39.5104,1.2364,38742858.0,121140073.79
000016.SH,20210806,3195.696,3211.6396,3213.1019,3181.3766,3227.3592,-31.6632,-0.9811,29907723.0,101610771.36
000016.SH,20210805,3227.3592,3214.4692,3266.2952,3198.3715,3233.103,-5.7438,-0.1777,31843626.0,110615258.123
000016.SH,20210804,3233.103,3219.3987,3242.3886,3211.3986,3223.8257,9.2773,0.2878,33649542.0,121978591.592
000016.SH,20210803,3223.8257,3197.8908,3235.3975,3181.7649,3211.1441,12.6816,0.3949,38895185.0,125440425.544
000016.SH,20210802,3211.1441,3112.2967,3217.8132,3082.8278,3132.8205,78.3236,2.5001,45574984.0,145805382.289
000016.SH,20210730,3132.8205,3160.4669,3160.4669,3114.509,3182.796,-49.9755,-1.5702,32388851.0,115899557.469
000016.SH,20210729,3182.796,3206.4363,3207.8976,3159.771,3154.6353,28.1607,0.8927,35649915.0,117100205.828
000016.SH,20210728,3154.6353,3107.1201,3171.0799,3098.0224,3126.3757,28.2596,0.9039,40519637.0,120707991.685
000016.SH,20210727,3126.3757,3228.4377,3238.3883,3117.6128,3228.3698,-101.9941,-3.1593,49848732.0,149168482.13
000016.SH,20210726,3228.3698,3339.8647,3339.8647,3195.6179,3357.447,-129.0772,-3.8445,44339594.0,142189565.49
000016.SH,20210723,3357.447,3389.3984,3389.4339,3353.0378,3392.7165,-35.2695,-1.0396,36847907.0,112334865.242
000016.SH,20210722,3392.7165,3386.9106,3410.63,3378.124,3388.5201,4.1964,0.1238,36955443.0,116416573.016
000016.SH,20210721,3388.5201,3385.1353,3410.8179,3375.6296,3378.6292,9.8909,0.2927,33490582.0,110550846.401
000016.SH,20210720,3378.6292,3364.3137,3382.0947,3357.748,3385.3664,-6.7372,-0.199,25865362.0,76937026.566
000016.SH,20210719,3385.3664,3362.5786,3390.2674,3322.3207,3369.8994,15.467,0.459,29817037.0,83949101.455
000016.SH,20210716,3369.8994,3405.3991,3413.2654,3365.9539,3411.2888,-41.3894,-1.2133,27229855.0,89680218.69
000016.SH,20210715,3411.2888,3335.0508,3414.4161,3332.7843,3339.381,71.9078,2.1533,31955193.0,98485358.951
000016.SH,20210714,3339.381,3385.3893,3385.3893,3328.8774,3391.742,-52.361,-1.5438,34733676.0,94723336.796
000016.SH,20210713,3391.742,3384.7479,3409.7875,3377.1998,3384.5074,7.2346,0.2138,31407675.0,92901327.713
000016.SH,20210712,3384.5074,3385.1213,3413.3481,3357.1344,3361.5946,22.9128,0.6816,38416319.0,111103872.778
000016.SH,20210709,3361.5946,3359.2038,3373.1428,3329.7448,3373.2555,-11.6609,-0.3457,31636606.0,91530950.132
000016.SH,20210708,3373.2555,3432.8889,3434.1504,3365.531,3424.3897,-51.1342,-1.4932,33862453.0,105794825.2
000016.SH,20210707,3424.3897,3384.5665,3433.7283,3382.2376,3405.2788,19.1109,0.5612,26919459.0,91386393.869
000016.SH,20210706,3405.2788,3405.4701,3406.7648,3368.1414,3404.7907,0.4881,0.0143,29211833.0,101932310.807
000016.SH,20210705,3404.7907,3402.109,3415.5611,3376.837,3408.2369,-3.4462,-0.1011,30926793.0,98605797.069
000016.SH,20210702,3408.2369,3495.5976,3495.5976,3403.8038,3535.249,-127.0121,-3.5927,34710862.0,109413140.23
000016.SH,20210701,3535.249,3510.5582,3535.3324,3479.5197,3498.6485,36.6005,1.0461,29553157.0,97508706.19
000016.SH,20210630,3498.6485,3477.3816,3504.9638,3477.3816,3482.7333,15.9152,0.457,24932786.0,79988083.57
000016.SH,20210629,3482.7333,3514.3234,3517.3639,3475.4447,3520.7434,-38.0101,-1.0796,28814608.0,91790247.62
000016.SH,20210628,3520.7434,3541.1047,3543.7043,3502.7804,3535.0185,-14.2751,-0.4038,29701717.0,91488573.743
000016.SH,20210625,3535.0185,3483.1607,3545.4342,3479.7405,3483.9093,51.1092,1.467,36027211.0,105068224.624
000016.SH,20210624,3483.9093,3476.6826,3487.2725,3452.6142,3471.3411,12.5682,0.3621,28769183.0,87538541.137
000016.SH,20210623,3471.3411,3469.2794,3496.4376,3460.6858,3464.7057,6.6354,0.1915,29564533.0,99664193.748
000016.SH,20210622,3464.7057,3444.75,3469.8076,3437.9546,3431.2522,33.4535,0.975,32625885.0,92981029.228
000016.SH,20210621,3431.2522,3440.7437,3455.5647,3410.4029,3454.5885,-23.3363,-0.6755,30456915.0,92989755.608
000016.SH,20210618,3454.5885,3475.5463,3488.258,3426.0348,3481.6004,-27.0119,-0.7758,36119342.0,111281105.839
000016.SH,20210617,3481.6004,3477.4715,3503.5528,3467.5781,3486.2876,-4.6872,-0.1344,29446419.0,78288353.685
000016.SH,20210616,3486.2876,3525.7495,3532.8484,3480.4079,3528.6683,-42.3807,-1.201,31629333.0,86503963.347
000016.SH,20210615,3528.6683,3570.4047,3579.0882,3513.1297,3576.7773,-48.109,-1.345,37547489.0,102892764.445
000016.SH,20210611,3576.7773,3610.137,3611.2458,3564.6485,3607.6792,-30.9019,-0.8566,40729745.0,99002005.254
000016.SH,20210610,3607.6792,3588.1427,3634.9205,3582.1639,3587.5321,20.1471,0.5616,28657592.0,82288330.597
000016.SH,20210609,3587.5321,3575.487,3599.6236,3572.357,3580.2836,7.2485,0.2025,27296859.0,64359867.736
000016.SH,20210608,3580.2836,3597.9428,3634.8159,3558.4633,3601.1091,-20.8255,-0.5783,26079669.0,71710666.102
000016.SH,20210607,3601.1091,3610.8912,3613.2835,3579.0105,3612.7014,-11.5923,-0.3209,25698179.0,69785324.344
000016.SH,20210604,3612.7014,3574.3011,3655.9197,3573.7031,3591.1561,21.5453,0.6,28857581.0,77839321.014
000016.SH,20210603,3591.1561,3620.7909,3637.0045,3589.2327,3622.3976,-31.2415,-0.8625,26020146.0,67857427.465
000016.SH,20210602,3622.3976,3661.9417,3665.9193,3604.777,3650.9034,-28.5058,-0.7808,27975392.0,74309802.171
000016.SH,20210601,3650.9034,3641.969,3652.9485,3608.2042,3650.2245,0.6789,0.0186,28161547.0,82850567.929
000016.SH,20210531,3650.2245,3652.8877,3652.8924,3615.4225,3659.2957,-9.0712,-0.2479,26328401.0,77917925.176
000016.SH,20210528,3659.2957,3663.8753,3689.2479,3630.5739,3664.9417,-5.646,-0.1541,28682846.0,80468828.044
000016.SH,20210527,3664.9417,3645.4823,3709.0023,3628.9596,3657.1898,7.7519,0.212,29879120.0,85146995.898
000016.SH,20210526,3657.1898,3656.3403,3678.0671,3643.9848,3641.2918,15.898,0.4366,34559396.0,96585659.449
000016.SH,20210525,3641.2918,3505.8143,3645.0748,3505.6263,3497.7469,143.5449,4.1039,44182865.0,125736432.456
000016.SH,20210524,3497.7469,3482.9926,3499.4454,3457.2916,3481.8619,15.885,0.4562,22986543.0,64532267.663
000016.SH,20210521,3481.8619,3532.8724,3544.2659,3475.2632,3522.4512,-40.5893,-1.1523,20644644.0,61176734.265
000016.SH,20210520,3522.4512,3514.4281,3530.4907,3496.5202,3511.4674,10.9838,0.3128,23827196.0,63208447.575
000016.SH,20210519,3511.4674,3531.7877,3531.7877,3501.3833,3537.6963,-26.2289,-0.7414,23806633.0,60552282.948
000016.SH,20210518,3537.6963,3543.1099,3550.0761,3520.666,3539.9125,-2.2162,-0.0626,23782587.0,57213058.29
000016.SH,20210517,3539.9125,3502.7402,3556.4926,3502.2083,3503.037,36.8755,1.0527,30165091.0,92431183.857
000016.SH,20210514,3503.037,3426.4251,3504.648,3406.7136,3413.8886,89.1484,2.6113,34527248.0,95323700.797
000016.SH,20210513,3413.8886,3418.5814,3435.4474,3395.8073,3447.8617,-33.9731,-0.9853,21882668.0,60670008.53
000016.SH,20210512,3447.8617,3423.4199,3456.0687,3421.6571,3437.7135,10.1482,0.2952,23689680.0,59566576.006
000016.SH,20210511,3437.7135,3380.6283,3443.3591,3371.4735,3399.9849,37.7286,1.1097,24935741.0,71271508.867
000016.SH,20210510,3399.9849,3410.0086,3416.027,3371.134,3406.3103,-6.3254,-0.1857,28048889.0,68750415.328
000016.SH,20210507,3406.3103,3457.9077,3470.5151,3402.0751,3449.9385,-43.6282,-1.2646,30092528.0,82122262.261
000016.SH,20210506,3449.9385,3475.0511,3510.3971,3443.3096,3491.1877,-41.2492,-1.1815,29933429.0,90047468.987
000016.SH,20210430,3491.1877,3518.8644,3522.6131,3471.3799,3517.2104,-26.0227,-0.7399,34026554.0,86473763.253
000016.SH,20210429,3517.2104,3483.1026,3519.8324,3468.6244,3473.0389,44.1715,1.2718,31480525.0,83713729.424
000016.SH,20210428,3473.0389,3457.1739,3473.0389,3440.2041,3476.3018,-3.2629,-0.0939,22451259.0,77516444.788
000016.SH,20210427,3476.3018,3469.9785,3482.601,3450.0202,3467.6605,8.6413,0.2492,20804166.0,61353722.405
000016.SH,20210426,3467.6605,3540.5344,3548.2057,3462.1585,3524.0216,-56.3611,-1.5993,25863227.0,80490260.38
000016.SH,20210423,3524.0216,3487.1219,3533.2345,3482.8599,3487.4271,36.5945,1.0493,20552367.0,64888233.829
000016.SH,20210422,3487.4271,3521.9769,3524.7073,3477.0594,3516.0976,-28.6705,-0.8154,22679141.0,58120695.498
000016.SH,20210421,3516.0976,3493.793,3524.541,3488.4905,3510.1239,5.9737,0.1702,20750102.0,59966861.527
000016.SH,20210420,3510.1239,3496.8069,3532.7915,3491.8927,3513.3953,-3.2714,-0.0931,21176621.0,66633946.929
000016.SH,20210419,3513.3953,3449.0487,3515.8807,3426.8214,3448.1042,65.2911,1.8935,27193465.0,77591569.475
000016.SH,20210416,3448.1042,3445.0941,3456.7226,3411.0969,3431.4931,16.6111,0.4841,18688056.0,54862649.932
000016.SH,20210415,3431.4931,3456.5484,3456.5484,3399.7611,3469.1727,-37.6796,-1.0861,21262701.0,64308250.877
000016.SH,20210414,3469.1727,3469.3957,3484.057,3442.234,3461.4592,7.7135,0.2228,19500313.0,60235405.556
000016.SH,20210413,3461.4592,3483.013,3505.39,3448.5678,3477.0654,-15.6062,-0.4488,21074331.0,58980495.162
000016.SH,20210412,3477.0654,3505.7143,3520.7338,3465.6546,3514.1106,-37.0452,-1.0542,24855006.0,67360431.71
000016.SH,20210409,3514.1106,3564.6567,3565.2223,3504.4939,3573.037,-58.9264,-1.6492,19685860.0,55806819.379
000016.SH,20210408,3573.037,3541.055,3582.9118,3533.3181,3558.4688,14.5682,0.4094,19473454.0,53874853.157
000016.SH,20210407,3558.4688,3593.1734,3593.1734,3537.0636,3594.7093,-36.2405,-1.0082,22800013.0,62238781.333
000016.SH,20210406,3594.7093,3624.8038,3624.8038,3581.7606,3616.7636,-22.0543,-0.6098,17974469.0,56451317.764
000016.SH,20210402,3616.7636,3592.884,3616.7995,3583.0406,3582.6499,34.1137,0.9522,23396735.0,66659662.955
000016.SH,20210401,3582.6499,3547.4607,3586.3577,3545.0877,3539.3696,43.2803,1.2228,21357739.0,55932233.959
000016.SH,20210331,3539.3696,3573.8565,3573.8565,3518.1678,3577.2434,-37.8738,-1.0587,29985299.0,72721000.179
000016.SH,20210330,3577.2434,3541.3771,3582.0181,3531.6295,3537.711,39.5324,1.1175,25778955.0,69755085.565
000016.SH,20210329,3537.711,3543.2452,3563.4001,3510.411,3529.7282,7.9828,0.2262,28205828.0,73384969.552
000016.SH,20210326,3529.7282,3483.6948,3539.226,3480.3337,3463.8727,65.8555,1.9012,24810847.0,72681322.503
000016.SH,20210325,3463.8727,3454.4611,3479.1275,3439.5127,3466.0422,-2.1695,-0.0626,23261828.0,56977955.371
000016.SH,20210324,3466.0422,3507.5484,3528.7345,3457.4445,3516.3626,-50.3204,-1.431,25639804.0,64750307.687
000016.SH,20210323,3516.3626,3541.3289,3542.8163,3482.5866,3538.4271,-22.0645,-0.6236,25310915.0,62380220.907
000016.SH,20210322,3538.4271,3516.6567,3558.9361,3511.7241,3512.0203,26.4068,0.7519,26393423.0,66482002.222
000016.SH,20210319,3512.0203,3565.0925,3573.0574,3496.3815,3605.6047,-93.5844,-2.5955,34681298.0,77248960.341
000016.SH,20210318,3605.6047,3598.8499,3619.3306,3586.5036,3590.8339,14.7708,0.4113,23406869.0,65113797.629
000016.SH,20210317,3590.8339,3588.2332,3616.9357,3552.4871,3599.1646,-8.3307,-0.2315,26229565.0,71771534.972
000016.SH,20210316,3599.1646,3579.0111,3608.1148,3556.618,3566.8773,32.2873,0.9052,28394041.0,72023660.699
000016.SH,20210315,3566.8773,3620.0419,3627.3069,3539.4859,3632.5784,-65.7011,-1.8087,37488832.0,92278411.785
000016.SH,20210312,3632.5784,3647.5097,3647.5097,3600.3919,3625.3052,7.2732,0.2006,35139699.0,84357911.512
000016.SH,20210311,3625.3052,3554.6825,3633.7724,3554.6825,3532.0523,93.2529,2.6402,31056230.0,87512288.76
000016.SH,20210310,3532.0523,3563.5639,3572.374,3528.3165,3509.6137,22.4386,0.6393,28096287.0,81698933.681
000016.SH,20210309,3509.6137,3570.2561,3595.1858,3489.9697,3573.431,-63.8173,-1.7859,42344061.0,115782441.789
000016.SH,20210308,3573.431,3713.4587,3732.779,3571.4154,3688.6818,-115.2508,-3.1244,41752978.0,109085323.661
000016.SH,20210305,3688.6818,3655.9072,3721.2755,3627.2889,3708.6606,-19.9788,-0.5387,36137582.0,93870499.432
000016.SH,20210304,3708.6606,3769.973,3781.2754,3686.0903,3817.4128,-108.7522,-2.8488,36373718.0,105814125.81
000016.SH,20210303,3817.4128,3710.2632,3818.0719,3708.2309,3718.7739,98.6389,2.6525,36579579.0,95188323.404
000016.SH,20210302,3718.7739,3812.3503,3812.3503,3689.0111,3787.8695,-69.0956,-1.8241,35216197.0,105470270.155
000016.SH,20210301,3787.8695,3793.3653,3795.0518,3747.5791,3756.8597,31.0098,0.8254,33657707.0,98439375.492
000016.SH,20210226,3756.8597,3768.8968,3819.0379,3753.4425,3851.029,-94.1693,-2.4453,41573102.0,113710593.454
000016.SH,20210225,3851.029,3844.6156,3878.2076,3818.7136,3805.4719,45.5571,1.1971,46688986.0,118907087.423
000016.SH,20210224,3805.4719,3902.3629,3910.0097,3766.5957,3897.7164,-92.2445,-2.3666,39343931.0,123595528.168
000016.SH,20210223,3897.7164,3854.1638,3942.087,3854.1638,3881.8681,15.8483,0.4083,43455612.0,108962112.281
000016.SH,20210222,3881.8681,4020.0092,4020.0092,3879.4819,4014.4564,-132.5883,-3.3028,58726427.0,146967568.912
000016.SH,20210219,4014.4564,3994.8258,4023.8843,3956.9775,4014.3241,0.1323,0.0033,42899726.0,123149830.958
000016.SH,20210218,4014.3241,4097.8661,4110.1797,3996.6283,4028.5289,-14.2048,-0.3526,51203085.0,141365948.227
000016.SH,20210210,4028.5289,3967.677,4039.2311,3967.3622,3952.8276,75.7013,1.9151,38958603.0,108571843.53
000016.SH,20210209,3952.8276,3900.8562,3952.9363,3871.7882,3890.4654,62.3622,1.6029,32740059.0,97738059.954
000016.SH,20210208,3890.4654,3856.943,3896.5356,3835.0996,3840.7663,49.6991,1.294,33339893.0,98196386.298
000016.SH,20210205,3840.7663,3819.8013,3876.68,3808.1706,3801.6178,39.1485,1.0298,41583746.0,106277495.835
000016.SH,20210204,3801.6178,3764.4252,3820.3358,3759.4344,3775.7224,25.8954,0.6858,33163780.0,114788317.162
000016.SH,20210203,3775.7224,3768.7147,3796.4323,3747.3757,3771.47,4.2524,0.1128,31609193.0,106637885.843
000016.SH,20210202,3771.47,3751.7405,3774.0606,3731.5151,3746.3717,25.0983,0.6699,28858748.0,93715928.225
000016.SH,20210201,3746.3717,3712.7833,3747.7291,3699.1968,3713.2471,33.1246,0.8921,29489016.0,86971859.971
000016.SH,20210129,3713.2471,3758.8879,3767.0142,3675.4903,3735.0337,-21.7866,-0.5833,32742330.0,104087890.534
000016.SH,20210128,3735.0337,3771.7856,3779.4065,3720.1167,3818.2682,-83.2345,-2.1799,30041206.0,94780804.52
000016.SH,20210127,3818.2682,3818.4218,3831.6177,3790.8094,3813.2902,4.978,0.1305,28706054.0,92127165.903
000016.SH,20210126,3813.2902,3878.2543,3878.2543,3809.6558,3898.1473,-84.8571,-2.1769,29584420.0,100532288.564
000016.SH,20210125,3898.1473,3843.4923,3903.1884,3828.747,3846.3945,51.7528,1.3455,37336501.0,136340715.179
000016.SH,20210122,3846.3945,3851.1337,3862.8948,3823.326,3850.0559,-3.6614,-0.0951,38259480.0,119198772.455
000016.SH,20210121,3850.0559,3833.7837,3874.6652,3812.8064,3814.6537,35.4022,0.9281,36730229.0,119776906.641
000016.SH,20210120,3814.6537,3813.9062,3838.3132,3790.5383,3808.694,5.9597,0.1565,34372343.0,105285957.41
000016.SH,20210119,3808.694,3855.7473,3862.1058,3792.5948,3849.3982,-40.7042,-1.0574,42747056.0,123416506.307
000016.SH,20210118,3849.3982,3807.9917,3873.4491,3796.4321,3817.9345,31.4637,0.8241,42248384.0,121227239.779
000016.SH,20210115,3817.9345,3825.5412,3866.0073,3789.4757,3811.2242,6.7103,0.1761,55635243.0,144481907.994
000016.SH,20210114,3811.2242,3863.0972,3866.9494,3800.7934,3873.2285,-62.0043,-1.6008,50868859.0,141810909.103
000016.SH,20210113,3873.2285,3913.999,3931.9451,3844.2802,3906.1225,-32.894,-0.8421,55273849.0,147747548.687
000016.SH,20210112,3906.1225,3764.6493,3906.1225,3764.6493,3776.5293,129.5932,3.4315,48175867.0,140450394.806
000016.SH,20210111,3776.5293,3794.8301,3849.6794,3763.1501,3788.3191,-11.7898,-0.3112,47451000.0,133463536.511
000016.SH,20210108,3788.3191,3815.568,3833.8627,3752.085,3808.0695,-19.7504,-0.5186,41585644.0,129477191.76
000016.SH,20210107,3808.0695,3750.8769,3808.0695,3729.9875,3736.648,71.4215,1.9114,42918063.0,127100876.695
000016.SH,20210106,3736.648,3688.9529,3736.648,3670.5407,3683.3634,53.2846,1.4466,45166106.0,125368281.927
000016.SH,20210105,3683.3634,3627.6453,3683.3634,3620.5578,3643.3592,40.0042,1.098,47233743.0,130233796.458
000016.SH,20210104,3643.3592,3632.6913,3659.1678,3608.3417,3640.6389,2.7203,0.0747,43546644.0,116996098.319
000016.SH,20201231,3640.6389,3581.4493,3646.7531,3581.3638,3574.1307,66.5082,1.8608,36574846.0,100746203.514
000016.SH,20201230,3574.1307,3513.7859,3574.2063,3512.3138,3517.35,56.7807,1.6143,26787234.0,77252184.878
000016.SH,20201229,3517.35,3533.1259,3539.6681,3513.6554,3523.8369,-6.4869,-0.1841,26014590.0,73295610.481
000016.SH,20201228,3523.8369,3514.712,3548.5321,3503.972,3512.4862,11.3507,0.3232,26413299.0,75670329.606
000016.SH,20201225,3512.4862,3476.5528,3514.5138,3468.403,3489.2742,23.212,0.6652,21054656.0,65661287.082
000016.SH,20201224,3489.2742,3495.8485,3521.0377,3474.016,3494.5868,-5.3126,-0.152,20119571.0,64344686.337
000016.SH,20201223,3494.5868,3483.188,3516.0239,3473.0965,3470.9024,23.6844,0.6824,27238775.0,80717057.529
000016.SH,20201222,3470.9024,3519.0501,3526.1124,3467.5324,3522.262,-51.3596,-1.4581,34878459.0,95554575.234
000016.SH,20201221,3522.262,3505.9056,3531.4189,3481.263,3507.9743,14.2877,0.4073,26717595.0,78726944.693
000016.SH,20201218,3507.9743,3529.0228,3538.5651,3493.296,3539.5401,-31.5658,-0.8918,26277800.0,71633942.391
000016.SH,20201217,3539.5401,3497.3913,3543.7345,3491.919,3485.4049,54.1352,1.5532,27091201.0,79778025.449
000016.SH,20201216,3485.4049,3480.9266,3494.6464,3469.5518,3468.8286,16.5763,0.4779,22462530.0,62162165.112
000016.SH,20201215,3468.8286,3466.4917,3476.8771,3443.861,3467.7669,1.0617,0.0306,26154182.0,70666981.437
000016.SH,20201214,3467.7669,3443.0277,3472.1168,3435.3069,3427.8565,39.9104,1.1643,24982218.0,69626860.399
000016.SH,20201211,3427.8565,3473.8739,3477.4658,3404.9293,3459.0346,-31.1781,-0.9014,38906387.0,74533297.054
000016.SH,20201210,3459.0346,3464.9419,3478.9057,3442.1525,3468.5269,-9.4923,-0.2737,29228443.0,57283741.671
000016.SH,20201209,3468.5269,3511.7581,3517.9161,3467.9951,3499.0572,-30.5303,-0.8725,30654727.0,61382484.94
000016.SH,20201208,3499.0572,3512.8571,3529.353,3490.8861,3509.9419,-10.8847,-0.3101,28935941.0,64329952.448
000016.SH,20201207,3509.9419,3547.9306,3548.7778,3495.6505,3541.5209,-31.579,-0.8917,35450745.0,74234250.173
000016.SH,20201204,3541.5209,3535.9378,3546.7128,3504.4339,3536.8144,4.7065,0.1331,33238617.0,68848489.662
000016.SH,20201203,3536.8144,3545.2791,3550.1047,3519.4256,3545.3401,-8.5257,-0.2405,35867871.0,64650049.329
000016.SH,20201202,3545.3401,3555.5954,3568.7242,3527.1245,3554.0139,-8.6738,-0.2441,39442806.0,71352289.814
000016.SH,20201201,3554.0139,3480.5639,3559.0654,3476.9373,3469.4178,84.5961,2.4383,52488689.0,91200352.101
000016.SH,20201130,3469.4178,3509.6591,3570.2152,3469.4178,3498.6589,-29.2411,-0.8358,84292983.0,123967926.528
000016.SH,20201127,3498.6589,3453.3086,3498.6589,3447.6084,3445.7388,52.9201,1.5358,53901248.0,78249237.872
000016.SH,20201126,3445.7388,3418.5592,3447.6126,3414.0643,3420.2916,25.4472,0.744,33465271.0,65077855.422
000016.SH,20201125,3420.2916,3461.479,3475.2545,3420.2916,3442.7229,-22.4313,-0.6516,40663779.0,75069957.593
000016.SH,20201124,3442.7229,3461.432,3470.9144,3437.7302,3469.8046,-27.0817,-0.7805,34240109.0,65468615.801
000016.SH,20201123,3469.8046,3427.7784,3485.8936,3426.78,3411.9323,57.8723,1.6962,49251555.0,92619781.835
000016.SH,20201120,3411.9323,3407.7282,3415.2537,3398.7881,3410.0937,1.8386,0.0539,29720748.0,54200659.925
000016.SH,20201119,3410.0937,3377.2283,3415.8555,3372.8381,3387.0447,23.049,0.6805,32606150.0,65742547.171
000016.SH,20201118,3387.0447,3377.8433,3408.3044,3372.9968,3379.2742,7.7705,0.2299,43605864.0,88251549.354
000016.SH,20201117,3379.2742,3376.8744,3388.9608,3362.5001,3377.11,2.1642,0.0641,33074229.0,69699282.267
000016.SH,20201116,3377.11,3352.6888,3377.11,3344.3998,3338.3101,38.7999,1.1623,32324893.0,65695228.074
000016.SH,20201113,3338.3101,3376.9114,3377.1596,3318.4516,3397.3544,-59.0443,-1.7379,34513696.0,73716432.09
000016.SH,20201112,3397.3544,3413.2074,3420.6475,3387.33,3411.2295,-13.8751,-0.4067,27098482.0,63549018.676
000016.SH,20201111,3411.2295,3415.8839,3432.2653,3407.8442,3416.1408,-4.9113,-0.1438,40415189.0,82130521.679
000016.SH,20201110,3416.1408,3439.3599,3440.5572,3402.3826,3418.2753,-2.1345,-0.0624,41761633.0,92270349.484
000016.SH,20201109,3418.2753,3382.8002,3428.1303,3382.8002,3359.1193,59.156,1.7611,43918142.0,93900277.927
000016.SH,20201106,3359.1193,3380.1978,3380.1978,3339.4703,3369.5029,-10.3836,-0.3082,35031944.0,72503490.984
000016.SH,20201105,3369.5029,3366.4014,3386.9785,3345.2005,3332.1901,37.3128,1.1198,31277108.0,68184057.974
000016.SH,20201104,3332.1901,3311.5399,3340.5315,3301.3165,3307.4846,24.7055,0.747,28344930.0,60073167.651
000016.SH,20201103,3307.4846,3284.0395,3324.406,3282.554,3265.8963,41.5883,1.2734,34085466.0,68965424.551
000016.SH,20201102,3265.8963,3280.6167,3298.0817,3249.9553,3280.3835,-14.4872,-0.4416,34665398.0,77307727.991
000016.SH,20201030,3280.3835,3321.9387,3332.8677,3271.2671,3324.4397,-44.0562,-1.3252,35737111.0,74625943.459
000016.SH,20201029,3324.4397,3278.9777,3351.1174,3277.5719,3313.2314,11.2083,0.3383,30218954.0,69727041.403
000016.SH,20201028,3313.2314,3295.4449,3324.8029,3285.0438,3294.0881,19.1433,0.5811,28279844.0,63936396.323
000016.SH,20201027,3294.0881,3298.0635,3305.6077,3281.6166,3304.7036,-10.6155,-0.3212,25579509.0,54627451.487
000016.SH,20201026,3304.7036,3320.0274,3328.6778,3288.5825,3346.608,-41.9044,-1.2521,34650144.0,67396897.056
000016.SH,20201023,3346.608,3364.5981,3395.4051,3346.608,3369.53,-22.922,-0.6803,33911572.0,64296241.659
000016.SH,20201022,3369.53,3370.084,3378.6453,3328.3152,3377.4246,-7.8946,-0.2337,27398859.0,58254098.22
000016.SH,20201021,3377.4246,3372.687,3380.0547,3351.7237,3363.503,13.9216,0.4139,31329504.0,56656466.675
000016.SH,20201020,3363.503,3352.0276,3365.1843,3340.843,3354.3075,9.1955,0.2741,26392527.0,52091237.048
000016.SH,20201019,3354.3075,3398.752,3430.5555,3349.1637,3380.1689,-25.8614,-0.7651,41264704.0,75214131.976
000016.SH,20201016,3380.1689,3374.1697,3400.4214,3362.1778,3371.4014,8.7675,0.2601,34932345.0,61838797.803
000016.SH,20201015,3371.4014,3369.7229,3392.9343,3363.8097,3369.4978,1.9036,0.0565,27385168.0,60016920.633
000016.SH,20201014,3369.4978,3380.5584,3380.5584,3359.621,3386.893,-17.3952,-0.5136,25822628.0,59851814.515
000016.SH,20201013,3386.893,3381.6409,3391.9889,3363.975,3387.8848,-0.9918,-0.0293,27928262.0,60770638.996
000016.SH,20201012,3387.8848,3302.9822,3388.595,3302.619,3286.8572,101.0276,3.0737,39773572.0,84996198.872
000016.SH,20201009,3286.8572,3281.4645,3296.672,3274.1895,3232.4183,54.4389,1.6842,24624394.0,64079382.336
000016.SH,20200930,3232.4183,3252.5946,3269.3124,3218.5484,3241.323,-8.9047,-0.2747,22694946.0,46636384.427
000016.SH,20200929,3241.323,3266.0069,3266.9436,3241.323,3250.5018,-9.1788,-0.2824,19027743.0,42946055.23
000016.SH,20200928,3250.5018,3237.3001,3268.263,3237.3001,3229.7769,20.7249,0.6417,20974373.0,44327122.455
000016.SH,20200925,3229.7769,3232.6929,3244.0319,3219.305,3218.716,11.0609,0.3436,20910220.0,45855826.188
000016.SH,20200924,3218.716,3259.1207,3264.8258,3214.7027,3275.7387,-57.0227,-1.7408,25647587.0,56704043.441
000016.SH,20200923,3275.7387,3271.4743,3284.3973,3256.1785,3270.519,5.2197,0.1596,20467807.0,52183728.272
000016.SH,20200922,3270.519,3285.7691,3319.9497,3260.493,3311.5936,-41.0746,-1.2403,26820060.0,57772490.352
000016.SH,20200921,3311.5936,3359.232,3360.9187,3311.1078,3347.7784,-36.1848,-1.0809,29799599.0,64482095.15
000016.SH,20200918,3347.7784,3267.6295,3347.7784,3264.3258,3264.6864,83.092,2.5452,44577962.0,94427293.308
000016.SH,20200917,3264.6864,3286.1485,3287.2629,3253.5161,3295.5836,-30.8972,-0.9375,23423082.0,64565970.449
000016.SH,20200916,3295.5836,3314.2074,3322.3206,3283.8796,3317.6402,-22.0566,-0.6648,22229206.0,50870161.046
000016.SH,20200915,3317.6402,3291.196,3321.1763,3275.0642,3294.1507,23.4895,0.7131,21316420.0,54056411.028
000016.SH,20200914,3294.1507,3283.932,3298.9325,3275.3023,3265.4966,28.6541,0.8775,21125876.0,56232770.448
000016.SH,20200911,3265.4966,3238.4673,3270.5897,3230.3159,3245.5017,19.9949,0.6161,23510280.0,52380250.99
000016.SH,20200910,3245.5017,3264.3212,3273.9031,3239.5845,3235.7032,9.7985,0.3028,29973848.0,59687026.132
000016.SH,20200909,3235.7032,3253.4969,3267.8615,3217.1466,3289.9142,-54.211,-1.6478,30096577.0,62865840.95
000016.SH,20200908,3289.9142,3267.3119,3296.1439,3249.246,3253.4259,36.4883,1.1215,32380563.0,72901457.413
000016.SH,20200907,3253.4259,3303.6417,3328.7237,3243.4279,3309.2096,-55.7837,-1.6857,32580054.0,73055102.739
000016.SH,20200904,3309.2096,3293.4924,3314.5469,3283.3118,3334.4119,-25.2023,-0.7558,28637547.0,62265879.316
000016.SH,20200903,3334.4119,3349.262,3374.0142,3322.9009,3347.3042,-12.8923,-0.3852,31252364.0,67541305.034
000016.SH,20200902,3347.3042,3371.5729,3373.3499,3316.5014,3355.096,-7.7918,-0.2322,35512308.0,69444792.579
000016.SH,20200901,3355.096,3333.2071,3355.096,3328.1244,3343.8881,11.2079,0.3352,30466450.0,64387470.082
000016.SH,20200831,3343.8881,3386.6204,3408.5812,3343.2144,3368.4384,-24.5503,-0.7288,47905156.0,103041216.801
000016.SH,20200828,3368.4384,3296.5238,3372.7441,3286.1442,3290.7855,77.6529,2.3597,39008700.0,92268754.638
000016.SH,20200827,3290.7855,3286.7843,3291.6814,3257.5652,3277.8901,12.8954,0.3934,28135800.0,59919453.179
000016.SH,20200826,3277.8901,3308.9304,3327.817,3269.0876,3310.8389,-32.9488,-0.9952,32922437.0,70222264.273
000016.SH,20200825,3310.8389,3312.0329,3335.0343,3300.1984,3298.7205,12.1184,0.3674,28449955.0,63927912.264
000016.SH,20200824,3298.7205,3306.5613,3320.9715,3291.6571,3284.7267,13.9938,0.426,29666151.0,64956899.879
000016.SH,20200821,3284.7267,3287.4335,3299.9392,3261.5468,3264.5329,20.1938,0.6186,28050142.0,60638595.051
000016.SH,20200820,3264.5329,3285.2015,3288.2062,3252.179,3307.6593,-43.1264,-1.3038,37052900.0,72986141.478
000016.SH,20200819,3307.6593,3361.7188,3366.6818,3306.3335,3367.3313,-59.672,-1.7721,44419447.0,86276934.988
000016.SH,20200818,3367.3313,3369.8674,3377.5209,3350.7781,3368.8488,-1.5175,-0.045,47444157.0,93429432.535
000016.SH,20200817,3368.8488,3300.9029,3397.4999,3299.2108,3288.5141,80.3347,2.4429,75899031.0,136889430.08
000016.SH,20200814,3288.5141,3236.948,3292.0308,3230.2145,3241.8446,46.6695,1.4396,36747477.0,75029765.274
000016.SH,20200813,3241.8446,3261.1279,3265.5084,3230.1661,3249.7381,-7.8935,-0.2429,37092071.0,73178181.886
000016.SH,20200812,3249.7381,3255.5383,3266.5825,3199.5458,3262.8244,-13.0863,-0.4011,51024947.0,100012349.083
000016.SH,20200811,3262.8244,3291.3399,3333.7504,3257.3673,3285.7602,-22.9358,-0.698,53822802.0,107967759.615
000016.SH,20200810,3285.7602,3250.5443,3309.9836,3232.0936,3263.7455,22.0147,0.6745,53271403.0,112583130.148
000016.SH,20200807,3263.7455,3277.4438,3288.7871,3219.423,3292.2003,-28.4548,-0.8643,48981049.0,110237424.749
000016.SH,20200806,3292.2003,3295.4327,3311.3637,3243.6494,3292.3094,-0.1091,-0.0033,48945753.0,109937579.417
000016.SH,20200805,3292.3094,3298.1382,3300.8964,3257.2884,3312.1336,-19.8242,-0.5985,45579284.0,95922266.579
000016.SH,20200804,3312.1336,3293.9177,3329.5592,3279.1429,3281.1012,31.0324,0.9458,62540477.0,123874292.872
000016.SH,20200803,3281.1012,3271.1771,3284.7925,3251.8182,3249.3375,31.7637,0.9775,48299026.0,104838181.188
000016.SH,20200731,3249.3375,3226.4225,3284.3785,3199.9053,3231.5193,17.8182,0.5514,42897905.0,97122120.535
000016.SH,20200730,3231.5193,3252.2041,3263.1868,3231.356,3243.3849,-11.8656,-0.3658,36108945.0,90507937.666
000016.SH,20200729,3243.3849,3184.7168,3245.702,3171.0441,3185.8904,57.4945,1.8047,43648691.0,97413664.843
000016.SH,20200728,3185.8904,3188.9568,3205.5658,3168.8967,3163.2306,22.6598,0.7163,35710451.0,81039521.931
000016.SH,20200727,3163.2306,3178.0469,3194.1399,3136.0325,3158.2854,4.9452,0.1566,37627456.0,78769806.507
000016.SH,20200724,3158.2854,3265.519,3270.5582,3136.6446,3284.1103,-125.8249,-3.8313,60638136.0,127518161.681
000016.SH,20200723,3284.1103,3263.074,3303.4266,3224.5078,3291.3605,-7.2502,-0.2203,55665583.0,106252944.262
000016.SH,20200722,3291.3605,3278.7375,3354.7152,3273.8075,3286.8146,4.5459,0.1383,54403751.0,109522096.602
000016.SH,20200721,3286.8146,3302.7223,3305.1976,3272.4732,3287.915,-1.1004,-0.0335,44511981.0,98108441.247
000016.SH,20200720,3287.915,3219.9177,3293.6253,3189.467,3185.8909,102.0241,3.2024,63047536.0,124831909.493
000016.SH,20200717,3185.8909,3181.698,3223.5413,3151.2178,3162.0251,23.8658,0.7548,49449099.0,104284759.355
000016.SH,20200716,3162.0251,3313.5618,3326.6941,3162.0251,3313.7646,-151.7395,-4.5791,74683068.0,151041927.324
000016.SH,20200715,3313.7646,3363.9243,3374.2882,3303.1506,3348.0312,-34.2666,-1.0235,70412031.0,133624136.73
000016.SH,20200714,3348.0312,3374.07,3391.9033,3310.8892,3390.115,-42.0838,-1.2414,76786395.0,129973787.376
000016.SH,20200713,3390.115,3338.7076,3421.9397,3327.6965,3351.78,38.335,1.1437,80024186.0,144465870.708
000016.SH,20200710,3351.78,3403.9961,3411.0942,3338.5929,3442.0205,-90.2405,-2.6217,79046518.0,139047237.039
000016.SH,20200709,3442.0205,3426.5963,3451.925,3403.7253,3429.9449,12.0756,0.3521,84934440.0,153534471.836
000016.SH,20200708,3429.9449,3378.1092,3466.6299,3371.5924,3381.7608,48.1841,1.4248,91457213.0,167555891.09
000016.SH,20200707,3381.7608,3438.8558,3465.4678,3381.7608,3374.1362,7.6246,0.226,108624139.0,199150089.199
000016.SH,20200706,3374.1362,3198.7384,3384.8672,3198.7384,3159.1583,214.9779,6.8049,122167869.0,202917638.622
000016.SH,20200703,3159.1583,3101.3858,3159.1688,3101.2607,3084.2381,74.9202,2.4291,78209416.0,137578589.835
000016.SH,20200702,3084.2381,3005.357,3088.9603,3003.7779,3009.8611,74.377,2.4711,67223806.0,118751704.735
000016.SH,20200701,3009.8611,2950.4921,3010.3624,2941.3802,2942.0741,67.787,2.3041,42668069.0,83084456.013
000016.SH,20200630,2942.0741,2933.9281,2951.1227,2928.6832,2925.4834,16.5907,0.5671,27015598.0,56079512.949
000016.SH,20200629,2925.4834,2935.5423,2942.492,2909.4509,2943.4733,-17.9899,-0.6112,32483377.0,64157816.353
000016.SH,20200624,2943.4733,2928.5224,2947.1908,2926.8445,2925.416,18.0573,0.6173,30179573.0,61408737.401
000016.SH,20200623,2925.416,2913.0108,2929.7971,2902.1223,2921.8915,3.5245,0.1206,27540128.0,59578426.675
000016.SH,20200622,2921.8915,2921.297,2947.6121,2912.4938,2925.9356,-4.0441,-0.1382,37262985.0,72454864.319
000016.SH,20200619,2925.9356,2891.3093,2933.9025,2888.9222,2888.9575,36.9781,1.28,37137361.0,74110248.088
000016.SH,20200618,2888.9575,2872.1682,2892.1185,2860.4956,2881.1321,7.8254,0.2716,27634304.0,47707495.423
000016.SH,20200617,2881.1321,2879.8483,2882.1032,2864.1553,2878.9924,2.1397,0.0743,22244613.0,42134102.733
000016.SH,20200616,2878.9924,2867.7129,2879.5252,2861.0109,2838.6074,40.385,1.4227,24218333.0,43386145.208
000016.SH,20200615,2838.6074,2862.4896,2875.0268,2838.6074,2884.1157,-45.5083,-1.5779,29310497.0,55344281.135
000016.SH,20200612,2884.1157,2840.8021,2884.9905,2837.5506,2876.513,7.6027,0.2643,34095944.0,51141596.561
000016.SH,20200611,2876.513,2899.4865,2907.6568,2867.1966,2908.4753,-31.9623,-1.0989,28998543.0,50569232.346
000016.SH,20200610,2908.4753,2925.1657,2925.1657,2905.2106,2928.3043,-19.829,-0.6771,22717666.0,41298669.21
000016.SH,20200609,2928.3043,2911.9481,2931.5394,2905.8432,2909.5867,18.7176,0.6433,24400880.0,44447001.974
000016.SH,20200608,2909.5867,2907.675,2925.1994,2904.0349,2896.3495,13.2372,0.457,29300629.0,53846965.565
000016.SH,20200605,2896.3495,2886.2329,2896.3495,2871.8707,2883.3633,12.9862,0.4504,21269701.0,38224565.108
000016.SH,20200604,2883.3633,2900.9644,2902.8993,2876.4419,2889.1086,-5.7453,-0.1989,21894729.0,36051895.058
000016.SH,20200603,2889.1086,2900.8702,2922.783,2889.0841,2885.9208,3.1878,0.1105,27840975.0,51525905.998
000016.SH,20200602,2885.9208,2864.5289,2890.8071,2862.6765,2870.3558,15.565,0.5423,26703943.0,48136501.768
000016.SH,20200601,2870.3558,2832.2174,2873.0538,2832.2174,2806.6643,63.6915,2.2693,28433443.0,52739288.749
000016.SH,20200529,2806.6643,2791.6226,2813.8249,2788.867,2809.6648,-3.0005,-0.1068,21471026.0,36267708.567
000016.SH,20200528,2809.6648,2797.3679,2830.4628,2785.3207,2795.4807,14.1841,0.5074,22943372.0,38842766.209
000016.SH,20200527,2795.4807,2810.4749,2814.559,2790.8433,2808.8419,-13.3612,-0.4757,19759953.0,33762192.93
000016.SH,20200526,2808.8419,2806.248,2811.8253,2796.8463,2789.7095,19.1324,0.6858,18110409.0,32226210.134
000016.SH,20200525,2789.7095,2784.4347,2789.8153,2762.2983,2775.8096,13.8999,0.5008,18674923.0,33629752.365
000016.SH,20200522,2775.8096,2840.8794,2841.1054,2775.3088,2846.8239,-71.0143,-2.4945,25971302.0,46841991.567
000016.SH,20200521,2846.8239,2866.7448,2867.9145,2844.1437,2856.1398,-9.3159,-0.3262,19071145.0,36357586.642
000016.SH,20200520,2856.1398,2861.5929,2864.6689,2847.2553,2860.6682,-4.5284,-0.1583,19949229.0,37561348.5
000016.SH,20200519,2860.6682,2869.2324,2872.6969,2854.8855,2837.1721,23.4961,0.8282,22705516.0,42580939.71
000016.SH,20200518,2837.1721,2821.7258,2849.8499,2813.2571,2819.6911,17.481,0.62,22626866.0,43886596.302
000016.SH,20200515,2819.6911,2845.9099,2849.1746,2818.3671,2834.5328,-14.8417,-0.5236,19470580.0,38909794.047
000016.SH,20200514,2834.5328,2854.7781,2854.7781,2833.947,2867.7123,-33.1795,-1.157,19818343.0,36947675.246
000016.SH,20200513,2867.7123,2860.8202,2869.702,2845.3371,2869.5973,-1.885,-0.0657,18325651.0,33483747.422
000016.SH,20200512,2869.5973,2871.3136,2880.5029,2855.0217,2871.8476,-2.2503,-0.0784,21330150.0,39257275.18
000016.SH,20200511,2871.8476,2876.772,2897.9895,2864.9633,2873.0125,-1.1649,-0.0405,25308998.0,46507596.881
000016.SH,20200508,2873.0125,2864.8561,2883.6911,2858.1084,2854.423,18.5895,0.6513,27037179.0,48756760.662
000016.SH,20200507,2854.423,2860.9591,2863.16,2845.6608,2863.8452,-9.4222,-0.329,23902000.0,41458943.617
000016.SH,20200506,2863.8452,2823.2918,2865.1127,2823.2724,2861.9077,1.9375,0.0677,35459781.0,59544694.245
000016.SH,20200430,2861.9077,2851.1447,2882.6952,2851.1447,2844.8143,17.0934,0.6009,30389053.0,52437640.612
000016.SH,20200429,2844.8143,2814.5955,2852.1036,2814.0689,2825.1393,19.675,0.6964,25430134.0,45196775.961
000016.SH,20200428,2825.1393,2814.2298,2832.0618,2781.1486,2805.2202,19.9191,0.7101,27084228.0,47828238.905
000016.SH,20200427,2805.2202,2786.467,2818.5384,2783.1736,2776.0245,29.1957,1.0517,23147140.0,40090088.313
000016.SH,20200424,2776.0245,2789.0511,2789.0511,2770.3365,2797.6612,-21.6367,-0.7734,19914774.0,35854089.011
000016.SH,20200423,2797.6612,2813.7322,2820.2414,2794.4639,2804.2373,-6.5761,-0.2345,24529563.0,40003338.633
000016.SH,20200422,2804.2373,2774.4393,2804.2373,2768.3954,2784.5328,19.7045,0.7076,20694563.0,37039162.435
000016.SH,20200421,2784.5328,2808.913,2808.913,2767.2738,2819.7938,-35.261,-1.2505,24943676.0,42654500.062
000016.SH,20200420,2819.7938,2812.8012,2821.0063,2799.9158,2809.0757,10.7181,0.3816,27627564.0,48186424.309
000016.SH,20200417,2809.0757,2790.8348,2825.9585,2782.7127,2768.2616,40.8141,1.4744,34869719.0,62422703.25
000016.SH,20200416,2768.2616,2751.6937,2771.4343,2750.2919,2764.4883,3.7733,0.1365,23016379.0,41776714.414
000016.SH,20200415,2764.4883,2783.276,2788.0859,2761.4351,2785.72,-21.2317,-0.7622,23051495.0,42309461.738
000016.SH,20200414,2785.72,2756.4996,2785.8013,2745.9902,2739.1666,46.5534,1.6995,26722995.0,48384370.745
000016.SH,20200413,2739.1666,2740.0926,2749.4787,2731.0289,2749.8466,-10.68,-0.3884,19187662.0,30636073.111
000016.SH,20200410,2749.8466,2755.1967,2787.2835,2742.5231,2752.588,-2.7414,-0.0996,25444794.0,43526674.662
000016.SH,20200409,2752.588,2754.7165,2760.586,2749.4162,2743.8865,8.7015,0.3171,23820497.0,38382876.852
000016.SH,20200408,2743.8865,2742.357,2753.493,2736.0926,2757.4064,-13.5199,-0.4903,25401676.0,38559903.637
000016.SH,20200407,2757.4064,2756.2704,2762.3061,2743.1591,2708.8246,48.5818,1.7935,35954651.0,59656453.01
000016.SH,20200403,2708.8246,2707.8191,2720.8444,2697.8315,2719.8864,-11.0618,-0.4067,24444559.0,39428104.565
000016.SH,20200402,2719.8864,2667.9405,2719.8864,2665.8054,2682.0795,37.8069,1.4096,28730893.0,43855142.486
000016.SH,20200401,2682.0795,2684.5001,2722.3249,2680.0773,2689.379,-7.2995,-0.2714,27519373.0,44240194.623
000016.SH,20200331,2689.379,2713.4987,2716.021,2684.2066,2690.042,-0.663,-0.0246,30299038.0,46061513.613
000016.SH,20200330,2690.042,2667.1202,2696.3305,2664.7175,2701.4447,-11.4027,-0.4221,34049707.0,52410857.487
000016.SH,20200327,2701.4447,2722.4681,2733.5206,2701.4447,2689.2803,12.1644,0.4523,35386945.0,56316143.419
000016.SH,20200326,2689.2803,2676.6159,2716.3354,2673.4409,2700.1865,-10.9062,-0.4039,28226021.0,47526067.796
000016.SH,20200325,2700.1865,2700.0961,2711.1171,2681.0877,2639.3834,60.8031,2.3037,38491194.0,66439253.951
000016.SH,20200324,2639.3834,2608.2448,2641.8733,2592.605,2559.6192,79.7642,3.1163,36868414.0,62053255.97
000016.SH,20200323,2559.6192,2548.8455,2586.1059,2548.0038,2628.4161,-68.7969,-2.6174,32549721.0,56761578.58
000016.SH,20200320,2628.4161,2597.9793,2636.1406,2580.3573,2569.7891,58.627,2.2814,37231436.0,61882459.787
000016.SH,20200319,2569.7891,2611.7496,2630.0517,2517.3038,2625.747,-55.9579,-2.1311,49523528.0,83641800.955
000016.SH,20200318,2625.747,2695.4241,2724.3019,2625.6003,2685.5907,-59.8437,-2.2283,37681392.0,66187348.823
000016.SH,20200317,2685.5907,2696.6972,2734.7985,2629.1822,2694.0229,-8.4322,-0.313,41532694.0,70083880.488
000016.SH,20200316,2694.0229,2799.9951,2800.1779,2689.8974,2798.7695,-104.7466,-3.7426,46971206.0,76460306.996
000016.SH,20200313,2798.7695,2720.6127,2826.7235,2715.1375,2841.9824,-43.2129,-1.5205,49061355.0,82814500.305
000016.SH,20200312,2841.9824,2858.511,2866.1354,2828.2901,2888.3612,-46.3788,-1.6057,37023632.0,60744920.235
000016.SH,20200311,2888.3612,2927.8282,2927.8282,2888.3612,2924.2165,-35.8553,-1.2262,36442062.0,58821559.035
000016.SH,20200310,2924.2165,2859.8694,2935.0871,2852.9348,2868.8297,55.3868,1.9306,48050530.0,76922299.779
000016.SH,20200309,2868.8297,2908.6266,2908.6266,2864.4901,2964.8348,-96.0051,-3.2381,58864747.0,89883304.685
000016.SH,20200306,2964.8348,2989.7649,2999.4851,2962.4034,3018.0701,-53.2353,-1.7639,41855288.0,69696068.361
000016.SH,20200305,3018.0701,2966.6862,3023.1232,2956.6513,2947.5666,70.5035,2.3919,60497966.0,105885810.782
000016.SH,20200304,2947.5666,2921.0678,2949.5714,2919.3652,2921.4435,26.1231,0.8942,42569549.0,75555571.895
000016.SH,20200303,2921.4435,2941.6796,2948.551,2910.7565,2907.8863,13.5572,0.4662,53161398.0,84017213.961
000016.SH,20200302,2907.8863,2837.7737,2922.9511,2837.7737,2821.0419,86.8444,3.0785,54884776.0,85151778.053
000016.SH,20200228,2821.0419,2860.2818,2880.7949,2818.4296,2912.0364,-90.9945,-3.1248,58479965.0,90536233.069
000016.SH,20200227,2912.0364,2904.8654,2927.1985,2903.7471,2901.6734,10.363,0.3571,42152250.0,70016400.801
000016.SH,20200226,2901.6734,2877.4634,2930.0198,2872.8293,2909.324,-7.6506,-0.263,62965029.0,93491144.919
000016.SH,20200225,2909.324,2891.9788,2912.1596,2869.6431,2930.0332,-20.7092,-0.7068,53157948.0,88652948.311
000016.SH,20200224,2930.0332,2949.978,2953.2947,2922.1628,2968.1381,-38.1049,-1.2838,48637573.0,84187873.408
000016.SH,20200221,2968.1381,2965.6019,2991.0599,2959.5133,2978.1829,-10.0448,-0.3373,46920152.0,83241627.529
000016.SH,20200220,2978.1829,2931.3718,2981.2656,2920.7976,2923.7633,54.4196,1.8613,50229847.0,84693541.389
000016.SH,20200219,2923.7633,2917.1249,2942.3469,2914.5929,2924.3981,-0.6348,-0.0217,40270252.0,62808193.987
000016.SH,20200218,2924.3981,2940.646,2944.4334,2914.9641,2950.0699,-25.6718,-0.8702,38098991.0,60875096.296
000016.SH,20200217,2950.0699,2901.686,2950.2826,2898.5925,2895.0644,55.0055,1.9,45296532.0,72567316.62
000016.SH,20200214,2895.0644,2870.7125,2900.2032,2870.6285,2875.4794,19.585,0.6811,35125996.0,53270508.174
000016.SH,20200213,2875.4794,2898.3985,2906.7218,2871.2649,2895.5859,-20.1065,-0.6944,37434764.0,57844935.035
000016.SH,20200212,2895.5859,2876.6708,2895.9268,2870.768,2879.8575,15.7284,0.5462,31230750.0,52126941.024
000016.SH,20200211,2879.8575,2858.9245,2893.0673,2854.0722,2850.0642,29.7933,1.0454,36028244.0,58519424.646
000016.SH,20200210,2850.0642,2826.797,2854.8289,2817.7707,2851.7105,-1.6463,-0.0577,33654934.0,56648242.8
000016.SH,20200207,2851.7105,2836.7992,2851.8244,2819.6678,2854.8878,-3.1773,-0.1113,34443628.0,59065093.713
000016.SH,20200206,2854.8878,2829.5111,2866.3906,2809.3661,2812.8993,41.9885,1.4927,42134251.0,70417283.28
000016.SH,20200205,2812.8993,2803.7374,2833.2097,2782.4231,2794.6606,18.2387,0.6526,44182070.0,73422004.369
000016.SH,20200204,2794.6606,2724.1314,2796.7145,2724.1314,2727.0931,67.5675,2.4776,57016369.0,91856016.286
000016.SH,20200203,2727.0931,2676.0073,2755.8448,2676.0073,2932.4932,-205.4001,-7.0043,58609184.0,96131246.474
000016.SH,20200123,2932.4932,2993.7726,2993.7726,2910.3942,3017.8785,-85.3853,-2.8293,42839352.0,75506612.217
000016.SH,20200122,3017.8785,2996.8099,3023.9019,2965.6635,3012.1123,5.7662,0.1914,33159760.0,60509150.074
000016.SH,20200121,3012.1123,3048.9459,3050.8233,3011.1846,3065.9906,-53.8783,-1.7573,32801291.0,59740274.199
000016.SH,20200120,3065.9906,3070.6701,3072.2888,3054.4484,3053.1729,12.8177,0.4198,27274849.0,55623208.185
000016.SH,20200117,3053.1729,3054.0361,3067.5589,3042.5897,3043.0931,10.0798,0.3312,23304514.0,46224605.665
000016.SH,20200116,3043.0931,3067.95,3068.1971,3039.0726,3058.0078,-14.9147,-0.4877,28312318.0,45497746.844
000016.SH,20200115,3058.0078,3078.2528,3086.9662,3052.7047,3080.6016,-22.5938,-0.7334,28116086.0,46971571.732
000016.SH,20200114,3080.6016,3097.7248,3108.177,3078.4579,3090.1284,-9.5268,-0.3083,35129017.0,56961447.503
000016.SH,20200113,3090.1284,3069.6784,3090.131,3054.8783,3067.881,22.2474,0.7252,29330835.0,57052247.475
000016.SH,20200110,3067.881,3079.0765,3081.9568,3058.1642,3067.5456,0.3354,0.0109,28542389.0,51634929.523
000016.SH,20200109,3067.5456,3060.7743,3071.5392,3055.9906,3037.8525,29.6931,0.9774,33150515.0,57676819.312
000016.SH,20200108,3037.8525,3058.3585,3058.6969,3030.1048,3074.0152,-36.1627,-1.1764,37653773.0,59854842.157
000016.SH,20200107,3074.0152,3063.7464,3080.2714,3061.5608,3056.8359,17.1793,0.562,34371788.0,56886579.547
000016.SH,20200106,3056.8359,3062.2801,3090.8402,3040.1945,3078.2793,-21.4434,-0.6966,47707827.0,77770388.109
000016.SH,20200103,3078.2793,3097.2518,3097.4088,3072.1137,3090.8331,-12.5538,-0.4062,37185493.0,72346789.17
000016.SH,20200102,3090.8331,3073.9313,3107.5172,3073.9313,3063.219,27.6141,0.9015,50036392.0,94773729.235
000016.SH,20191231,3063.219,3057.2985,3065.3834,3043.9256,3062.75,0.469,0.0153,31074043.0,53266973.812
000016.SH,20191230,3062.75,3016.1974,3065.254,3007.9557,3017.7787,44.9713,1.4902,43666647.0,76973531.995
000016.SH,20191227,3017.7787,3012.0346,3047.6061,3012.0346,3011.6361,6.1426,0.204,34420274.0,57220452.658
000016.SH,20191226,3011.6361,2986.3067,3011.6361,2985.5298,2986.0036,25.6325,0.8584,23055824.0,38127469.627
000016.SH,20191225,2986.0036,2993.364,2993.5575,2976.905,2996.765,-10.7614,-0.3591,21384876.0,35451595.655
000016.SH,20191224,2996.765,2985.616,2999.0779,2982.4184,2984.2426,12.5224,0.4196,22275453.0,33020813.117
000016.SH,20191223,2984.2426,3015.294,3028.5599,2982.0214,3012.6257,-28.3831,-0.9421,27450023.0,46144913.618
000016.SH,20191220,3012.6257,3022.1196,3033.5621,3009.3843,3017.7128,-5.0871,-0.1686,25092228.0,42559312.684
000016.SH,20191219,3017.7128,3027.6745,3029.7019,3009.8707,3025.7847,-8.0719,-0.2668,26929092.0,42049273.983
000016.SH,20191218,3025.7847,3031.8873,3041.8336,3020.9464,3033.1423,-7.3576,-0.2426,32492619.0,53907140.254
000016.SH,20191217,3033.1423,3000.7842,3053.8259,2991.0763,2999.2015,33.9408,1.1317,47347335.0,76916508.482
000016.SH,20191216,2999.2015,2999.5,2999.5334,2983.1944,3006.3127,-7.1112,-0.2365,33429792.0,61966979.309
000016.SH,20191213,3006.3127,2968.8629,3006.3127,2967.8521,2938.0443,68.2684,2.3236,41894582.0,66647265.267
000016.SH,20191212,2938.0443,2954.4045,2954.4045,2933.9971,2949.6467,-11.6024,-0.3933,20689842.0,32958975.342
000016.SH,20191211,2949.6467,2947.5448,2953.9408,2934.0424,2936.9931,12.6536,0.4308,23592999.0,33641813.421
000016.SH,20191210,2936.9931,2925.9476,2937.7847,2923.7531,2933.0421,3.951,0.1347,20246093.0,31073840.622
000016.SH,20191209,2933.0421,2944.163,2945.2674,2923.79,2939.8184,-6.7763,-0.2305,25034095.0,38061107.685
000016.SH,20191206,2939.8184,2928.3611,2939.8184,2922.4325,2921.9474,17.871,0.6116,21383576.0,33592908.702
000016.SH,20191205,2921.9474,2912.9421,2927.343,2907.7664,2901.0663,20.8811,0.7198,22464511.0,35722565.109
000016.SH,20191204,2901.0663,2902.1339,2903.9443,2887.8402,2909.6232,-8.5569,-0.2941,19438168.0,29114650.389
000016.SH,20191203,2909.6232,2892.4185,2909.9524,2876.5169,2899.439,10.1842,0.3512,19088333.0,32162499.173
000016.SH,20191202,2899.439,2896.5099,2913.7354,2893.4178,2894.7154,4.7236,0.1632,21334638.0,34920130.374
000016.SH,20191129,2894.7154,2923.4516,2927.2507,2879.933,2930.4816,-35.7662,-1.2205,20790150.0,41700315.742
000016.SH,20191128,2930.4816,2945.3402,2952.2563,2922.5536,2944.3218,-13.8402,-0.4701,17773346.0,26320955.927
000016.SH,20191127,2944.3218,2948.3424,2953.3941,2933.279,2946.5669,-2.2451,-0.0762,20359377.0,30182554.462
000016.SH,20191126,2946.5669,2962.3686,2965.3939,2943.5496,2951.2474,-4.6805,-0.1586,30225430.0,43776027.994
000016.SH,20191125,2951.2474,2926.15,2951.7902,2925.4039,2922.2669,28.9805,0.9917,33302211.0,47559848.556
000016.SH,20191122,2922.2669,2952.7739,2967.7766,2913.1797,2949.3369,-27.07,-0.9178,26802021.0,46004984.009
000016.SH,20191121,2949.3369,2957.0698,2957.3455,2940.1536,2968.1238,-18.7869,-0.633,21914452.0,35263796.859
000016.SH,20191120,2968.1238,2991.4207,2996.5056,2962.7139,3000.7451,-32.6213,-1.0871,22511696.0,33591330.119
000016.SH,20191119,3000.7451,2973.5742,3000.7451,2973.5742,2980.9457,19.7994,0.6642,24265871.0,36274061.791
000016.SH,20191118,2980.9457,2954.7759,2985.9703,2949.4736,2954.7013,26.2444,0.8882,23876300.0,34685922.029
000016.SH,20191115,2954.7013,2972.4816,2976.3702,2953.756,2968.5686,-13.8673,-0.4671,22029561.0,32519691.044
000016.SH,20191114,2968.5686,2975.4785,2980.6978,2964.9167,2967.6702,0.8984,0.0303,22123548.0,35768606.33
000016.SH,20191113,2967.6702,2967.6216,2976.2637,2955.0982,2971.3606,-3.6904,-0.1242,22621812.0,37211948.985
000016.SH,20191112,2971.3606,2972.9982,2978.1733,2954.7765,2965.7075,5.6531,0.1906,20527695.0,31297828.286
000016.SH,20191111,2965.7075,2995.1423,2995.1423,2962.6837,3012.4594,-46.7519,-1.552,28511827.0,40134019.774
000016.SH,20191108,3012.4594,3052.6911,3055.6015,3011.3658,3033.2991,-20.8397,-0.687,28297012.0,41316357.581
000016.SH,20191107,3033.2991,3034.1557,3044.724,3021.689,3032.7916,0.5075,0.0167,23317946.0,34760202.782
000016.SH,20191106,3032.7916,3041.42,3045.4578,3024.75,3039.9772,-7.1856,-0.2364,29174816.0,40808898.076
000016.SH,20191105,3039.9772,3024.8697,3065.9329,3015.7965,3022.2749,17.7023,0.5857,38359862.0,55760630.462
000016.SH,20191104,3022.2749,3012.938,3025.6393,3011.2029,3002.6488,19.6261,0.6536,30906972.0,47783955.201
000016.SH,20191101,3002.6488,2953.736,3005.1768,2947.6039,2954.734,47.9148,1.6216,28879939.0,46727802.425
000016.SH,20191031,2954.734,2964.905,2966.5924,2948.327,2952.1181,2.6159,0.0886,26277647.0,42158765.56
000016.SH,20191030,2952.1181,2966.7579,2971.8979,2946.9687,2968.2831,-16.165,-0.5446,21820115.0,33653353.58
000016.SH,20191029,2968.2831,2982.4523,2984.353,2968.2099,2981.3615,-13.0784,-0.4387,21802993.0,34000117.675
000016.SH,20191028,2981.3615,2967.6278,2984.9436,2962.3971,2967.0517,14.3098,0.4823,28490213.0,42480534.075
000016.SH,20191025,2967.0517,2955.5103,2970.5422,2935.0573,2959.0317,8.02,0.271,24522583.0,43830273.347
000016.SH,20191024,2959.0317,2963.3389,2976.3656,2945.6802,2954.3052,4.7265,0.16,24482739.0,34206450.579
000016.SH,20191023,2954.3052,2969.9848,2977.6799,2945.839,2973.2173,-18.9121,-0.6361,22633012.0,30608315.034
000016.SH,20191022,2973.2173,2983.8371,2983.8371,2956.904,2968.9051,4.3122,0.1452,21001262.0,29912296.649
000016.SH,20191021,2968.9051,2957.9695,2973.7936,2950.3037,2963.1753,5.7298,0.1934,24223543.0,36733975.299
000016.SH,20191018,2963.1753,3020.0093,3027.6051,2961.1326,3011.7535,-48.5782,-1.613,24631271.0,37356080.207
000016.SH,20191017,3011.7535,3009.6859,3018.6456,2997.8426,3004.7233,7.0302,0.234,18936107.0,31585237.327
000016.SH,20191016,3004.7233,3015.1656,3043.446,2999.379,3015.4202,-10.6969,-0.3547,26256367.0,42282388.14
000016.SH,20191015,3015.4202,3018.8599,3019.2939,3005.8718,3013.5334,1.8868,0.0626,25446083.0,37222300.778
000016.SH,20191014,3013.5334,3007.3617,3040.503,2997.6629,2983.1198,30.4136,1.0195,42543315.0,56735171.968
000016.SH,20191011,2983.1198,2952.4722,2989.7538,2945.0076,2940.8002,42.3196,1.4391,31177123.0,48168621.426
000016.SH,20191010,2940.8002,2917.8212,2944.0238,2910.3467,2922.9797,17.8205,0.6097,21996133.0,35842652.303
000016.SH,20191009,2922.9797,2908.1734,2931.6396,2896.2642,2922.348,0.6317,0.0216,26136018.0,40412670.579
000016.SH,20191008,2922.348,2898.534,2938.8657,2898.534,2897.7027,24.6453,0.8505,24961388.0,39074499.529
000016.SH,20190930,2897.7027,2917.0746,2933.5109,2897.6837,2929.4659,-31.7632,-1.0843,19233021.0,30265813.218
000016.SH,20190927,2929.4659,2929.3167,2934.3253,2916.0681,2927.8766,1.5893,0.0543,23014561.0,32422355.452
000016.SH,20190926,2927.8766,2939.6752,2952.8717,2926.5371,2928.8351,-0.9585,-0.0327,31466918.0,44815324.82
000016.SH,20190925,2928.8351,2930.1396,2942.0024,2923.151,2940.0806,-11.2455,-0.3825,22526512.0,35894449.648
000016.SH,20190924,2940.0806,2936.9522,2956.2923,2929.6015,2930.9132,9.1674,0.3128,22732296.0,40266780.209
000016.SH,20190923,2930.9132,2955.2647,2955.2647,2916.4293,2963.4349,-32.5217,-1.0974,23782646.0,39232461.763
000016.SH,20190920,2963.4349,2964.916,2970.7227,2956.9157,2956.8294,6.6055,0.2234,30230028.0,47729266.703
000016.SH,20190919,2956.8294,2965.0334,2965.1098,2941.6594,2954.3577,2.4717,0.0837,20942809.0,34846676.699
000016.SH,20190918,2954.3577,2947.9715,2967.8616,2947.6767,2937.0077,17.35,0.5907,23353923.0,41683898.334
000016.SH,20190917,2937.0077,2974.0089,2974.0089,2929.3061,2982.4481,-45.4404,-1.5236,30722495.0,45651979.114
000016.SH,20190916,2982.4481,3003.648,3004.8778,2972.5785,2999.5617,-17.1136,-0.5705,32533939.0,48002497.941
000016.SH,20190912,2999.5617,2970.0115,3001.2259,2963.4513,2957.1439,42.4178,1.4344,31824410.0,52267977.331
000016.SH,20190911,2957.1439,2978.9743,2980.6641,2946.5683,2969.8048,-12.6609,-0.4263,35199335.0,57420856.053
000016.SH,20190910,2969.8048,2987.5127,2988.0565,2958.3126,2981.5862,-11.7814,-0.3951,36034678.0,51347965.821
000016.SH,20190909,2981.5862,3004.8033,3008.6713,2974.2331,2981.0728,0.5134,0.0172,38695798.0,60012229.467
000016.SH,20190906,2981.0728,2974.8017,2981.2431,2955.8164,2955.8399,25.2329,0.8537,31465367.0,49253544.124
000016.SH,20190905,2955.8399,2938.1378,2988.208,2938.1378,2919.6782,36.1617,1.2386,52852272.0,79279041.905
000016.SH,20190904,2919.6782,2888.9717,2919.6782,2887.5852,2892.1821,27.4961,0.9507,37647144.0,53644453.692
000016.SH,20190903,2892.1821,2897.2856,2900.7638,2878.1,2894.9575,-2.7754,-0.0959,25904982.0,39972053.324
000016.SH,20190902,2894.9575,2871.2873,2902.4089,2866.7493,2872.401,22.5565,0.7853,29753214.0,45888749.88
000016.SH,20190830,2872.401,2878.2124,2886.3472,2856.0293,2855.4504,16.9506,0.5936,25922975.0,43825498.629
000016.SH,20190829,2855.4504,2867.7679,2871.6336,2843.282,2867.0269,-11.5765,-0.4038,22386670.0,37475570.899
000016.SH,20190828,2867.0269,2883.3474,2887.8516,2860.7114,2887.2385,-20.2116,-0.7,23610765.0,41588186.589
000016.SH,20190827,2887.2385,2883.4157,2915.8357,2880.9962,2863.4793,23.7592,0.8297,35741368.0,57183305.449
000016.SH,20190826,2863.4793,2869.462,2882.4543,2854.5085,2917.3773,-53.898,-1.8475,26436578.0,46412408.381
000016.SH,20190823,2917.3773,2880.5722,2923.9328,2876.0218,2878.0047,39.3726,1.3681,24138057.0,45464081.993
000016.SH,20190822,2878.0047,2878.7299,2881.0557,2862.4404,2869.2196,8.7851,0.3062,20493057.0,31209995.919
000016.SH,20190821,2869.2196,2868.6307,2875.0111,2864.8145,2875.653,-6.4334,-0.2237,21637444.0,31697839.333
000016.SH,20190820,2875.653,2869.1589,2883.5481,2864.7091,2877.2312,-1.5782,-0.0549,29817583.0,41610605.926
000016.SH,20190819,2877.2312,2839.2455,2877.4701,2823.8691,2824.2258,53.0054,1.8768,41911167.0,60087435.549
000016.SH,20190816,2824.2258,2817.266,2846.257,2805.813,2814.3881,9.8377,0.3496,24147328.0,40454103.156
000016.SH,20190815,2814.3881,2758.7354,2815.1501,2756.3765,2804.3553,10.0328,0.3578,25284675.0,35967053.705
000016.SH,20190814,2804.3553,2827.038,2831.3419,2803.8644,2792.9137,11.4416,0.4097,26108221.0,39001289.672
000016.SH,20190813,2792.9137,2807.9587,2812.4924,2787.1229,2824.8041,-31.8904,-1.1289,21464034.0,31203938.404
000016.SH,20190812,2824.8041,2787.4395,2825.0853,2782.7699,2772.1492,52.6549,1.8994,22136997.0,38630482.198
000016.SH,20190809,2772.1492,2800.4373,2802.8147,2767.1403,2786.8715,-14.7223,-0.5283,25380966.0,34104733.906
000016.SH,20190808,2786.8715,2771.4483,2790.1429,2768.7137,2747.2491,39.6224,1.4423,29406960.0,38752525.711
000016.SH,20190807,2747.2491,2771.2382,2773.9376,2747.2491,2760.6799,-13.4308,-0.4865,24588464.0,35131933.91
000016.SH,20190806,2760.6799,2736.6812,2771.7889,2718.2123,2786.7196,-26.0397,-0.9344,36941691.0,55246285.326
000016.SH,20190805,2786.7196,2823.3457,2828.4806,2785.9035,2843.7704,-57.0508,-2.0062,28350976.0,40869467.54
000016.SH,20190802,2843.7704,2837.3685,2852.1151,2831.6579,2887.8665,-44.0961,-1.5269,29943968.0,42769404.924
000016.SH,20190801,2887.8665,2901.1544,2909.4723,2880.3,2912.6612,-24.7947,-0.8513,24271683.0,34658797.578
000016.SH,20190731,2912.6612,2931.853,2932.6499,2906.7079,2944.025,-31.3638,-1.0653,23888034.0,36069124.705
000016.SH,20190730,2944.025,2939.1432,2958.2969,2938.8967,2930.4891,13.5359,0.4619,22696980.0,34400992.66
000016.SH,20190729,2930.4891,2936.6432,2938.7345,2922.6755,2939.3547,-8.8656,-0.3016,22372005.0,31238966.123
000016.SH,20190726,2939.3547,2918.1073,2943.0682,2918.0135,2931.1758,8.1789,0.279,23521864.0,33015285.726
000016.SH,20190725,2931.1758,2911.0081,2931.1758,2903.3126,2906.5502,24.6256,0.8472,22933113.0,34994770.139
000016.SH,20190724,2906.5502,2894.9357,2923.399,2894.5946,2881.0982,25.452,0.8834,26019871.0,40437283.304
000016.SH,20190723,2881.0982,2885.7013,2889.39,2871.5072,2881.9038,-0.8056,-0.028,20448748.0,29522996.024
000016.SH,20190722,2881.9038,2897.7856,2905.3508,2872.5271,2895.6249,-13.7211,-0.4739,23603184.0,33459223.729
000016.SH,20190719,2895.6249,2875.9644,2906.5473,2875.9013,2859.1646,36.4603,1.2752,22451089.0,36954836.821
000016.SH,20190718,2859.1646,2869.7295,2872.2421,2859.0691,2875.0299,-15.8653,-0.5518,19542086.0,30766133.203
000016.SH,20190717,2875.0299,2877.4885,2892.3352,2866.4655,2884.561,-9.5311,-0.3304,18099830.0,29234605.319
000016.SH,20190716,2884.561,2900.0461,2905.1108,2881.4038,2902.6099,-18.0489,-0.6218,17411517.0,29622629.436
000016.SH,20190715,2902.6099,2885.9772,2920.1567,2850.098,2902.1295,0.4804,0.0166,28196106.0,45518424.627
000016.SH,20190712,2902.1295,2883.0876,2912.8988,2878.2019,2887.8313,14.2982,0.4951,21454210.0,36102862.033
000016.SH,20190711,2887.8313,2897.4724,2918.9444,2879.6359,2878.7812,9.0501,0.3144,21157266.0,37057602.466
000016.SH,20190710,2878.7812,2896.7013,2897.5754,2870.6704,2881.5517,-2.7705,-0.0961,18911521.0,30567385.964
000016.SH,20190709,2881.5517,2894.332,2902.143,2872.0295,2897.5121,-15.9604,-0.5508,21374700.0,33052158.094
000016.SH,20190708,2897.5121,2944.973,2944.973,2877.737,2961.9222,-64.4101,-2.1746,33732588.0,48931992.086
000016.SH,20190705,2961.9222,2952.7138,2967.9828,2937.5953,2953.2719,8.6503,0.2929,23845345.0,37972405.676
000016.SH,20190704,2953.2719,2966.3315,2974.7974,2939.9707,2964.7309,-11.459,-0.3865,32928834.0,49240940.052
000016.SH,20190703,2964.7309,2990.0547,2990.0547,2953.6999,2999.0759,-34.345,-1.1452,33918965.0,52948819.09
000016.SH,20190702,2999.0759,3000.7803,3003.8838,2988.4701,3002.9395,-3.8636,-0.1287,34629488.0,50202955.869
000016.SH,20190701,3002.9395,2984.649,3011.9096,2978.7515,2930.5982,72.3413,2.4685,42622714.0,67658868.002
000016.SH,20190628,2930.5982,2932.6932,2937.2912,2911.6659,2937.1283,-6.5301,-0.2223,23708671.0,37348147.063
000016.SH,20190627,2937.1283,2917.2036,2952.9076,2914.962,2903.4868,33.6415,1.1587,33472487.0,54015595.796
000016.SH,20190626,2903.4868,2896.7649,2915.2351,2891.004,2910.1212,-6.6344,-0.228,24024660.0,36749515.102
000016.SH,20190625,2910.1212,2946.0203,2946.708,2875.3678,2949.5176,-39.3964,-1.3357,38165595.0,64510971.965
000016.SH,20190624,2949.5176,2942.5061,2958.0238,2931.6665,2938.7729,10.7447,0.3656,29016018.0,48517969.569
000016.SH,20190621,2938.7729,2939.6478,2958.2273,2929.9031,2942.6287,-3.8558,-0.131,46560205.0,68751725.117
000016.SH,20190620,2942.6287,2847.3173,2954.0326,2846.4352,2842.7358,99.8929,3.514,57360369.0,87264861.45
000016.SH,20190619,2842.7358,2872.0726,2879.2346,2842.4241,2806.454,36.2818,1.2928,41160110.0,61700813.912
000016.SH,20190618,2806.454,2800.8296,2809.866,2785.381,2793.7037,12.7503,0.4564,21676404.0,28833695.211
000016.SH,20190617,2793.7037,2785.4728,2813.4452,2785.4728,2785.6055,8.0982,0.2907,20477851.0,29172434.999
000016.SH,20190614,2785.6055,2798.396,2816.1773,2781.7234,2794.5361,-8.9306,-0.3196,26124830.0,35432680.818
000016.SH,20190613,2794.5361,2798.0221,2804.7555,2771.857,2796.7319,-2.1958,-0.0785,23452887.0,32358595.721
000016.SH,20190612,2796.7319,2802.5273,2805.0054,2790.1834,2812.8986,-16.1667,-0.5747,26445230.0,36655472.039
000016.SH,20190611,2812.8986,2750.541,2816.9916,2750.541,2743.3745,69.5241,2.5343,40850315.0,61099051.334
000016.SH,20190610,2743.3745,2717.9139,2752.8815,2712.1587,2706.7621,36.6124,1.3526,27088081.0,39536245.731
000016.SH,20190606,2706.7621,2727.697,2727.697,2701.9208,2719.5949,-12.8328,-0.4719,21390312.0,29226456.028
000016.SH,20190605,2719.5949,2741.9384,2747.2335,2717.932,2721.3139,-1.719,-0.0632,25766253.0,35126727.113
000016.SH,20190604,2721.3139,2744.6964,2746.5145,2713.8036,2743.0644,-21.7505,-0.7929,22275832.0,31497303.914
000016.SH,20190603,2743.0644,2737.8055,2762.0755,2723.9315,2728.9459,14.1185,0.5174,27092220.0,36382740.306
000016.SH,20190531,2728.9459,2740.3026,2762.387,2728.9459,2742.9635,-14.0176,-0.511,22188152.0,30748522.003
000016.SH,20190530,2742.9635,2748.4289,2752.6862,2721.8807,2755.8081,-12.8446,-0.4661,24398405.0,33563876.794
000016.SH,20190529,2755.8081,2728.4353,2780.3073,2724.8524,2748.7987,7.0094,0.255,24940857.0,42312700.123
000016.SH,20190528,2748.7987,2719.0611,2759.7788,2716.3083,2722.3345,26.4642,0.9721,34670056.0,50583998.914
000016.SH,20190527,2722.3345,2696.2581,2731.3037,2667.377,2702.0252,20.3093,0.7516,27243848.0,38602910.973
000016.SH,20190524,2702.0252,2693.8792,2722.3359,2692.5261,2685.9336,16.0916,0.5991,21237076.0,29272238.812
000016.SH,20190523,2685.9336,2710.5727,2713.9433,2679.542,2725.7343,-39.8007,-1.4602,27810156.0,37242029.909
000016.SH,20190522,2725.7343,2739.1115,2745.8568,2714.6498,2739.7852,-14.0509,-0.5128,23168729.0,31594205.727
000016.SH,20190521,2739.7852,2717.8744,2764.4834,2712.0423,2715.4315,24.3537,0.8969,26969051.0,38322653.825
000016.SH,20190520,2715.4315,2726.0683,2746.6596,2697.6087,2735.2124,-19.7809,-0.7232,31202646.0,41320624.051
000016.SH,20190517,2735.2124,2792.0771,2792.5061,2728.9346,2791.4146,-56.2022,-2.0134,30072063.0,42881486.56
000016.SH,20190516,2791.4146,2777.8502,2793.7622,2766.1496,2783.5439,7.8707,0.2828,28946302.0,39573599.951
000016.SH,20190515,2783.5439,2743.7809,2797.1531,2743.7809,2724.7337,58.8102,2.1584,30718920.0,47008658.1
000016.SH,20190514,2724.7337,2716.7262,2754.692,2716.7262,2741.1118,-16.3781,-0.5975,26222018.0,41690816.22
000016.SH,20190513,2741.1118,2751.7563,2767.4821,2736.8442,2793.7589,-52.6471,-1.8845,26590971.0,40076136.382
000016.SH,20190510,2793.7589,2731.5772,2798.874,2698.8068,2698.7804,94.9785,3.5193,39453278.0,64003883.199
000016.SH,20190509,2698.7804,2740.3494,2748.0071,2686.4667,2758.2435,-59.4631,-2.1558,30758681.0,52817873.511
000016.SH,20190508,2758.2435,2753.6111,2796.466,2750.9257,2806.2577,-48.0142,-1.711,30398772.0,47867856.969
000016.SH,20190507,2806.2577,2814.4689,2833.1959,2777.7344,2805.0354,1.2223,0.0436,35418177.0,59334292.086
000016.SH,20190506,2805.0354,2853.8845,2867.5971,2768.8013,2945.2438,-140.2084,-4.7605,62436063.0,93816546.651
000016.SH,20190430,2945.2438,2935.2412,2955.8842,2919.4939,2939.405,5.8388,0.1986,32127983.0,49535144.401
000016.SH,20190429,2939.405,2906.4685,2968.1622,2899.8271,2892.8568,46.5482,1.6091,39249355.0,60772631.948
000016.SH,20190426,2892.8568,2913.7749,2930.2088,2892.5275,2927.995,-35.1382,-1.2001,36562197.0,52261886.8
000016.SH,20190425,2927.995,2962.7414,2973.2227,2924.0247,2974.8473,-46.8523,-1.5749,38934483.0,52302557.248
000016.SH,20190424,2974.8473,2989.9591,3001.5342,2933.5281,2978.8451,-3.9978,-0.1342,35425729.0,51081275.886
000016.SH,20190423,2978.8451,2967.9958,3007.354,2964.9784,2970.488,8.3571,0.2813,41065456.0,57398711.314
000016.SH,20190422,2970.488,3047.4255,3048.8236,2962.3585,3042.4321,-71.9441,-2.3647,56759697.0,74865754.208
000016.SH,20190419,3042.4321,3013.6723,3043.9263,2989.548,3004.9245,37.5076,1.2482,39943672.0,56035404.843
000016.SH,20190418,3004.9245,3014.9149,3019.5447,2993.274,3017.4162,-12.4917,-0.414,39670684.0,50009082.026
000016.SH,20190417,3017.4162,3017.3947,3035.405,2996.7607,3023.0253,-5.6091,-0.1855,49960675.0,64317209.035
000016.SH,20190416,3023.0253,2914.9897,3023.0253,2909.665,2924.9257,98.0996,3.3539,70764163.0,85299156.286
000016.SH,20190415,2924.9257,2973.0222,2999.3259,2924.6018,2920.5151,4.4106,0.151,58437528.0,77706068.531
000016.SH,20190412,2920.5151,2920.5531,2933.4463,2903.2682,2928.4268,-7.9117,-0.2702,32521633.0,47318241.1
000016.SH,20190411,2928.4268,2982.3927,3000.0952,2920.1938,2979.0985,-50.6717,-1.7009,42811144.0,64001721.559
000016.SH,20190410,2979.0985,2957.2707,2996.4068,2941.3479,2967.5136,11.5849,0.3904,48692438.0,75072995.998
000016.SH,20190409,2967.5136,2968.0779,2980.1228,2948.3057,2962.2749,5.2387,0.1768,50802142.0,72309797.814
000016.SH,20190408,2962.2749,2978.5034,3007.8296,2938.6461,2951.9848,10.2901,0.3486,74531909.0,97533308.615
000016.SH,20190404,2951.9848,2927.1005,2959.5898,2921.2037,2920.0013,31.9835,1.0953,73035716.0,89999489.242
000016.SH,20190403,2920.0013,2869.846,2923.9217,2865.296,2888.5304,31.4709,1.0895,64723749.0,81562043.792
000016.SH,20190402,2888.5304,2900.6314,2903.8689,2878.3948,2892.619,-4.0886,-0.1413,61187461.0,77540948.359
000016.SH,20190401,2892.619,2860.144,2906.1505,2860.144,2838.5054,54.1136,1.9064,77912146.0,104513800.658
000016.SH,20190329,2838.5054,2747.5418,2845.2279,2746.1134,2733.9743,104.5311,3.8234,59676669.0,90550418.034
000016.SH,20190328,2733.9743,2728.0449,2742.701,2709.3874,2741.5907,-7.6164,-0.2778,31840303.0,46631870.202
000016.SH,20190327,2741.5907,2721.1376,2751.7216,2714.095,2706.1537,35.437,1.3095,33542018.0,51900870.707
000016.SH,20190326,2706.1537,2737.3723,2739.2856,2693.9112,2718.1807,-12.027,-0.4425,40073955.0,52612740.798
000016.SH,20190325,2718.1807,2757.8104,2765.8419,2717.2935,2795.3909,-77.2102,-2.7621,52140915.0,66207961.992
000016.SH,20190322,2795.3909,2804.7176,2813.5151,2771.9562,2802.9647,-7.5738,-0.2702,35988070.0,50509047.892
000016.SH,20190321,2802.9647,2816.4519,2822.6336,2799.8337,2812.9179,-9.9532,-0.3538,43631385.0,63731399.243
000016.SH,20190320,2812.9179,2799.325,2831.6252,2787.2834,2806.8964,6.0215,0.2145,40322247.0,58429045.852
000016.SH,20190319,2806.8964,2830.2422,2842.4453,2797.717,2825.1837,-18.2873,-0.6473,43459056.0,62362679.352
000016.SH,20190318,2825.1837,2763.2251,2827.2603,2749.1986,2755.8053,69.3784,2.5175,61605235.0,87655202.122
000016.SH,20190315,2755.8053,2735.9993,2783.5066,2735.8626,2729.1324,26.6729,0.9773,44123096.0,67258458.922
000016.SH,20190314,2729.1324,2720.1882,2752.6613,2716.2685,2723.9618,5.1706,0.1898,43471813.0,62567909.556
000016.SH,20190313,2723.9618,2731.5007,2747.9566,2699.9803,2719.7727,4.1891,0.154,54064571.0,74117602.733
000016.SH,20190312,2719.7727,2730.5292,2759.6093,2704.6928,2708.5982,11.1745,0.4126,64867544.0,85051842.954
000016.SH,20190311,2708.5982,2683.7646,2714.0892,2670.7929,2685.592,23.0062,0.8567,52014052.0,70198689.432
000016.SH,20190308,2685.592,2731.5301,2753.5526,2684.1969,2789.7001,-104.1081,-3.7319,72033928.0,96388376.525
000016.SH,20190307,2789.7001,2831.3614,2831.3614,2773.3527,2840.2717,-50.5716,-1.7805,73263959.0,102232455.265
000016.SH,20190306,2840.2717,2827.8574,2847.3784,2797.5022,2828.8685,11.4032,0.4031,69492224.0,91060938.203
000016.SH,20190305,2828.8685,2829.4997,2835.106,2807.1226,2832.5878,-3.7193,-0.1313,60349235.0,75288723.604
000016.SH,20190304,2832.5878,2839.4045,2907.8176,2816.9787,2819.4681,13.1197,0.4653,92180167.0,118854256.221
000016.SH,20190301,2819.4681,2764.9462,2819.4681,2747.2132,2743.9716,75.4965,2.7514,56100147.0,76333697.134
000016.SH,20190228,2743.9716,2749.8699,2767.8608,2733.0302,2750.3391,-6.3675,-0.2315,46340959.0,62186339.126
000016.SH,20190227,2750.3391,2739.1109,2794.9321,2722.3094,2733.9005,16.4386,0.6013,75508865.0,91098634.597
000016.SH,20190226,2733.9005,2781.3088,2804.1631,2729.4761,2787.6987,-53.7982,-1.9298,87230161.0,114283254.756
000016.SH,20190225,2787.6987,2652.9056,2788.6667,2652.9056,2623.0736,164.6251,6.276,96939051.0,125003280.129
000016.SH,20190222,2623.0736,2575.9981,2623.0931,2555.7256,2577.2255,45.8481,1.779,41384151.0,53491957.465
000016.SH,20190221,2577.2255,2586.7389,2615.4696,2569.4752,2588.166,-10.9405,-0.4227,35252855.0,44405018.411
000016.SH,20190220,2588.166,2593.7887,2599.5452,2569.983,2579.0463,9.1197,0.3536,29965181.0,38166831.752
000016.SH,20190219,2579.0463,2586.8583,2614.3646,2568.1759,2582.8512,-3.8049,-0.1473,37907379.0,49607504.218
000016.SH,20190218,2582.8512,2540.5321,2583.3972,2540.2963,2517.4622,65.389,2.5974,37400592.0,47875957.598
000016.SH,20190215,2517.4622,2566.3365,2568.7861,2515.8877,2576.3062,-58.844,-2.284,30315796.0,39093901.907
000016.SH,20190214,2576.3062,2572.6415,2585.5084,2564.8712,2580.6116,-4.3054,-0.1668,27718515.0,35168460.065
000016.SH,20190213,2580.6116,2538.4162,2587.8764,2528.2264,2533.1817,47.4299,1.8723,39821832.0,48008835.511
000016.SH,20190212,2533.1817,2528.103,2537.2935,2515.026,2527.4736,5.7081,0.2258,25458804.0,33771727.407
000016.SH,20190211,2527.4736,2485.5032,2528.3844,2484.6479,2499.6442,27.8294,1.1133,25211570.0,34715191.184
000016.SH,20190201,2499.6442,2502.1044,2503.5526,2479.3375,2483.4709,16.1733,0.6512,21950054.0,29364022.984
000016.SH,20190131,2483.4709,2454.6436,2487.0965,2450.1839,2440.0146,43.4563,1.781,26681298.0,34141608.094
000016.SH,20190130,2440.0146,2445.8648,2462.6055,2439.3315,2455.8968,-15.8822,-0.6467,17835170.0,22414217.284
000016.SH,20190129,2455.8968,2433.3057,2461.5178,2423.4611,2437.0261,18.8707,0.7743,21863480.0,27141683.077
000016.SH,20190128,2437.0261,2455.2764,2473.1187,2429.8798,2441.64,-4.6139,-0.189,23468163.0,32696609.436
000016.SH,20190125,2441.64,2419.2563,2453.6657,2418.0088,2411.5621,30.0779,1.2472,25683679.0,32544229.949
000016.SH,20190124,2411.5621,2401.3761,2414.888,2385.0986,2397.0493,14.5128,0.6054,20415697.0,27328503.933
000016.SH,20190123,2397.0493,2397.4091,2414.024,2392.6418,2401.233,-4.1837,-0.1742,16290135.0,20185057.238
000016.SH,20190122,2401.233,2430.4346,2430.4346,2394.1847,2432.487,-31.254,-1.2849,19373137.0,25702750.008
000016.SH,20190121,2432.487,2418.0047,2443.2254,2418.0047,2417.363,15.124,0.6256,26237236.0,33912529.398
000016.SH,20190118,2417.363,2385.6219,2422.029,2380.5624,2371.3481,46.0149,1.9405,30088200.0,37495330.1
000016.SH,20190117,2371.3481,2388.5925,2396.7993,2370.5809,2381.2178,-9.8697,-0.4145,21555000.0,26964929.419
000016.SH,20190116,2381.2178,2375.1705,2385.216,2366.3446,2378.3696,2.8482,0.1198,18097039.0,25235752.765
000016.SH,20190115,2378.3696,2337.7021,2380.5995,2332.4095,2331.1358,47.2338,2.0262,22466336.0,32220714.37
000016.SH,20190114,2331.1358,2350.256,2354.3082,2330.0042,2354.4987,-23.3629,-0.9923,16462252.0,20643865.539
000016.SH,20190111,2354.4987,2342.0236,2360.0609,2334.9145,2331.8507,22.648,0.9712,18417693.0,24514111.745
000016.SH,20190110,2331.8507,2333.2162,2345.3313,2321.3049,2332.7192,-0.8685,-0.0372,22280507.0,28880603.065
000016.SH,20190109,2332.7192,2320.9119,2360.3601,2318.4352,2305.1708,27.5484,1.1951,28747596.0,37485405.834
000016.SH,20190108,2305.1708,2312.1705,2312.1705,2298.9548,2314.3193,-9.1485,-0.3953,18131160.0,22329122.125
000016.SH,20190107,2314.3193,2329.0316,2331.6031,2306.8979,2314.6466,-0.3273,-0.0141,25278948.0,31955994.374
000016.SH,20190104,2314.6466,2252.7449,2316.3528,2249.3658,2269.243,45.4036,2.0008,25900596.0,34317942.561
000016.SH,20190103,2269.243,2259.4825,2287.7778,2253.9433,2262.7908,6.4522,0.2851,18895240.0,24534925.485
000016.SH,20190102,2262.7908,2298.1805,2301.0552,2252.7479,2293.0985,-30.3077,-1.3217,20880697.0,28119934.116
000016.SH,20181228,2293.0985,2279.6989,2305.9083,2278.2485,2276.0571,17.0414,0.7487,24277348.0,30980579.878
000016.SH,20181227,2276.0571,2310.8103,2313.0456,2275.0369,2281.5579,-5.5008,-0.2411,26756215.0,29948335.973
000016.SH,20181226,2281.5579,2293.288,2303.1968,2278.2937,2297.3326,-15.7747,-0.6867,15787164.0,18688492.953
000016.SH,20181225,2297.3326,2285.66,2308.6053,2256.4712,2309.2327,-11.9001,-0.5153,24003262.0,27287608.705
000016.SH,20181224,2309.2327,2293.7481,2311.7347,2286.9894,2306.1451,3.0876,0.1339,18318296.0,21344497.127
000016.SH,20181221,2306.1451,2325.9784,2327.4365,2288.4047,2334.9217,-28.7766,-1.2324,24752807.0,31278956.943
000016.SH,20181220,2334.9217,2363.0038,2372.3737,2319.0959,2369.5483,-34.6266,-1.4613,26893461.0,32198354.747
000016.SH,20181219,2369.5483,2401.9082,2403.895,2366.4002,2397.8676,-28.3193,-1.181,18664633.0,25313964.258
000016.SH,20181218,2397.8676,2409.5758,2427.6848,2388.9827,2425.9446,-28.077,-1.1574,20681269.0,25490008.672
000016.SH,20181217,2425.9446,2420.5763,2430.8886,2409.0091,2423.3814,2.5632,0.1058,21170997.0,27336830.902
000016.SH,20181214,2423.3814,2446.8102,2448.7983,2423.0881,2457.9046,-34.5232,-1.4046,25855357.0,30934773.981
000016.SH,20181213,2457.9046,2429.3884,2469.6995,2423.5699,2423.3178,34.5868,1.4272,28085510.0,36815471.968
000016.SH,20181212,2423.3178,2437.6058,2437.6058,2414.3308,2415.5777,7.7401,0.3204,14230846.0,18683315.585
000016.SH,20181211,2415.5777,2408.9163,2420.5205,2405.8651,2408.6063,6.9714,0.2894,12885505.0,17056710.344
000016.SH,20181210,2408.6063,2410.1674,2425.7352,2399.3225,2430.7223,-22.116,-0.9099,17586515.0,23162583.367
000016.SH,20181207,2430.7223,2441.375,2444.9849,2427.8872,2434.4908,-3.7685,-0.1548,14534653.0,20820781.624
000016.SH,20181206,2434.4908,2453.5629,2460.2306,2431.8647,2481.7917,-47.3009,-1.9059,21671205.0,29561052.08
000016.SH,20181205,2481.7917,2467.5552,2492.3155,2465.2516,2496.1425,-14.3508,-0.5749,20483609.0,27883112.76
000016.SH,20181204,2496.1425,2488.5753,2496.8141,2476.9076,2488.0567,8.0858,0.325,23849605.0,30722358.309
000016.SH,20181203,2488.0567,2492.4334,2500.5679,2467.9351,2428.0445,60.0122,2.4716,35369612.0,48628578.697
000016.SH,20181130,2428.0445,2403.2314,2430.6502,2402.544,2401.8524,26.1921,1.0905,19322534.0,23150338.247
000016.SH,20181129,2401.8524,2437.9202,2441.4157,2401.8524,2421.1336,-19.2812,-0.7964,19845353.0,25290387.059
000016.SH,20181128,2421.1336,2396.295,2426.6596,2394.2508,2394.2943,26.8393,1.121,17059686.0,21351171.716
000016.SH,20181127,2394.2943,2407.2269,2416.4379,2387.9268,2401.8978,-7.6035,-0.3166,14968936.0,17940814.844
000016.SH,20181126,2401.8978,2409.4683,2423.4624,2393.9788,2399.2026,2.6952,0.1123,16215339.0,18832300.553
000016.SH,20181123,2399.2026,2433.5345,2441.3181,2398.7265,2437.6387,-38.4361,-1.5768,21219889.0,24231459.148
000016.SH,20181122,2437.6387,2455.7711,2456.9128,2426.123,2451.2723,-13.6336,-0.5562,16424828.0,21069166.872
000016.SH,20181121,2451.2723,2425.7163,2454.4595,2425.2317,2446.7911,4.4812,0.1831,21904534.0,26826856.469
000016.SH,20181120,2446.7911,2475.2281,2484.0128,2441.849,2492.0842,-45.2931,-1.8175,26945322.0,32913380.85
000016.SH,20181119,2492.0842,2466.4298,2492.0842,2461.7951,2461.4445,30.6397,1.2448,29720153.0,38040917.146
000016.SH,20181116,2461.4445,2458.4768,2482.4414,2443.1173,2459.1411,2.3034,0.0937,31500583.0,39145116.369
000016.SH,20181115,2459.1411,2430.1865,2459.4347,2427.0666,2429.9857,29.1554,1.1998,24745017.0,30254544.229
000016.SH,20181114,2429.9857,2462.1775,2462.1775,2425.9666,2462.9726,-32.9869,-1.3393,27016565.0,31710018.989
000016.SH,20181113,2462.9726,2415.2991,2474.8233,2413.7763,2444.9673,18.0053,0.7364,27681898.0,34914183.934
000016.SH,20181112,2444.9673,2426.8266,2447.4621,2419.9674,2434.212,10.7553,0.4418,22907299.0,29682528.968
000016.SH,20181109,2434.212,2469.89,2469.89,2434.0811,2485.9978,-51.7858,-2.0831,28036742.0,30360304.998
000016.SH,20181108,2485.9978,2507.5932,2511.0045,2480.3278,2482.3343,3.6635,0.1476,20311246.0,26155585.331
000016.SH,20181107,2482.3343,2503.6814,2521.1509,2479.2489,2499.6793,-17.345,-0.6939,26158564.0,30891232.864
000016.SH,20181106,2499.6793,2507.3589,2509.6404,2478.3756,2511.5897,-11.9104,-0.4742,22102400.0,27830069.266
000016.SH,20181105,2511.5897,2520.8774,2524.6516,2489.593,2542.768,-31.1783,-1.2262,28262359.0,37305733.73
000016.SH,20181102,2542.768,2522.39,2544.1873,2489.0674,2460.1619,82.6061,3.3578,47328804.0,62090716.32
000016.SH,20181101,2460.1619,2474.2673,2500.1246,2455.7319,2451.1207,9.0412,0.3689,37694390.0,50794892.605
000016.SH,20181031,2451.1207,2424.1609,2460.8368,2413.3366,2415.6485,35.4722,1.4684,34500763.0,44512207.236
000016.SH,20181030,2415.6485,2380.4668,2449.2854,2378.818,2389.5766,26.0719,1.0911,32464786.0,52081900.276
000016.SH,20181029,2389.5766,2461.9241,2465.3693,2377.9853,2468.9096,-79.333,-3.2133,28728277.0,40215886.72
000016.SH,20181026,2468.9096,2486.9974,2499.7579,2445.829,2485.0987,-16.1891,-0.6514,28793335.0,37746236.211
000016.SH,20181025,2485.0987,2419.1129,2486.7575,2415.4865,2477.4883,7.6104,0.3072,31130039.0,43012012.71
000016.SH,20181024,2477.4883,2459.3203,2530.7742,2459.2123,2464.8117,12.6766,0.5143,37027581.0,48850258.934
000016.SH,20181023,2464.8117,2539.6511,2544.2958,2451.6704,2540.1521,-75.3404,-2.966,35418623.0,55621787.795
000016.SH,20181022,2540.1521,2463.4925,2566.627,2463.4925,2446.3196,93.8325,3.8357,46328068.0,64393838.244
000016.SH,20181019,2446.3196,2353.8361,2451.7576,2344.9814,2369.0679,77.2517,3.2608,31382548.0,42185839.557
000016.SH,20181018,2369.0679,2416.3723,2416.3723,2367.7141,2429.2145,-60.1466,-2.476,22765046.0,29580379.005
000016.SH,20181017,2429.2145,2446.478,2451.1869,2384.1416,2415.492,13.7225,0.5681,24854130.0,31533042.167
000016.SH,20181016,2415.492,2414.317,2459.8784,2407.0034,2412.4791,3.0129,0.1249,19832199.0,26111832.842
000016.SH,20181015,2412.4791,2443.7309,2448.257,2407.5483,2444.1305,-31.6514,-1.295,20543216.0,26673331.724
000016.SH,20181012,2444.1305,2398.1799,2452.6865,2390.994,2390.5025,53.628,2.2434,29000533.0,37470242.153
000016.SH,20181011,2390.5025,2412.2212,2446.3735,2369.0253,2494.0558,-103.5533,-4.152,36931486.0,47144413.739
000016.SH,20181010,2494.0558,2495.8598,2518.607,2472.1897,2491.6628,2.393,0.096,20421095.0,29055984.671
000016.SH,20181009,2491.6628,2481.5885,2506.2665,2476.3458,2486.8222,4.8406,0.1947,21668620.0,27821740.445
000016.SH,20181008,2486.8222,2544.4908,2548.8941,2481.1833,2606.6676,-119.8454,-4.5976,33707752.0,45896477.01
000016.SH,20180928,2606.6676,2580.6563,2618.8254,2577.9827,2575.4485,31.2191,1.2122,28780345.0,37086066.741
000016.SH,20180927,2575.4485,2582.1155,2584.0671,2561.576,2582.7666,-7.3181,-0.2833,22953309.0,29831869.532
000016.SH,20180926,2582.7666,2555.9205,2610.5899,2553.1663,2547.7911,34.9755,1.3728,33704338.0,45864299.944
000016.SH,20180925,2547.7911,2545.2136,2560.7169,2536.4278,2573.6031,-25.812,-1.003,24321290.0,29275324.016
000016.SH,20180921,2573.6031,2495.7377,2573.6031,2485.4117,2487.4223,86.1808,3.4647,41753278.0,46760013.495
000016.SH,20180920,2487.4223,2492.3952,2503.0998,2480.5359,2487.0771,0.3452,0.0139,22948441.0,27327581.707
000016.SH,20180919,2487.0771,2455.4421,2505.0027,2452.5801,2458.7677,28.3094,1.1514,28973848.0,38581196.693
000016.SH,20180918,2458.7677,2391.9463,2459.7704,2391.7279,2399.8807,58.887,2.4537,22891942.0,29860440.834
000016.SH,20180917,2399.8807,2411.3765,2418.1387,2397.9374,2425.4208,-25.5401,-1.053,13684293.0,18413972.405
000016.SH,20180914,2425.4208,2421.6597,2434.6738,2410.6633,2415.3115,10.1093,0.4186,16391883.0,22697487.912
000016.SH,20180913,2415.3115,2413.4104,2419.9987,2381.0254,2381.3883,33.9232,1.4245,21471991.0,28306392.807
000016.SH,20180912,2381.3883,2389.2845,2398.7281,2373.0362,2398.7678,-17.3795,-0.7245,16845245.0,22303172.718
000016.SH,20180911,2398.7678,2412.1806,2422.9416,2387.6431,2413.4258,-14.658,-0.6074,18111101.0,23434140.834
000016.SH,20180910,2413.4258,2431.1783,2440.107,2410.7861,2437.677,-24.2512,-0.9948,18041257.0,22252755.105
000016.SH,20180907,2437.677,2424.417,2458.2582,2416.1616,2416.0328,21.6442,0.8959,18360830.0,24990642.531
000016.SH,20180906,2416.0328,2432.3952,2449.8324,2408.934,2441.2299,-25.1971,-1.0321,20873911.0,26783391.769
000016.SH,20180905,2441.2299,2488.9038,2493.473,2441.2299,2500.4376,-59.2077,-2.3679,21316444.0,25994314.951
000016.SH,20180904,2500.4376,2467.2526,2507.0367,2451.7197,2465.8797,34.5579,1.4014,20593805.0,26778972.753
000016.SH,20180903,2465.8797,2461.86,2470.5142,2445.8731,2474.4765,-8.5968,-0.3474,18306655.0,23175179.024
000016.SH,20180831,2474.4765,2462.7956,2490.4603,2455.9854,2479.2095,-4.733,-0.1909,26221781.0,34676329.32
000016.SH,20180830,2479.2095,2506.5297,2519.401,2479.2095,2503.4801,-24.2706,-0.9695,18233552.0,24060028.051
000016.SH,20180829,2503.4801,2506.1492,2515.0018,2497.8187,2511.1452,-7.6651,-0.3052,18183977.0,22304401.348
000016.SH,20180828,2511.1452,2524.9224,2530.4967,2503.8061,2522.3395,-11.1943,-0.4438,21401627.0,27357476.589
000016.SH,20180827,2522.3395,2484.4092,2522.3395,2482.5165,2471.9989,50.3406,2.0364,28385082.0,36374960.729
000016.SH,20180824,2471.9989,2449.3718,2496.3853,2438.7209,2461.0673,10.9316,0.4442,20760608.0,25033439.733
000016.SH,20180823,2461.0673,2453.6554,2474.6885,2435.1603,2450.1537,10.9136,0.4454,18856430.0,26228812.908
000016.SH,20180822,2450.1537,2461.4007,2461.4007,2438.9424,2452.3833,-2.2296,-0.0909,16052916.0,23341039.576
000016.SH,20180821,2452.3833,2411.9829,2461.1357,2410.8882,2409.1289,43.2544,1.7954,24358955.0,32859740.792
000016.SH,20180820,2409.1289,2386.143,2409.1289,2370.8243,2374.1729,34.956,1.4723,23001283.0,29137721.787
000016.SH,20180817,2374.1729,2427.4705,2429.6778,2370.0406,2405.1638,-30.9909,-1.2885,20629848.0,27133585.817
000016.SH,20180816,2405.1638,2381.0087,2430.9171,2367.0476,2408.7219,-3.5581,-0.1477,25498718.0,29471698.509
000016.SH,20180815,2408.7219,2467.2474,2467.4461,2405.6043,2469.2002,-60.4783,-2.4493,19756173.0,25686441.97
000016.SH,20180814,2469.2002,2475.4668,2482.7051,2454.9847,2478.5086,-9.3084,-0.3756,17071931.0,20045977.121
000016.SH,20180813,2478.5086,2480.1013,2485.2335,2442.2277,2503.2058,-24.6972,-0.9866,22941849.0,26665351.434
000016.SH,20180810,2503.2058,2505.3103,2518.1091,2485.9756,2504.6172,-1.4114,-0.0564,19421209.0,24186557.133
000016.SH,20180809,2504.6172,2437.4492,2510.3592,2435.7942,2446.9978,57.6194,2.3547,26576959.0,34656639.611
000016.SH,20180808,2446.9978,2476.401,2481.8426,2443.0683,2479.7796,-32.7818,-1.322,23590929.0,29660523.517
000016.SH,20180807,2479.7796,2416.0124,2480.0957,2407.6426,2406.5365,73.2431,3.0435,29752110.0,36302268.723
000016.SH,20180806,2406.5365,2417.3015,2448.9765,2393.6822,2413.5032,-6.9667,-0.2887,25723041.0,32153359.031
000016.SH,20180803,2413.5032,2438.8435,2452.0665,2413.2507,2440.3127,-26.8095,-1.0986,21546213.0,27748476.376
000016.SH,20180802,2440.3127,2483.757,2485.4082,2412.9611,2490.2454,-49.9327,-2.0051,29601109.0,38564615.487
000016.SH,20180801,2490.2454,2557.605,2570.3119,2489.1249,2545.1243,-54.8789,-2.1562,27372269.0,34530061.577
000016.SH,20180731,2545.1243,2537.0289,2553.8068,2521.8197,2541.3081,3.8162,0.1502,20241929.0,24039711.426
000016.SH,20180730,2541.3081,2525.3808,2562.7609,2515.5526,2525.0915,16.2166,0.6422,24506255.0,31092980.164
000016.SH,20180727,2525.0915,2529.6595,2541.2253,2515.8892,2530.9913,-5.8998,-0.2331,18966728.0,24518467.496
000016.SH,20180726,2530.9913,2570.4844,2578.7151,2525.6665,2563.6871,-32.6958,-1.2753,25328431.0,31611476.175
000016.SH,20180725,2563.6871,2573.9288,2573.9594,2550.966,2563.5835,0.1036,0.004,26507281.0,32665789.732
000016.SH,20180724,2563.5835,2534.0715,2579.5931,2534.0715,2526.8127,36.7708,1.4552,48833416.0,59894611.877
000016.SH,20180723,2526.8127,2482.0482,2533.7736,2478.1883,2493.765,33.0477,1.3252,39625663.0,48771098.188
000016.SH,20180720,2493.765,2426.0974,2506.9362,2409.0533,2426.1628,67.6022,2.7864,34453471.0,43533098.708
000016.SH,20180719,2426.1628,2432.8921,2452.4453,2418.66,2420.7591,5.4037,0.2232,20446054.0,27782080.917
000016.SH,20180718,2420.7591,2437.3761,2458.4802,2419.3161,2430.4445,-9.6854,-0.3985,17807465.0,25693424.28
000016.SH,20180717,2430.4445,2443.5479,2446.0981,2414.3524,2448.765,-18.3205,-0.7482,16666433.0,23394743.345
000016.SH,20180716,2448.765,2471.1523,2484.1708,2438.8598,2476.8642,-28.0992,-1.1345,19872462.0,26038758.256
000016.SH,20180713,2476.8642,2480.8213,2481.5568,2464.9487,2474.6247,2.2395,0.0905,19832100.0,27255893.768
000016.SH,20180712,2474.6247,2425.6658,2490.4438,2425.6658,2432.2785,42.3462,1.741,27324093.0,35199534.603
000016.SH,20180711,2432.2785,2420.1787,2443.3456,2409.3108,2471.2299,-38.9514,-1.5762,20851901.0,25413234.429
000016.SH,20180710,2471.2299,2475.9776,2477.8448,2448.8609,2471.2851,-0.0552,-0.0022,21373460.0,27528532.984
000016.SH,20180709,2471.2851,2410.5172,2471.7978,2410.5172,2402.617,68.6681,2.8581,24333366.0,32262518.042
000016.SH,20180706,2402.617,2378.8689,2422.4035,2349.4759,2374.3553,28.2617,1.1903,24922030.0,34949296.696
000016.SH,20180705,2374.3553,2370.8634,2398.5647,2352.9749,2368.4251,5.9302,0.2504,25268639.0,31987649.266
000016.SH,20180704,2368.4251,2381.2531,2403.5109,2365.8939,2388.9763,-20.5512,-0.8603,19664477.0,25915678.562
000016.SH,20180703,2388.9763,2389.3604,2395.0801,2331.8404,2386.3765,2.5998,0.1089,29074680.0,41734889.556
000016.SH,20180702,2386.3765,2473.3116,2473.7343,2370.3999,2479.9115,-93.535,-3.7717,26108151.0,34815664.914
000016.SH,20180629,2479.9115,2431.8087,2481.3228,2429.5937,2425.1758,54.7357,2.257,20762653.0,28882933.472
000016.SH,20180628,2425.1758,2431.8604,2461.1738,2418.295,2452.6386,-27.4628,-1.1197,22856049.0,33377733.487
000016.SH,20180627,2452.6386,2500.0663,2512.5855,2438.0431,2506.7166,-54.078,-2.1573,27426919.0,38191024.071
000016.SH,20180626,2506.7166,2516.0829,2519.1612,2470.1462,2536.4599,-29.7433,-1.1726,26450100.0,36753950.477
000016.SH,20180625,2536.4599,2593.6247,2595.9885,2535.1222,2583.708,-47.2481,-1.8287,23443084.0,34770055.543
000016.SH,20180622,2583.708,2564.8679,2586.3338,2553.2993,2579.0517,4.6563,0.1805,19658834.0,27587280.77
000016.SH,20180621,2579.0517,2597.3032,2628.0383,2575.1735,2598.328,-19.2763,-0.7419,24632386.0,37656267.118
000016.SH,20180620,2598.328,2588.1187,2607.4674,2567.4983,2599.7801,-1.4521,-0.0559,23830855.0,37407473.004
000016.SH,20180619,2599.7801,2638.3951,2646.6398,2571.6922,2667.9751,-68.195,-2.5561,57574355.0,78041470.955
000016.SH,20180615,2667.9751,2657.5896,2677.3105,2657.506,2671.2975,-3.3224,-0.1244,25618389.0,36641713.691
000016.SH,20180614,2671.2975,2662.2343,2691.0449,2659.5741,2671.6265,-0.329,-0.0123,21356957.0,36200038.471
000016.SH,20180613,2671.6265,2681.3132,2686.0677,2662.7477,2687.7018,-16.0753,-0.5981,19387165.0,31276410.277
000016.SH,20180612,2687.7018,2662.3871,2691.9664,2650.9744,2660.4084,27.2934,1.0259,19643008.0,37585972.996
000016.SH,20180611,2660.4084,2644.4271,2665.9317,2633.082,2652.0823,8.3261,0.3139,19775018.0,34247914.46
000016.SH,20180608,2652.0823,2686.0929,2686.1535,2637.3625,2695.2374,-43.1551,-1.6012,26031212.0,34396136.01
000016.SH,20180607,2695.2374,2697.5121,2717.0637,2693.1048,2692.1807,3.0567,0.1135,23511030.0,37061172.274
000016.SH,20180606,2692.1807,2702.7119,2703.4144,2688.3289,2707.0168,-14.8361,-0.5481,20523118.0,32474828.529
000016.SH,20180605,2707.0168,2697.6934,2712.1161,2680.2417,2694.577,12.4398,0.4617,22214405.0,39274706.066
000016.SH,20180604,2694.577,2664.845,2697.7518,2658.5681,2647.1867,47.3903,1.7902,22546288.0,34965207.424
000016.SH,20180601,2647.1867,2652.2511,2664.3107,2637.3739,2658.2917,-11.105,-0.4177,20387624.0,27262324.847
000016.SH,20180531,2658.2917,2626.9376,2661.6567,2624.6717,2605.9005,52.3912,2.0105,26506810.0,40160427.279
000016.SH,20180530,2605.9005,2632.7129,2637.1916,2604.9059,2663.4034,-57.5029,-2.159,24208986.0,31639051.769
000016.SH,20180529,2663.4034,2666.8301,2676.6828,2642.8669,2673.1985,-9.7951,-0.3664,26895624.0,34869490.393
000016.SH,20180528,2673.1985,2661.2082,2682.7805,2650.398,2661.2911,11.9074,0.4474,18533039.0,25502551.443
000016.SH,20180525,2661.2911,2663.3212,2679.8487,2650.3387,2665.6758,-4.3847,-0.1645,19942205.0,22816577.239
000016.SH,20180524,2665.6758,2684.1321,2691.0337,2664.1226,2683.6934,-18.0176,-0.6714,19732689.0,23694518.902
000016.SH,20180523,2683.6934,2721.0206,2721.0206,2683.5856,2728.0004,-44.307,-1.6242,25426594.0,31024068.02
000016.SH,20180522,2728.0004,2744.3238,2744.3238,2711.0597,2745.8041,-17.8037,-0.6484,23340295.0,27343649.959
000016.SH,20180521,2745.8041,2753.8794,2761.7225,2739.6817,2740.5347,5.2694,0.1923,27766582.0,34138508.286
000016.SH,20180518,2740.5347,2697.7172,2741.014,2690.9915,2700.8768,39.6579,1.4683,22927267.0,28871526.639
000016.SH,20180517,2700.8768,2720.7715,2724.39,2698.1711,2716.7818,-15.905,-0.5854,16746907.0,22819122.418
000016.SH,20180516,2716.7818,2739.8948,2744.6179,2714.2644,2750.8309,-34.0491,-1.2378,21808679.0,29565944.252
000016.SH,20180515,2750.8309,2760.1979,2760.5682,2731.5668,2753.5353,-2.7044,-0.0982,22526422.0,29285882.544
000016.SH,20180514,2753.5353,2736.9752,2761.4948,2736.0351,2724.7162,28.8191,1.0577,27061501.0,36510022.488
000016.SH,20180511,2724.7162,2737.2278,2738.6456,2720.5471,2729.4001,-4.6839,-0.1716,23488885.0,28916753.234
000016.SH,20180510,2729.4001,2727.5158,2738.6293,2712.4744,2717.2393,12.1608,0.4475,19609175.0,26915822.603
000016.SH,20180509,2717.2393,2723.0859,2725.1955,2706.4814,2722.88,-5.6407,-0.2072,20264916.0,26836482.892
000016.SH,20180508,2722.88,2683.841,2736.7572,2682.7941,2683.8487,39.0313,1.4543,31644364.0,45366811.968
000016.SH,20180507,2683.8487,2649.0997,2686.221,2638.1682,2646.3548,37.4939,1.4168,26608010.0,39387560.48
000016.SH,20180504,2646.3548,2659.2724,2669.6982,2643.2567,2663.9752,-17.6204,-0.6614,20761663.0,27084460.654
000016.SH,20180503,2663.9752,2643.9661,2671.2449,2626.5404,2652.7311,11.2441,0.4239,26222350.0,34759395.616
000016.SH,20180502,2652.7311,2662.0787,2667.9624,2637.0612,2653.5436,-0.8125,-0.0306,26659402.0,36833147.151
000016.SH,20180427,2653.5436,2672.6362,2675.0958,2613.5267,2666.0239,-12.4803,-0.4681,28375248.0,50547114.328
000016.SH,20180426,2666.0239,2712.517,2717.5693,2652.4225,2702.9802,-36.9563,-1.3672,23533135.0,30650849.167
000016.SH,20180425,2702.9802,2707.7101,2717.3144,2696.2223,2722.8474,-19.8672,-0.7296,23501293.0,27772719.983
000016.SH,20180424,2722.8474,2669.6103,2737.2062,2669.6103,2664.9175,57.9299,2.1738,39445289.0,47857182.807
000016.SH,20180423,2664.9175,2637.071,2671.0096,2636.6773,2647.3763,17.5412,0.6626,25321251.0,29520126.739
000016.SH,20180420,2647.3763,2672.3583,2677.9209,2632.7466,2682.5518,-35.1755,-1.3113,28139647.0,34288995.784
000016.SH,20180419,2682.5518,2661.3006,2693.1359,2656.1487,2653.7691,28.7827,1.0846,26025677.0,34609094.804
000016.SH,20180418,2653.7691,2666.6167,2668.7892,2623.9744,2635.7032,18.0659,0.6854,31549903.0,40117474.816
000016.SH,20180417,2635.7032,2669.2648,2683.4957,2633.5923,2664.7045,-29.0013,-1.0883,27139751.0,34686808.558
000016.SH,20180416,2664.7045,2716.5786,2723.5796,2656.52,2726.3956,-61.6911,-2.2627,36748757.0,42548544.19
000016.SH,20180413,2726.3956,2765.6697,2771.0319,2724.1662,2749.6986,-23.303,-0.8475,21750014.0,26441150.858
000016.SH,20180412,2749.6986,2785.1209,2785.3072,2747.772,2785.3386,-35.64,-1.2796,26112148.0,32674719.394
000016.SH,20180411,2785.3386,2782.6714,2803.8806,2767.3767,2780.8036,4.535,0.1631,38988811.0,45163364.683
000016.SH,20180410,2780.8036,2719.517,2781.2685,2710.8682,2715.7318,65.0718,2.3961,38082535.0,46905059.931
000016.SH,20180409,2715.7318,2706.3294,2721.5909,2688.8314,2702.3692,13.3626,0.4945,26293549.0,35014124.147
000016.SH,20180404,2702.3692,2706.4205,2730.2484,2698.8863,2697.272,5.0972,0.189,26732258.0,37548671.722
000016.SH,20180403,2697.272,2690.6325,2709.9075,2683.048,2711.3735,-14.1015,-0.5201,28628162.0,36026223.651
000016.SH,20180402,2711.3735,2717.1183,2754.6509,2707.6327,2722.153,-10.7795,-0.396,34698719.0,43302463.214
000016.SH,20180330,2722.153,2735.6242,2740.8194,2714.7667,2738.7906,-16.6376,-0.6075,31681918.0,39358358.981
000016.SH,20180329,2738.7906,2699.1359,2757.7792,2657.492,2694.8259,43.9647,1.6314,42353919.0,57630689.83
000016.SH,20180328,2694.8259,2714.8736,2746.8803,2687.9567,2747.5872,-52.7613,-1.9203,34583486.0,50997098.74
000016.SH,20180327,2747.5872,2775.6346,2780.8388,2726.3603,2738.868,8.7192,0.3184,39211664.0,49589358.458
000016.SH,20180326,2738.868,2767.3635,2773.5378,2709.568,2791.4674,-52.5994,-1.8843,42742210.0,56021077.844
000016.SH,20180323,2791.4674,2786.531,2800.2467,2754.6598,2866.6702,-75.2028,-2.6234,62623251.0,74872353.298
000016.SH,20180322,2866.6702,2894.1292,2902.7671,2851.294,2894.1835,-27.5133,-0.9506,30505808.0,42875777.208
000016.SH,20180321,2894.1835,2928.9996,2932.2176,2879.5251,2904.3972,-10.2137,-0.3517,33388762.0,47299461.831
000016.SH,20180320,2904.3972,2878.9533,2907.5229,2877.0999,2897.2558,7.1414,0.2465,27129403.0,33929944.349
000016.SH,20180319,2897.2558,2870.3649,2898.2345,2856.171,2870.7318,26.524,0.9239,26042930.0,37418712.946
000016.SH,20180316,2870.7318,2895.5064,2911.1939,2869.9671,2894.9828,-24.251,-0.8377,27192101.0,36436840.718
000016.SH,20180315,2894.9828,2860.4136,2895.6118,2860.4136,2871.334,23.6488,0.8236,26260075.0,35212947.634
000016.SH,20180314,2871.334,2871.7227,2879.5374,2860.9695,2883.3771,-12.0431,-0.4177,30886301.0,36928754.27
000016.SH,20180313,2883.3771,2909.2478,2921.3074,2878.2003,2909.5793,-26.2022,-0.9005,40607603.0,44383331.438
000016.SH,20180312,2909.5793,2922.6177,2927.5081,2897.2355,2908.1974,1.3819,0.0475,44985076.0,54236062.326
000016.SH,20180309,2908.1974,2907.0416,2916.5531,2891.8682,2898.2542,9.9432,0.3431,31504490.0,39303801.991
000016.SH,20180308,2898.2542,2878.8198,2903.0532,2865.5516,2878.1506,20.1036,0.6985,28963037.0,37537677.98
000016.SH,20180307,2878.1506,2892.442,2921.4421,2868.0359,2892.4752,-14.3246,-0.4952,37917658.0,45394077.229
000016.SH,20180306,2892.4752,2878.9177,2893.462,2838.6092,2863.9909,28.4843,0.9946,47593576.0,53720112.308
000016.SH,20180305,2863.9909,2865.2016,2889.7377,2846.9319,2864.1834,-0.1925,-0.0067,29967149.0,36066405.586
000016.SH,20180302,2864.1834,2864.1751,2887.893,2852.0115,2891.2982,-27.1148,-0.9378,29864517.0,36583775.828
000016.SH,20180301,2891.2982,2859.09,2907.2684,2852.4923,2878.6666,12.6316,0.4388,32284888.0,40076068.744
000016.SH,20180228,2878.6666,2899.0023,2905.5729,2866.4622,2927.0968,-48.4302,-1.6545,38758134.0,47725005.592
000016.SH,20180227,2927.0968,2979.768,2979.768,2918.007,2973.7855,-46.6887,-1.57,46201435.0,54502425.839
000016.SH,20180226,2973.7855,2973.8138,2986.813,2933.5161,2957.171,16.6145,0.5618,50214027.0,58593508.704
000016.SH,20180223,2957.171,2941.4214,2966.7522,2926.3629,2931.8815,25.2895,0.8626,38207489.0,45850903.406
000016.SH,20180222,2931.8815,2915.9685,2936.8458,2900.8733,2871.7873,60.0942,2.0926,39297753.0,49214807.418
000016.SH,20180214,2871.7873,2859.8663,2877.0369,2841.2391,2852.7169,19.0704,0.6685,25349814.0,31690057.642
000016.SH,20180213,2852.7169,2834.3901,2887.893,2834.3901,2805.211,47.5059,1.6935,46622211.0,56890392.995
000016.SH,20180212,2805.211,2803.8592,2823.8067,2776.9576,2810.0273,-4.8163,-0.1714,46290004.0,56121422.794
000016.SH,20180209,2810.0273,2857.4334,2871.5441,2724.5915,2945.8438,-135.8165,-4.6104,91925899.0,111222597.35
000016.SH,20180208,2945.8438,2998.603,3019.2746,2911.403,3029.6011,-83.7573,-2.7646,73117846.0,89454605.332
000016.SH,20180207,3029.6011,3147.323,3166.6982,3020.3926,3117.4905,-87.8894,-2.8192,94700492.0,119171431.798
000016.SH,20180206,3117.4905,3114.3466,3140.0317,3094.4926,3181.3393,-63.8488,-2.007,98646622.0,127406400.502
000016.SH,20180205,3181.3393,3098.6722,3181.5942,3095.9874,3149.6414,31.6979,1.0064,71607348.0,91528595.257
000016.SH,20180202,3149.6414,3113.2991,3150.697,3082.9941,3141.23,8.4114,0.2678,52901436.0,72098054.089
000016.SH,20180201,3141.23,3120.1331,3141.7685,3101.3386,3116.8331,24.3969,0.7827,72193287.0,92604918.753
000016.SH,20180131,3116.8331,3063.2335,3118.7622,3062.5284,3079.1178,37.7153,1.2249,55607397.0,72990261.128
000016.SH,20180130,3079.1178,3109.1853,3127.7506,3077.314,3120.6951,-41.5773,-1.3323,54275944.0,69473844.578
000016.SH,20180129,3120.6951,3184.298,3197.8398,3107.9564,3172.7776,-52.0825,-1.6415,72920214.0,96641913.863
000016.SH,20180126,3172.7776,3147.4779,3195.072,3147.4779,3157.4592,15.3184,0.4851,82164637.0,94465283.69
000016.SH,20180125,3157.4592,3171.3495,3177.4071,3124.4555,3180.3318,-22.8726,-0.7192,77363976.0,97574390.99
000016.SH,20180124,3180.3318,3189.7683,3202.4699,3150.5532,3176.5042,3.8276,0.1205,99130667.0,125182317.027
000016.SH,20180123,3176.5042,3145.1079,3177.7627,3144.2813,3130.3299,46.1743,1.4751,101691899.0,120507375.577
000016.SH,20180122,3130.3299,3104.9585,3144.8513,3104.4049,3117.8212,12.5087,0.4012,77465852.0,96853995.904
000016.SH,20180119,3117.8212,3122.672,3145.9935,3100.4066,3106.5516,11.2696,0.3628,94955302.0,117995222.318
000016.SH,20180118,3106.5516,3096.2011,3125.8631,3084.2792,3076.1819,30.3697,0.9873,87706926.0,111974246.516
000016.SH,20180117,3076.1819,3071.499,3132.9929,3060.2185,3063.8609,12.321,0.4021,91066330.0,119155711.644
000016.SH,20180116,3063.8609,3041.3642,3065.1869,3035.7676,3048.8075,15.0534,0.4937,64262468.0,87195144.294
000016.SH,20180115,3048.8075,3027.2028,3070.9386,3022.4724,3018.5957,30.2118,1.0009,64988821.0,89764581.677
000016.SH,20180112,3018.5957,2997.9008,3019.702,2993.5648,2997.0448,21.5509,0.7191,38168296.0,55328487.662
000016.SH,20180111,2997.0448,2986.7923,3009.992,2981.3345,2995.5641,1.4807,0.0494,42351821.0,56280148.974
000016.SH,20180110,2995.5641,2968.3436,2999.7483,2966.1807,2969.3175,26.2466,0.8839,57763850.0,72207517.696
000016.SH,20180109,2969.3175,2947.5496,2972.4254,2947.1159,2947.7613,21.5562,0.7313,40589034.0,60495808.429
000016.SH,20180108,2947.7613,2933.8245,2952.344,2926.8709,2932.3558,15.4055,0.5254,58052793.0,82070565.457
000016.SH,20180105,2932.3558,2926.7782,2940.1799,2920.0843,2919.4787,12.8771,0.4411,49943348.0,62492266.389
000016.SH,20180104,2919.4787,2918.2559,2934.1518,2910.6624,2913.2596,6.2191,0.2135,43520711.0,59071711.306
000016.SH,20180103,2913.2596,2914.2787,2947.6307,2906.5984,2908.7318,4.5278,0.1557,48206865.0,69339662.348
000016.SH,20180102,2908.7318,2867.5282,2912.2694,2867.5282,2860.4363,48.2955,1.6884,54008668.0,63411514.961
000016.SH,20171229,2860.4363,2861.919,2876.1918,2849.6787,2859.0537,1.3826,0.0484,28631400.0,40451478.933
000016.SH,20171228,2859.0537,2842.7313,2870.8941,2829.542,2839.6346,19.4191,0.6839,34351482.0,51738560.594
000016.SH,20171227,2839.6346,2886.7003,2889.3088,2832.0229,2894.3358,-54.7012,-1.8899,32138676.0,45980785.891
000016.SH,20171226,2894.3358,2878.7538,2897.6178,2868.6044,2880.0968,14.239,0.4944,27001023.0,37479220.536
000016.SH,20171225,2880.0968,2882.2781,2915.6089,2868.8613,2880.7725,-0.6757,-0.0235,26314099.0,39860539.032
000016.SH,20171222,2880.7725,2891.7213,2897.0338,2876.0165,2895.3659,-14.5934,-0.504,18956880.0,27835325.512
000016.SH,20171221,2895.3659,2871.6834,2906.8072,2862.2294,2879.6434,15.7225,0.546,25781561.0,38962108.359
000016.SH,20171220,2879.6434,2874.0545,2887.2322,2861.5375,2873.0302,6.6132,0.2302,28458123.0,41956966.18
000016.SH,20171219,2873.0302,2829.549,2873.6011,2827.4384,2829.0585,43.9717,1.5543,23789168.0,38584552.516
000016.SH,20171218,2829.0585,2821.4191,2842.8138,2815.8199,2820.1666,8.8919,0.3153,20702573.0,29731950.926
000016.SH,20171215,2820.1666,2844.1017,2846.5165,2817.3175,2850.0458,-29.8792,-1.0484,26667418.0,35570708.838
000016.SH,20171214,2850.0458,2874.9463,2878.3211,2841.9207,2872.94,-22.8942,-0.7969,22766719.0,32316889.274
000016.SH,20171213,2872.94,2850.4681,2879.4054,2834.9278,2850.1969,22.7431,0.7979,22381649.0,33848005.178
000016.SH,20171212,2850.1969,2897.6645,2900.2742,2849.3918,2899.1036,-48.9067,-1.687,26086531.0,36558523.502
000016.SH,20171211,2899.1036,2862.6063,2900.1668,2857.9828,2865.3407,33.7629,1.1783,28687751.0,44155352.637
000016.SH,20171208,2865.3407,2843.2021,2872.8208,2832.7981,2848.888,16.4527,0.5775,25364927.0,37958647.348
000016.SH,20171207,2848.888,2868.2037,2875.7407,2828.2335,2875.7315,-26.8435,-0.9334,27940527.0,39788412.878
000016.SH,20171206,2875.7315,2897.2254,2897.2254,2845.1345,2910.4755,-34.744,-1.1938,31693883.0,46136992.608
000016.SH,20171205,2910.4755,2852.8197,2922.3279,2851.3166,2861.3609,49.1146,1.7165,59599972.0,78760354.316
000016.SH,20171204,2861.3609,2829.8111,2868.2937,2823.9355,2842.1841,19.1768,0.6747,26911901.0,42169177.864
000016.SH,20171201,2842.1841,2861.8966,2867.1148,2834.262,2863.4469,-21.2628,-0.7426,30789844.0,45681945.059
000016.SH,20171130,2863.4469,2878.5252,2895.5282,2850.3123,2893.2825,-29.8356,-1.0312,35802178.0,51612041.701
000016.SH,20171129,2893.2825,2905.3313,2914.0667,2855.8527,2897.107,-3.8245,-0.132,36005237.0,50246701.565
000016.SH,20171128,2897.107,2900.0777,2908.3648,2872.534,2917.306,-20.199,-0.6924,30693710.0,42668016.391
000016.SH,20171127,2917.306,2928.3575,2928.8632,2885.6037,2936.8339,-19.5279,-0.6649,50187197.0,67344522.314
000016.SH,20171124,2936.8339,2934.4465,2949.7937,2907.1,2940.7256,-3.8917,-0.1323,45426296.0,65421397.402
000016.SH,20171123,2940.7256,3003.7768,3018.2596,2919.6522,3012.3552,-71.6296,-2.3779,66990986.0,89773742.201
000016.SH,20171122,3012.3552,3001.9506,3038.2756,2989.8171,2987.1731,25.1821,0.843,74555729.0,99081500.982
000016.SH,20171121,2987.1731,2928.9235,3012.8935,2927.61,2941.1532,46.0199,1.5647,63648682.0,91543185.659
000016.SH,20171120,2941.1532,2916.7381,2942.1402,2897.2049,2938.7983,2.3549,0.0801,43840765.0,63399459.397
000016.SH,20171117,2938.7983,2868.5192,2940.7738,2867.5864,2879.3977,59.4006,2.063,68472023.0,94406687.96
000016.SH,20171116,2879.3977,2840.3621,2880.9834,2840.3621,2850.0504,29.3473,1.0297,32051824.0,49388290.032
000016.SH,20171115,2850.0504,2848.7673,2864.3659,2839.461,2861.4234,-11.373,-0.3975,32974209.0,46704463.812
000016.SH,20171114,2861.4234,2876.748,2882.7922,2853.7768,2873.5145,-12.0911,-0.4208,36037160.0,50380322.667
000016.SH,20171113,2873.5145,2865.7827,2885.7022,2865.721,2862.3432,11.1713,0.3903,48459049.0,57913427.076
000016.SH,20171110,2862.3432,2828.1222,2867.0623,2827.7397,2832.9612,29.382,1.0371,44198338.0,61842416.412
000016.SH,20171109,2832.9612,2814.5684,2834.5103,2809.9574,2819.9571,13.0041,0.4611,32704232.0,41950628.735
000016.SH,20171108,2819.9571,2818.6698,2846.2997,2811.1058,2821.9558,-1.9987,-0.0708,44768530.0,58278446.355
000016.SH,20171107,2821.9558,2794.1929,2832.1382,2792.7012,2792.2237,29.7321,1.0648,49368280.0,62260600.286
000016.SH,20171106,2792.2237,2798.4715,2798.4715,2776.9492,2800.4688,-8.2451,-0.2944,33268910.0,43470106.571
000016.SH,20171103,2800.4688,2789.5399,2803.3141,2770.1248,2794.1017,6.3671,0.2279,38906160.0,46914635.94
000016.SH,20171102,2794.1017,2788.1144,2796.4305,2771.1529,2789.4022,4.6995,0.1685,37526868.0,45419208.697
000016.SH,20171101,2789.4022,2795.1916,2816.2952,2782.0608,2793.7119,-4.3097,-0.1543,46204132.0,57994095.087
000016.SH,20171031,2793.7119,2795.5379,2797.7884,2785.1578,2809.1069,-15.395,-0.548,32370371.0,40543780.867
000016.SH,20171030,2809.1069,2812.2381,2822.5891,2780.0454,2814.272,-5.1651,-0.1835,48004879.0,62621423.012
000016.SH,20171027,2814.272,2770.5287,2815.419,2769.4266,2771.0435,43.2285,1.56,40301956.0,51199079.647
000016.SH,20171026,2771.0435,2760.0647,2788.6564,2753.7271,2752.1394,18.9041,0.6869,41473188.0,54784605.665
000016.SH,20171025,2752.1394,2753.9297,2756.7629,2746.2667,2753.6492,-1.5098,-0.0548,19646722.0,23785824.324
000016.SH,20171024,2753.6492,2732.9435,2762.594,2730.8414,2734.3683,19.2809,0.7051,24870827.0,33123069.436
000016.SH,20171023,2734.3683,2744.325,2746.9989,2732.6321,2737.6411,-3.2728,-0.1195,19546035.0,24707305.078
000016.SH,20171020,2737.6411,2744.4945,2746.2294,2733.7199,2756.0354,-18.3943,-0.6674,16098421.0,21717579.711
000016.SH,20171019,2756.0354,2750.6359,2756.0354,2743.1343,2753.0105,3.0249,0.1099,28617869.0,37232948.624
000016.SH,20171018,2753.0105,2725.6666,2753.9229,2723.7626,2723.5345,29.476,1.0823,28260821.0,35436442.988
000016.SH,20171017,2723.5345,2725.1997,2734.3072,2716.4042,2726.6423,-3.1078,-0.114,17979809.0,24598831.24
000016.SH,20171016,2726.6423,2719.3095,2741.0971,2715.0511,2713.3767,13.2656,0.4889,25575898.0,35091358.627
000016.SH,20171013,2713.3767,2716.0041,2722.2311,2711.9544,2718.3508,-4.9741,-0.183,19273409.0,26260593.293
000016.SH,20171012,2718.3508,2706.4203,2724.8346,2702.3134,2707.5221,10.8287,0.3999,23922877.0,31885586.752
000016.SH,20171011,2707.5221,2694.4982,2717.3281,2692.7692,2695.5374,11.9847,0.4446,24598483.0,33211929.719
000016.SH,20171010,2695.5374,2693.251,2711.3065,2671.9426,2692.0769,3.4605,0.1285,29974727.0,43282245.847
000016.SH,20171009,2692.0769,2736.8345,2743.3643,2688.5382,2672.3272,19.7497,0.739,41489292.0,48635654.051
000016.SH,20170929,2672.3272,2661.5229,2682.1695,2660.8582,2661.2832,11.044,0.415,20204668.0,27595164.102
000016.SH,20170928,2661.2832,2661.5413,2663.6951,2653.4645,2661.5532,-0.27,-0.0101,21661881.0,26189371.648
000016.SH,20170927,2661.5532,2674.4102,2677.7437,2659.5963,2678.9912,-17.438,-0.6509,20058637.0,25198603.171
000016.SH,20170926,2678.9912,2673.5445,2681.2329,2673.3966,2680.6516,-1.6604,-0.0619,19283177.0,24098925.149
000016.SH,20170925,2680.6516,2672.9453,2682.7495,2667.3055,2679.0529,1.5987,0.0597,31981420.0,39930427.514
000016.SH,20170922,2679.0529,2666.6655,2686.4094,2662.8382,2675.5508,3.5021,0.1309,26359750.0,33471981.305
000016.SH,20170921,2675.5508,2664.0525,2690.3598,2660.5309,2662.6266,12.9242,0.4854,31753452.0,39541814.535
000016.SH,20170920,2662.6266,2667.2401,2675.2112,2661.8681,2670.6914,-8.0648,-0.302,25367940.0,32883593.692
000016.SH,20170919,2670.6914,2680.7159,2687.1837,2661.6095,2674.1759,-3.4845,-0.1303,30087359.0,37488875.261
000016.SH,20170918,2674.1759,2670.1977,2694.0589,2670.1977,2668.3759,5.8,0.2174,33134639.0,44470273.326
000016.SH,20170915,2668.3759,2669.653,2677.5329,2659.7328,2672.8364,-4.4605,-0.1669,34648980.0,43243332.307
000016.SH,20170914,2672.8364,2688.3998,2694.775,2666.8169,2687.6707,-14.8343,-0.5519,28586737.0,36529833.539
000016.SH,20170913,2687.6707,2690.5596,2694.4138,2676.2487,2692.5401,-4.8694,-0.1808,21197720.0,28986307.164
000016.SH,20170912,2692.5401,2682.2494,2695.525,2672.285,2674.7502,17.7899,0.6651,30788323.0,44847896.342
000016.SH,20170911,2674.7502,2691.3364,2708.4223,2673.6232,2686.6899,-11.9397,-0.4444,29084101.0,40085267.926
000016.SH,20170908,2686.6899,2692.7975,2701.5697,2681.4428,2691.829,-5.1391,-0.1909,24471292.0,32599542.138
000016.SH,20170907,2691.829,2716.1251,2717.5555,2690.8771,2714.3309,-22.5019,-0.829,27636111.0,37181801.275
000016.SH,20170906,2714.3309,2721.9475,2725.2397,2703.6515,2729.8476,-15.5167,-0.5684,31137933.0,40907423.467
000016.SH,20170905,2729.8476,2712.7609,2738.594,2711.1738,2711.3475,18.5001,0.6823,30534788.0,39043619.969
000016.SH,20170904,2711.3475,2703.3303,2713.7289,2691.7754,2710.1186,1.2289,0.0453,33196289.0,43569185.632
000016.SH,20170901,2710.1186,2716.0543,2734.7684,2700.1618,2714.6313,-4.5127,-0.1662,43093296.0,52472882.984
000016.SH,20170831,2714.6313,2729.4694,2735.4262,2701.8849,2728.2308,-13.5995,-0.4985,40182234.0,46855537.263
000016.SH,20170830,2728.2308,2739.9951,2762.0668,2720.6558,2739.129,-10.8982,-0.3979,42052803.0,53736565.089
000016.SH,20170829,2739.129,2734.4459,2746.103,2726.218,2736.4617,2.6673,0.0975,35262284.0,46759798.714
000016.SH,20170828,2736.4617,2715.4696,2766.79,2715.4696,2706.2421,30.2196,1.1167,60501098.0,77248845.265
000016.SH,20170825,2706.2421,2645.4491,2706.7039,2645.4491,2646.4016,59.8405,2.2612,47493751.0,53051877.58
000016.SH,20170824,2646.4016,2659.6517,2675.1978,2641.8253,2659.7804,-13.3788,-0.503,29939211.0,33887056.125
000016.SH,20170823,2659.7804,2641.792,2673.3854,2639.6618,2643.5032,16.2772,0.6157,34691794.0,41179121.745
000016.SH,20170822,2643.5032,2624.4106,2644.1982,2620.1589,2616.8248,26.6784,1.0195,27118182.0,37445333.103
000016.SH,20170821,2616.8248,2619.0381,2628.8017,2610.257,2613.2647,3.5601,0.1362,19436872.0,27074874.33
000016.SH,20170818,2613.2647,2601.8845,2621.9693,2595.8647,2604.0837,9.181,0.3526,19897828.0,31122548.701
000016.SH,20170817,2604.0837,2599.0419,2606.6849,2591.542,2595.0017,9.082,0.35,20571105.0,27778492.685
000016.SH,20170816,2595.0017,2601.4708,2602.0988,2586.3352,2605.2415,-10.2398,-0.393,20351811.0,25167149.993
000016.SH,20170815,2605.2415,2593.0719,2623.0837,2592.9242,2591.4536,13.7879,0.5321,27900976.0,33091743.587
000016.SH,20170814,2591.4536,2572.3008,2598.3794,2567.6009,2570.2565,21.1971,0.8247,26118900.0,36279971.337
000016.SH,20170811,2570.2565,2592.038,2599.7121,2566.5727,2611.3412,-41.0847,-1.5733,35170960.0,44276237.777
000016.SH,20170810,2611.3412,2617.9885,2635.351,2590.8637,2620.3807,-9.0395,-0.345,28171479.0,39580893.961
000016.SH,20170809,2620.3807,2630.67,2634.4349,2618.8132,2635.1841,-14.8034,-0.5618,24707911.0,33204150.496
000016.SH,20170808,2635.1841,2632.0435,2639.2415,2622.2606,2634.1759,1.0082,0.0383,25782468.0,33964139.987
000016.SH,20170807,2634.1759,2621.546,2641.3412,2613.8249,2627.8026,6.3733,0.2425,26086109.0,34629740.074
000016.SH,20170804,2627.8026,2644.4459,2653.8128,2627.2482,2646.2164,-18.4138,-0.6959,27959952.0,38299815.616
000016.SH,20170803,2646.2164,2676.348,2689.9388,2644.9871,2680.6314,-34.415,-1.2838,31815168.0,40554215.54
000016.SH,20170802,2680.6314,2679.3364,2696.6417,2675.2015,2681.8054,-1.174,-0.0438,42222377.0,53708274.668
000016.SH,20170801,2681.8054,2640.8671,2681.9347,2638.0214,2638.1244,43.681,1.6558,33820507.0,47788869.621
000016.SH,20170731,2638.1244,2633.8821,2649.2942,2626.1827,2636.3937,1.7307,0.0656,28647763.0,37904968.806
000016.SH,20170728,2636.3937,2627.1593,2642.6914,2619.0355,2636.6262,-0.2325,-0.0088,21934465.0,28588923.662
000016.SH,20170727,2636.6262,2631.9978,2638.9404,2610.5758,2636.2005,0.4257,0.0161,30670126.0,38024537.065
000016.SH,20170726,2636.2005,2642.2587,2665.149,2617.546,2643.0733,-6.8728,-0.26,35447256.0,41955306.629
000016.SH,20170725,2643.0733,2656.4773,2667.7864,2639.6062,2654.3785,-11.3052,-0.4259,34185413.0,37771702.666
000016.SH,20170724,2654.3785,2636.5514,2666.6518,2632.7575,2639.2128,15.1657,0.5746,33056566.0,41940145.552
000016.SH,20170721,2639.2128,2655.2284,2661.4764,2634.9951,2665.4483,-26.2355,-0.9843,29715562.0,41342809.548
000016.SH,20170720,2665.4483,2653.3794,2666.0446,2643.6418,2657.8882,7.5601,0.2844,37580733.0,48880732.33
000016.SH,20170719,2657.8882,2621.112,2661.6587,2618.3689,2624.3081,33.5801,1.2796,48688897.0,60808696.801
000016.SH,20170718,2624.3081,2619.2303,2637.532,2596.1224,2631.4144,-7.1063,-0.2701,39435040.0,46730935.042
000016.SH,20170717,2631.4144,2627.3746,2663.2835,2594.4247,2622.9835,8.4309,0.3214,60865949.0,68239169.35
000016.SH,20170714,2622.9835,2600.7644,2623.3154,2593.4299,2600.9535,22.03,0.847,33653285.0,39772289.956
000016.SH,20170713,2600.9535,2565.5942,2601.467,2563.2209,2565.1428,35.8107,1.3961,42871574.0,50979652.188
000016.SH,20170712,2565.1428,2570.9128,2604.1973,2555.3837,2570.5919,-5.4491,-0.212,37070595.0,43416548.177
000016.SH,20170711,2570.5919,2543.72,2592.0575,2543.0489,2550.1147,20.4772,0.803,33968228.0,41538299.333
000016.SH,20170710,2550.1147,2538.1582,2557.4727,2530.9276,2543.6576,6.4571,0.2539,25305145.0,33457188.875
000016.SH,20170707,2543.6576,2542.9093,2546.7756,2527.548,2553.8793,-10.2217,-0.4002,22510062.0,29785522.487
000016.SH,20170706,2553.8793,2543.909,2561.6364,2534.1207,2548.0993,5.78,0.2268,22234624.0,33132156.331
000016.SH,20170705,2548.0993,2508.8126,2551.408,2507.9205,2511.1507,36.9486,1.4714,20607654.0,31435616.251
000016.SH,20170704,2511.1507,2531.5259,2531.6057,2506.6818,2534.3675,-23.2168,-0.9161,23547128.0,30659910.52
000016.SH,20170703,2534.3675,2550.4968,2550.4968,2522.7441,2549.9676,-15.6001,-0.6118,18304213.0,25254138.996
000016.SH,20170630,2549.9676,2543.7865,2552.9219,2533.8595,2552.9754,-3.0078,-0.1178,18677177.0,23781990.192
000016.SH,20170629,2552.9754,2541.3483,2554.7977,2532.462,2537.6363,15.3391,0.6045,19754376.0,26914436.769
000016.SH,20170628,2537.6363,2548.1571,2560.8558,2537.235,2554.6996,-17.0633,-0.6679,28194970.0,35655498.939
000016.SH,20170627,2554.6996,2541.6862,2558.0965,2529.2391,2543.3213,11.3783,0.4474,26984713.0,33511465.515
000016.SH,20170626,2543.3213,2531.2806,2560.1065,2531.2806,2529.0983,14.223,0.5624,39716748.0,49718219.294
000016.SH,20170623,2529.0983,2510.711,2530.5595,2496.6608,2516.6729,12.4254,0.4937,29403951.0,37695703.375
000016.SH,20170622,2516.6729,2491.9235,2544.6674,2491.9235,2497.2544,19.4185,0.7776,43743944.0,53825786.308
000016.SH,20170621,2497.2544,2487.8517,2498.1901,2468.5135,2474.4253,22.8291,0.9226,20354217.0,30603689.504
000016.SH,20170620,2474.4253,2489.1996,2492.2223,2467.7656,2484.1159,-9.6906,-0.3901,17771153.0,24584405.328
000016.SH,20170619,2484.1159,2455.0312,2486.3139,2453.3495,2452.7899,31.326,1.2772,20594004.0,26899358.952
000016.SH,20170616,2452.7899,2454.8405,2466.6922,2448.3106,2461.974,-9.1841,-0.373,16518044.0,23251565.457
000016.SH,20170615,2461.974,2474.2624,2481.7995,2453.1344,2477.3173,-15.3433,-0.6194,20702545.0,28607609.121
000016.SH,20170614,2477.3173,2505.0635,2505.2011,2471.6184,2515.1427,-37.8254,-1.5039,21841108.0,29833245.385
000016.SH,20170613,2515.1427,2517.3334,2519.1482,2499.7299,2521.1681,-6.0254,-0.239,17487921.0,24470316.904
000016.SH,20170612,2521.1681,2515.5759,2545.0373,2512.143,2519.2731,1.895,0.0752,25720869.0,33894565.405
000016.SH,20170609,2519.2731,2506.758,2536.9931,2504.9001,2507.0335,12.2396,0.4882,33773309.0,39637188.806
000016.SH,20170608,2507.0335,2481.1646,2508.9349,2475.7447,2484.0334,23.0001,0.9259,22070860.0,29227278.562
000016.SH,20170607,2484.0334,2468.5513,2492.9847,2464.1886,2466.0064,18.027,0.731,27138408.0,34088120.474
000016.SH,20170606,2466.0064,2447.0401,2466.3129,2444.1931,2450.3457,15.6607,0.6391,17467322.0,22598702.078
000016.SH,20170605,2450.3457,2468.9369,2473.3565,2442.2693,2475.4636,-25.1179,-1.0147,28735857.0,29094732.475
000016.SH,20170602,2475.4636,2494.3694,2499.7051,2472.6496,2496.4482,-20.9846,-0.8406,23664148.0,28341836.18
000016.SH,20170601,2496.4482,2476.2051,2497.6867,2465.4762,2479.078,17.3702,0.7007,30766330.0,37798053.562
000016.SH,20170531,2479.078,2470.9351,2502.8461,2462.258,2471.2141,7.8639,0.3182,29878344.0,37045182.127
000016.SH,20170526,2471.2141,2467.9024,2483.7474,2462.2339,2473.4953,-2.2812,-0.0922,30989733.0,36527500.459
000016.SH,20170525,2473.4953,2399.3599,2476.9092,2399.2744,2407.5706,65.9247,2.7382,50363335.0,53142705.847
000016.SH,20170524,2407.5706,2402.5176,2413.4211,2382.1873,2411.7999,-4.2293,-0.1754,22774332.0,28642322.409
000016.SH,20170523,2411.7999,2378.7444,2412.0257,2376.6431,2381.5525,30.2474,1.2701,34620556.0,41243924.524
000016.SH,20170522,2381.5525,2359.9686,2384.157,2358.7809,2361.6616,19.8909,0.8422,22780231.0,28751136.186
000016.SH,20170519,2361.6616,2351.5202,2363.3566,2351.5202,2354.753,6.9086,0.2934,14304568.0,18966709.971
000016.SH,20170518,2354.753,2348.872,2361.0157,2347.377,2363.5591,-8.8061,-0.3726,17121231.0,21258547.53
000016.SH,20170517,2363.5591,2377.1211,2378.987,2361.6292,2381.317,-17.7579,-0.7457,20858225.0,24900860.658
000016.SH,20170516,2381.317,2376.9048,2381.732,2362.1128,2381.7516,-0.4346,-0.0182,23892047.0,27292942.013
000016.SH,20170515,2381.7516,2380.2743,2394.5172,2378.9741,2375.4495,6.3021,0.2653,23412410.0,28055294.184
000016.SH,20170512,2375.4495,2336.6071,2375.6392,2335.3745,2339.2903,36.1592,1.5457,28906784.0,32145338.936
000016.SH,20170511,2339.2903,2318.0494,2342.1845,2313.8327,2324.9219,14.3684,0.618,28395441.0,31483872.623
000016.SH,20170510,2324.9219,2315.561,2337.0466,2315.561,2316.2944,8.6275,0.3725,22318926.0,29082185.108
000016.SH,20170509,2316.2944,2312.8502,2320.2946,2307.8681,2326.0968,-9.8024,-0.4214,16157315.0,20310246.269
000016.SH,20170508,2326.0968,2309.2437,2326.0968,2298.318,2320.602,5.4948,0.2368,34650123.0,38506527.297
000016.SH,20170505,2320.602,2318.9217,2320.602,2297.4492,2325.4332,-4.8312,-0.2078,30951074.0,33979252.417
000016.SH,20170504,2325.4332,2325.0077,2332.0897,2317.1372,2329.7661,-4.3329,-0.186,20767410.0,23662230.428
000016.SH,20170503,2329.7661,2335.8206,2342.143,2324.1919,2336.7917,-7.0256,-0.3007,18747685.0,21306113.201
000016.SH,20170502,2336.7917,2341.7482,2350.5147,2334.8824,2347.0391,-10.2474,-0.4366,16218321.0,19299425.102
000016.SH,20170428,2347.0391,2348.2876,2348.2876,2331.824,2351.6403,-4.6012,-0.1957,20733683.0,25027445.315
000016.SH,20170427,2351.6403,2337.4558,2352.6806,2327.4745,2344.5049,7.1354,0.3043,29834076.0,32332181.912
000016.SH,20170426,2344.5049,2345.6275,2360.2819,2338.8564,2344.741,-0.2361,-0.0101,26470622.0,32375909.169
000016.SH,20170425,2344.741,2337.5206,2348.6026,2334.0037,2341.9296,2.8114,0.12,19382943.0,24053129.87
000016.SH,20170424,2341.9296,2344.1921,2344.1921,2323.6676,2347.6745,-5.7449,-0.2447,31093007.0,34439046.268
000016.SH,20170421,2347.6745,2336.4448,2350.87,2333.2339,2335.6472,12.0273,0.5149,27073712.0,29654139.738
000016.SH,20170420,2335.6472,2324.3661,2336.5435,2320.9971,2325.0424,10.6048,0.4561,26576725.0,32243770.984
000016.SH,20170419,2325.0424,2331.6599,2335.9901,2311.659,2337.3507,-12.3083,-0.5266,27919435.0,30382089.519
000016.SH,20170418,2337.3507,2352.5128,2352.791,2336.7707,2357.5233,-20.1726,-0.8557,23753656.0,28470231.118
000016.SH,20170417,2357.5233,2348.7513,2359.1835,2334.8933,2355.5204,2.0029,0.085,26376250.0,27908077.358
000016.SH,20170414,2355.5204,2367.7843,2368.8018,2344.6093,2368.1061,-12.5857,-0.5315,24318969.0,26912930.286
000016.SH,20170413,2368.1061,2369.6067,2373.3697,2364.4418,2378.8628,-10.7567,-0.4522,22793060.0,26083925.849
000016.SH,20170412,2378.8628,2378.9284,2385.6134,2362.4312,2382.1093,-3.2465,-0.1363,33640316.0,38322592.045
000016.SH,20170411,2382.1093,2374.9225,2385.0534,2354.0188,2379.1574,2.9519,0.1241,39200826.0,44230592.996
000016.SH,20170410,2379.1574,2388.5631,2391.9479,2377.4323,2388.2714,-9.114,-0.3816,31258026.0,34790978.044
000016.SH,20170407,2388.2714,2390.9144,2394.0522,2379.3331,2390.3893,-2.1179,-0.0886,36248630.0,38151219.431
000016.SH,20170406,2390.3893,2384.4322,2395.121,2376.1462,2384.2636,6.1257,0.2569,39325003.0,42616523.084
000016.SH,20170405,2384.2636,2369.4888,2384.6804,2365.3402,2359.752,24.5116,1.0387,40075442.0,43436345.805
000016.SH,20170331,2359.752,2344.9599,2361.3161,2340.7722,2346.6672,13.0848,0.5576,29505146.0,28551404.423
000016.SH,20170330,2346.6672,2350.9195,2356.437,2335.2305,2352.6937,-6.0265,-0.2562,31113066.0,31991546.578
000016.SH,20170329,2352.6937,2357.9977,2363.7697,2349.1249,2356.3135,-3.6198,-0.1536,29018549.0,31210660.598
000016.SH,20170328,2356.3135,2368.1547,2368.379,2353.0761,2364.4277,-8.1142,-0.3432,24813635.0,28082153.971
000016.SH,20170327,2364.4277,2364.745,2381.7653,2360.6737,2365.6043,-1.1766,-0.0497,35491156.0,40382705.997
000016.SH,20170324,2365.6043,2350.6917,2373.5785,2341.6197,2347.4342,18.1701,0.774,40120772.0,45396321.523
000016.SH,20170323,2347.4342,2340.0614,2356.2714,2334.1196,2338.5468,8.8874,0.38,26712552.0,33283040.509
000016.SH,20170322,2338.5468,2347.8575,2352.7639,2330.1158,2357.1359,-18.5891,-0.7886,32891982.0,37345963.467
000016.SH,20170321,2357.1359,2352.2124,2358.5471,2348.8689,2350.0671,7.0688,0.3008,28887921.0,36125342.4
000016.SH,20170320,2350.0671,2352.1149,2355.5347,2337.5269,2346.9602,3.1069,0.1324,27149291.0,28589609.884
000016.SH,20170317,2346.9602,2371.6054,2373.5439,2342.0186,2369.194,-22.2338,-0.9385,30767623.0,33130740.534
000016.SH,20170316,2369.194,2362.3583,2376.5131,2362.3583,2357.3071,11.8869,0.5043,30278210.0,32128349.577
000016.SH,20170315,2357.3071,2352.3852,2357.8454,2345.4435,2354.8998,2.4073,0.1022,21062595.0,21925253.372
000016.SH,20170314,2354.8998,2353.719,2359.3138,2349.2801,2354.8904,0.0094,0.0004,19017006.0,19760470.618
000016.SH,20170313,2354.8904,2337.3552,2355.2169,2328.6186,2339.2339,15.6565,0.6693,24624011.0,26164051.605
000016.SH,20170310,2339.2339,2343.3076,2347.4582,2336.3193,2346.5527,-7.3188,-0.3119,17988811.0,18979436.067
000016.SH,20170309,2346.5527,2352.7491,2353.5377,2334.3363,2358.074,-11.5213,-0.4886,26630667.0,26051706.735
000016.SH,20170308,2358.074,2353.6169,2362.9632,2351.6963,2356.2933,1.7807,0.0756,24369833.0,23456269.478
000016.SH,20170307,2356.2933,2349.6213,2356.9591,2347.167,2349.8889,6.4044,0.2725,20251348.0,21625724.682
000016.SH,20170306,2349.8889,2346.0369,2355.0915,2342.5176,2347.1456,2.7433,0.1169,21112399.0,20808519.433
000016.SH,20170303,2347.1456,2347.9063,2350.6712,2338.8455,2354.9134,-7.7678,-0.3299,20483107.0,21533669.478
000016.SH,20170302,2354.9134,2376.9712,2380.2389,2354.1431,2371.9252,-17.0118,-0.7172,23062731.0,26057596.581
000016.SH,20170301,2371.9252,2371.6526,2383.513,2368.6219,2370.707,1.2182,0.0514,27863124.0,27623876.667
000016.SH,20170228,2370.707,2369.4712,2379.4279,2366.2364,2370.5594,0.1476,0.0062,16793558.0,18323796.827
000016.SH,20170227,2370.5594,2384.9181,2387.8177,2365.4666,2389.8774,-19.318,-0.8083,23827555.0,25954639.587
000016.SH,20170224,2389.8774,2385.0511,2390.3892,2377.099,2387.4172,2.4602,0.103,25680121.0,25353533.822
000016.SH,20170223,2387.4172,2397.5593,2402.5669,2379.5593,2398.1922,-10.775,-0.4493,23458671.0,25602450.087
000016.SH,20170222,2398.1922,2397.487,2399.3978,2389.0552,2396.8843,1.3079,0.0546,24513009.0,27231838.137
000016.SH,20170221,2396.8843,2396.2244,2410.3454,2393.3702,2394.1201,2.7642,0.1155,32569800.0,34544041.111
000016.SH,20170220,2394.1201,2361.7607,2395.5341,2361.5061,2362.7086,31.4115,1.3295,44690411.0,43486701.59
000016.SH,20170217,2362.7086,2378.657,2389.3244,2360.9953,2376.7626,-14.054,-0.5913,31090474.0,34309239.068
000016.SH,20170216,2376.7626,2373.3133,2378.4506,2366.1598,2372.192,4.5706,0.1927,29629497.0,29617805.58
000016.SH,20170215,2372.192,2375.6241,2385.1178,2369.4303,2373.5138,-1.3218,-0.0557,38949257.0,37792892.133
000016.SH,20170214,2373.5138,2381.1007,2381.6336,2367.0458,2379.3057,-5.7919,-0.2434,24227167.0,27371194.76
000016.SH,20170213,2379.3057,2369.6975,2382.9209,2369.4869,2368.1834,11.1223,0.4697,34603826.0,38907287.848
000016.SH,20170210,2368.1834,2357.5885,2374.4846,2357.2065,2354.9009,13.2825,0.564,39306360.0,40549347.807
000016.SH,20170209,2354.9009,2345.8405,2364.1442,2343.7281,2346.4263,8.4746,0.3612,31381646.0,32399332.339
000016.SH,20170208,2346.4263,2334.6822,2347.0961,2323.9054,2337.5346,8.8917,0.3804,24237691.0,24896256.753
000016.SH,20170207,2337.5346,2343.6583,2347.357,2331.7758,2343.9673,-6.4327,-0.2744,16972740.0,18894961.191
000016.SH,20170206,2343.9673,2346.4438,2351.5572,2336.8989,2339.9894,3.9779,0.17,19895715.0,21725103.384
000016.SH,20170203,2339.9894,2367.5296,2368.9093,2338.198,2364.0244,-24.035,-1.0167,14515951.0,16092735.126
000016.SH,20170126,2364.0244,2359.428,2371.9263,2359.428,2358.6974,5.327,0.2258,18629831.0,19294724.868
000016.SH,20170125,2358.6974,2349.5184,2358.9482,2345.699,2352.4242,6.2732,0.2667,17800221.0,18384465.912
000016.SH,20170124,2352.4242,2347.5024,2357.169,2343.4627,2347.1047,5.3195,0.2266,20110777.0,19232210.881
000016.SH,20170123,2347.1047,2350.5468,2358.4726,2340.5341,2347.1829,-0.0782,-0.0033,19311321.0,20759190.263
000016.SH,20170120,2347.1829,2334.4871,2350.2614,2333.4654,2334.9572,12.2257,0.5236,17511288.0,18489265.518
000016.SH,20170119,2334.9572,2335.6565,2349.6445,2330.3364,2342.7751,-7.8179,-0.3337,21090735.0,19780250.558
000016.SH,20170118,2342.7751,2330.1424,2349.3934,2327.9266,2329.595,13.1801,0.5658,20298891.0,21780720.212
000016.SH,20170117,2329.595,2326.0089,2332.8355,2320.0333,2337.3944,-7.7994,-0.3337,19170449.0,20007429.486
000016.SH,20170116,2337.3944,2303.3177,2343.2727,2282.2431,2308.0552,29.3392,1.2712,59294735.0,57422130.271
000016.SH,20170113,2308.0552,2293.4653,2315.2116,2291.0624,2295.4033,12.6519,0.5512,27540467.0,26932674.953
000016.SH,20170112,2295.4033,2299.4896,2310.7752,2294.3243,2300.4749,-5.0716,-0.2205,22139174.0,21207409.536
000016.SH,20170111,2300.4749,2311.9197,2317.6623,2299.313,2312.5985,-12.1236,-0.5242,26928346.0,25072639.38
000016.SH,20170110,2312.5985,2316.1574,2320.9954,2309.9369,2318.3365,-5.738,-0.2475,24055981.0,23234949.978
000016.SH,20170109,2318.3365,2308.4423,2321.692,2307.1634,2308.9363,9.4002,0.4071,26523074.0,25903507.21
000016.SH,20170106,2308.9363,2323.0064,2326.4342,2308.3694,2322.6843,-13.748,-0.5919,26445124.0,27286688.19
000016.SH,20170105,2322.6843,2322.4239,2326.1847,2317.8853,2322.2059,0.4784,0.0206,26528712.0,26566424.137
000016.SH,20170104,2322.2059,2305.9117,2324.5577,2304.1733,2307.8917,14.3142,0.6202,26104403.0,27183258.5
000016.SH,20170103,2307.8917,2285.2729,2311.2926,2285.2729,2286.8984,20.9933,0.918,25908920.0,25440737.012
000016.SH,20161230,2286.8984,2276.8102,2286.9917,2272.4997,2275.1064,11.792,0.5183,25480755.0,25510014.465
000016.SH,20161229,2275.1064,2273.2206,2282.1935,2265.8937,2277.1759,-2.0695,-0.0909,23997471.0,23962418.064
000016.SH,20161228,2277.1759,2286.4067,2289.8074,2269.1647,2286.9617,-9.7858,-0.4279,23304574.0,22778607.123
000016.SH,20161227,2286.9617,2291.2318,2300.1599,2286.4342,2294.7094,-7.7477,-0.3376,24597656.0,24199961.477
000016.SH,20161226,2294.7094,2266.3837,2295.6936,2251.713,2278.4779,16.2315,0.7124,29923521.0,29506329.303
000016.SH,20161223,2278.4779,2290.2506,2291.723,2271.1285,2292.0412,-13.5633,-0.5918,33060817.0,32451253.211
000016.SH,20161222,2292.0412,2293.3477,2298.1885,2280.7874,2297.3706,-5.3294,-0.232,29222980.0,27254973.86
000016.SH,20161221,2297.3706,2282.1242,2304.6006,2281.9966,2279.6828,17.6878,0.7759,40184256.0,37262711.092
000016.SH,20161220,2279.6828,2293.3996,2295.1135,2262.8781,2291.3842,-11.7014,-0.5107,30105533.0,29079311.142
000016.SH,20161219,2291.3842,2299.7136,2303.6854,2288.3022,2302.3152,-10.931,-0.4748,24162297.0,23999280.183
000016.SH,20161216,2302.3152,2302.8738,2315.5373,2298.4339,2309.8159,-7.5007,-0.3247,30579551.0,29864306.385
000016.SH,20161215,2309.8159,2346.7652,2354.3523,2302.4343,2360.3788,-50.5629,-2.1422,42583252.0,43441485.557
000016.SH,20161214,2360.3788,2369.4963,2384.5618,2359.7223,2372.9307,-12.5519,-0.529,46800326.0,45575405.193
000016.SH,20161213,2372.9307,2373.7919,2382.4434,2357.4597,2387.1588,-14.2281,-0.596,41202486.0,38968411.908
000016.SH,20161212,2387.1588,2408.0861,2423.3928,2362.1425,2411.3144,-24.1556,-1.0018,70574194.0,71536049.675
000016.SH,20161209,2411.3144,2374.2955,2422.7765,2372.459,2379.0013,32.3131,1.3583,67860127.0,61692701.664
000016.SH,20161208,2379.0013,2380.6577,2387.173,2374.4669,2376.9191,2.0822,0.0876,39651556.0,37465801.967
000016.SH,20161207,2376.9191,2367.4214,2377.3041,2358.8712,2368.6823,8.2368,0.3477,36313646.0,34446112.888
000016.SH,20161206,2368.6823,2371.1117,2382.1961,2366.9999,2375.2578,-6.5755,-0.2768,42595955.0,40651332.827
000016.SH,20161205,2375.2578,2378.2099,2386.4343,2363.1299,2416.5077,-41.2499,-1.707,72428357.0,70278620.313
000016.SH,20161202,2416.5077,2427.1666,2430.8331,2401.0614,2431.3063,-14.7986,-0.6087,77625017.0,74393615.073
000016.SH,20161201,2431.3063,2421.928,2448.6667,2417.9622,2419.4136,11.8927,0.4916,73606674.0,73842854.162
000016.SH,20161130,2419.4136,2435.8052,2444.9543,2411.5628,2441.5786,-22.165,-0.9078,68971980.0,73266475.227
000016.SH,20161129,2441.5786,2398.6683,2455.4294,2395.8125,2403.1352,38.4434,1.5997,93038586.0,99547618.915
000016.SH,20161128,2403.1352,2406.7025,2427.5931,2398.4139,2393.9464,9.1888,0.3838,77554504.0,77969829.054
000016.SH,20161125,2393.9464,2371.6989,2394.7076,2358.2567,2368.7336,25.2128,1.0644,44327975.0,42204998.422
000016.SH,20161124,2368.7336,2356.8473,2382.9524,2355.8012,2360.3355,8.3981,0.3558,37158089.0,40256755.229
000016.SH,20161123,2360.3355,2355.3161,2375.8115,2352.3964,2353.0023,7.3332,0.3117,54062331.0,48700350.062
000016.SH,20161122,2353.0023,2334.6848,2357.5738,2334.6848,2334.6776,18.3247,0.7849,65983177.0,60419169.256
000016.SH,20161121,2334.6776,2304.7681,2350.755,2304.7681,2307.2741,27.4035,1.1877,57519637.0,53971971.3
000016.SH,20161118,2307.2741,2318.8955,2323.7228,2304.5508,2316.7211,-9.447,-0.4078,34475285.0,32316982.716
000016.SH,20161117,2316.7211,2306.4093,2317.537,2297.7364,2309.9426,6.7785,0.2934,35450763.0,31212488.103
000016.SH,20161116,2309.9426,2312.4976,2314.8461,2302.1426,2310.901,-0.9584,-0.0415,32596386.0,28705100.721
000016.SH,20161115,2310.901,2315.7982,2319.0679,2306.2299,2317.7726,-6.8716,-0.2965,34486140.0,34355883.81
000016.SH,20161114,2317.7726,2304.607,2338.5803,2303.9664,2308.4288,9.3438,0.4048,61684865.0,62927633.302
000016.SH,20161111,2308.4288,2285.6102,2315.9608,2284.2877,2289.4491,18.9797,0.829,56948601.0,56536701.351
000016.SH,20161110,2289.4491,2279.9426,2297.9704,2279.9426,2263.9243,25.5248,1.1275,34565998.0,34617495.386
000016.SH,20161109,2263.9243,2281.1242,2281.5947,2244.4325,2282.4184,-18.4941,-0.8103,37352431.0,36936621.257
000016.SH,20161108,2282.4184,2284.0079,2294.6246,2276.7377,2276.9543,5.4641,0.24,32595874.0,30889499.347
000016.SH,20161107,2276.9543,2271.9644,2279.5525,2265.3606,2271.9263,5.028,0.2213,25966704.0,24429764.611
000016.SH,20161104,2271.9263,2271.8454,2284.9537,2266.9174,2273.6329,-1.7066,-0.0751,36192091.0,34041513.297
000016.SH,20161103,2273.6329,2241.4374,2283.249,2239.8675,2244.7436,28.8893,1.287,40913027.0,41436992.72
000016.SH,20161102,2244.7436,2256.1179,2259.1863,2242.7688,2263.4785,-18.7349,-0.8277,22260825.0,21833996.516
000016.SH,20161101,2263.4785,2250.4946,2263.6239,2246.9485,2250.4693,13.0092,0.5781,22015306.0,21614635.678
000016.SH,20161031,2250.4693,2247.9901,2253.8033,2236.2027,2253.8017,-3.3324,-0.1479,19814955.0,20503305.961
000016.SH,20161028,2253.8017,2252.3836,2271.9059,2249.4854,2250.2589,3.5428,0.1574,28233461.0,29162089.699
000016.SH,20161027,2250.2589,2254.3219,2256.2063,2243.6342,2257.1164,-6.8575,-0.3038,23438309.0,21935646.235
000016.SH,20161026,2257.1164,2263.6921,2266.8789,2254.6297,2266.1718,-9.0554,-0.3996,27146057.0,26576638.603
000016.SH,20161025,2266.1718,2270.0167,2274.3835,2258.9193,2270.9504,-4.7786,-0.2104,32423788.0,29902474.056
000016.SH,20161024,2270.9504,2245.4581,2285.0836,2243.8107,2240.7496,30.2008,1.3478,49603451.0,46511890.096
000016.SH,20161021,2240.7496,2221.3831,2246.5789,2221.0355,2223.4242,17.3254,0.7792,35668577.0,31144595.46
000016.SH,20161020,2223.4242,2222.6307,2228.9359,2218.9689,2221.5341,1.8901,0.0851,19772924.0,16643743.596
000016.SH,20161019,2221.5341,2222.7808,2230.8279,2217.6269,2222.7832,-1.2491,-0.0562,29432809.0,24775791.183
000016.SH,20161018,2222.7832,2189.932,2224.3372,2189.932,2192.8845,29.8987,1.3634,31777117.0,28619884.362
000016.SH,20161017,2192.8845,2207.3532,2209.1407,2189.2717,2209.8145,-16.93,-0.7661,23161867.0,20075033.194
000016.SH,20161014,2209.8145,2199.5558,2211.0919,2196.2605,2202.1167,7.6978,0.3496,23950510.0,19450261.272
000016.SH,20161013,2202.1167,2201.3398,2204.8884,2194.5954,2200.9969,1.1198,0.0509,18308790.0,16208937.516
000016.SH,20161012,2200.9969,2205.444,2205.444,2196.8521,2209.2276,-8.2307,-0.3726,15478837.0,13632018.247
000016.SH,20161011,2209.2276,2205.3535,2212.429,2202.1237,2202.8725,6.3551,0.2885,21169384.0,19324765.204
000016.SH,20161010,2202.8725,2187.6518,2204.3272,2185.4675,2177.3524,25.5201,1.1721,19300202.0,17570859.968
000016.SH,20160930,2177.3524,2171.9392,2182.6073,2171.492,2175.3696,1.9828,0.0911,9219305.0,9655516.164
000016.SH,20160929,2175.3696,2170.9872,2183.1708,2170.8428,2166.7226,8.647,0.3991,11879464.0,11524241.341
000016.SH,20160928,2166.7226,2177.4147,2177.4147,2165.3322,2176.4476,-9.725,-0.4468,9288432.0,9340080.201
000016.SH,20160927,2176.4476,2163.3779,2176.7666,2162.4355,2167.264,9.1836,0.4237,12592539.0,12286665.277
000016.SH,20160926,2167.264,2190.3899,2190.3899,2166.8248,2196.2903,-29.0263,-1.3216,16948209.0,16306550.462
000016.SH,20160923,2196.2903,2202.6976,2203.6628,2195.0766,2200.6981,-4.4078,-0.2003,11727636.0,11066821.847
000016.SH,20160922,2200.6981,2195.2461,2210.7925,2192.4912,2187.1542,13.5439,0.6192,15398043.0,15995169.274
000016.SH,20160921,2187.1542,2184.4235,2191.813,2180.5012,2184.2066,2.9476,0.135,12446509.0,12499273.318
000016.SH,20160920,2184.2066,2190.0973,2190.7166,2181.0162,2189.4611,-5.2545,-0.24,11022894.0,10917289.013
000016.SH,20160919,2189.4611,2178.7597,2191.2152,2178.7597,2176.523,12.9381,0.5944,14135665.0,12964096.987
000016.SH,20160914,2176.523,2184.1113,2187.9544,2172.3966,2193.1932,-16.6702,-0.7601,18169657.0,16682778.415
000016.SH,20160913,2193.1932,2197.3785,2199.2404,2185.8221,2199.9764,-6.7832,-0.3083,14968924.0,14480419.194
000016.SH,20160912,2199.9764,2201.6758,2202.9049,2175.333,2229.3097,-29.3333,-1.3158,34546891.0,34431278.167
000016.SH,20160909,2229.3097,2236.3902,2241.6101,2228.6613,2236.6259,-7.3162,-0.3271,17411513.0,18263953.236
000016.SH,20160908,2236.6259,2234.9461,2239.1679,2230.8166,2236.5455,0.0804,0.0036,14171157.0,14213130.964
000016.SH,20160907,2236.5455,2233.0343,2246.3722,2230.5783,2232.4508,4.0947,0.1834,22097671.0,22932080.128
000016.SH,20160906,2232.4508,2227.4392,2241.5245,2217.477,2228.7184,3.7324,0.1675,21254771.0,20977302.258
000016.SH,20160905,2228.7184,2230.4116,2240.4943,2224.9325,2229.893,-1.1746,-0.0527,17813452.0,17615394.655
000016.SH,20160902,2229.893,2216.288,2231.4553,2215.6443,2220.4031,9.4899,0.4274,20406023.0,20785028.615
000016.SH,20160901,2220.4031,2230.3628,2235.6488,2219.2542,2232.7117,-12.3086,-0.5513,19028224.0,19569003.737
000016.SH,20160831,2232.7117,2222.0197,2237.6591,2218.6523,2224.0621,8.6496,0.3889,16955552.0,19008422.813
000016.SH,20160830,2224.0621,2215.8404,2229.8335,2215.6856,2214.2593,9.8028,0.4427,19846692.0,20353643.46
000016.SH,20160829,2214.2593,2219.0199,2220.1267,2205.1217,2219.3076,-5.0483,-0.2275,19852012.0,20336544.676
000016.SH,20160826,2219.3076,2223.3073,2232.2944,2215.6249,2222.1523,-2.8447,-0.128,16430965.0,16358841.293
000016.SH,20160825,2222.1523,2224.5128,2225.9992,2205.0109,2232.2134,-10.0611,-0.4507,21819104.0,21100844.007
000016.SH,20160824,2232.2134,2242.9091,2244.8791,2227.5559,2241.9516,-9.7382,-0.4344,18121787.0,18160277.348
000016.SH,20160823,2241.9516,2235.3906,2256.328,2232.444,2237.1276,4.824,0.2156,23023903.0,21968325.777
000016.SH,20160822,2237.1276,2249.0797,2253.5947,2235.0116,2249.3415,-12.2139,-0.543,26193060.0,24905153.87
000016.SH,20160819,2249.3415,2241.6725,2254.49,2230.3299,2244.7198,4.6217,0.2059,28900693.0,28754463.573
000016.SH,20160818,2244.7198,2253.1171,2274.4547,2235.0464,2253.7364,-9.0166,-0.4001,33880448.0,37432377.0
000016.SH,20160817,2253.7364,2260.9256,2270.3706,2241.9429,2257.6988,-3.9624,-0.1755,30848866.0,32673544.825
000016.SH,20160816,2257.6988,2293.811,2302.3314,2253.4146,2287.6559,-29.9571,-1.3095,61249434.0,60087460.44
000016.SH,20160815,2287.6559,2227.0785,2310.2774,2225.6223,2222.4884,65.1675,2.9322,63745308.0,70155321.042
000016.SH,20160812,2222.4884,2177.8017,2222.6902,2175.8543,2177.0644,45.424,2.0865,34430012.0,33399543.956
000016.SH,20160811,2177.0644,2168.1332,2205.8757,2168.1332,2170.1028,6.9616,0.3208,26585166.0,27452383.033
000016.SH,20160810,2170.1028,2175.1336,2179.6115,2169.1298,2175.345,-5.2422,-0.241,17391019.0,16953324.939
000016.SH,20160809,2175.345,2159.31,2176.6962,2157.7635,2159.6726,15.6724,0.7257,22824745.0,21066193.477
000016.SH,20160808,2159.6726,2147.6963,2159.9522,2137.5171,2148.6819,10.9907,0.5115,16775740.0,16057771.49
000016.SH,20160805,2148.6819,2142.335,2159.1375,2137.3123,2143.8436,4.8383,0.2257,16164434.0,15610788.994
000016.SH,20160804,2143.8436,2145.658,2146.5977,2130.1747,2145.7877,-1.9441,-0.0906,14955663.0,13767786.598
000016.SH,20160803,2145.7877,2140.1526,2149.8949,2136.6048,2148.4547,-2.667,-0.1241,15306893.0,14032573.233
000016.SH,20160802,2148.4547,2145.8207,2151.2922,2138.1895,2147.5582,0.8965,0.0417,12592111.0,12398906.882
000016.SH,20160801,2147.5582,2151.5424,2155.7899,2136.1129,2155.2387,-7.6805,-0.3564,20155396.0,18590040.058
000016.SH,20160729,2155.2387,2163.6408,2166.8486,2151.9265,2163.8087,-8.57,-0.3961,18714730.0,17188355.255
000016.SH,20160728,2163.8087,2160.1626,2173.0819,2153.8911,2173.9725,-10.1638,-0.4675,25875423.0,24628707.632
000016.SH,20160727,2173.9725,2182.7202,2186.0832,2125.2663,2182.505,-8.5325,-0.3909,37934806.0,37415328.428
000016.SH,20160726,2182.505,2156.8129,2183.0599,2156.7738,2159.5537,22.9513,1.0628,18406051.0,19332969.332
000016.SH,20160725,2159.5537,2155.3239,2167.5094,2152.0893,2157.2315,2.3222,0.1076,14528144.0,13822559.724
000016.SH,20160722,2157.2315,2175.975,2177.4355,2154.3574,2177.7781,-20.5466,-0.9435,18389190.0,17796929.596
000016.SH,20160721,2177.7781,2168.4763,2185.6157,2168.4763,2167.1205,10.6576,0.4918,18046754.0,18997293.061
000016.SH,20160720,2167.1205,2173.546,2177.9953,2163.109,2175.3972,-8.2767,-0.3805,14561926.0,14688862.222
000016.SH,20160719,2175.3972,2188.8003,2193.5722,2163.3148,2187.9829,-12.5857,-0.5752,21809135.0,21347839.678
000016.SH,20160718,2187.9829,2190.469,2205.7954,2184.0526,2192.3939,-4.411,-0.2012,29527180.0,28441558.7
000016.SH,20160715,2192.3939,2196.9541,2200.8763,2186.3647,2195.2265,-2.8326,-0.129,21585227.0,21378466.138
000016.SH,20160714,2195.2265,2195.338,2199.8402,2184.4945,2197.7879,-2.5614,-0.1165,24152543.0,23660169.197
000016.SH,20160713,2197.7879,2195.9812,2222.2524,2191.5863,2200.3482,-2.5603,-0.1164,43279797.0,41817569.988
000016.SH,20160712,2200.3482,2156.6305,2201.6291,2156.5924,2155.716,44.6322,2.0704,40253733.0,40015835.041
000016.SH,20160711,2155.716,2152.7392,2175.244,2150.3695,2148.7606,6.9554,0.3237,28609245.0,29698288.646
000016.SH,20160708,2148.7606,2156.3847,2158.7709,2147.14,2166.8843,-18.1237,-0.8364,19358789.0,20096990.447
000016.SH,20160707,2166.8843,2161.3586,2173.7046,2153.7731,2167.101,-0.2167,-0.01,26977710.0,26449562.84
000016.SH,20160706,2167.101,2161.5774,2169.4639,2149.0363,2168.8551,-1.7541,-0.0809,24538449.0,23724878.345
000016.SH,20160705,2168.8551,2162.0938,2174.424,2159.8998,2163.2922,5.5629,0.2571,32307728.0,29936900.221
000016.SH,20160704,2163.2922,2121.8969,2169.6199,2120.4933,2127.0939,36.1983,1.7018,30862031.0,31651790.05
000016.SH,20160701,2127.0939,2124.3995,2133.3504,2122.865,2122.633,4.4609,0.2102,16132804.0,16184477.911
000016.SH,20160630,2122.633,2123.8665,2130.9776,2120.4075,2122.9696,-0.3366,-0.0159,20354517.0,20359578.28
000016.SH,20160629,2122.9696,2105.7631,2124.2929,2104.2336,2102.0531,20.9165,0.9951,29455726.0,27166106.363
000016.SH,20160628,2102.0531,2089.3482,2104.4793,2084.1811,2095.893,6.1601,0.2939,17588206.0,18316272.765
000016.SH,20160627,2095.893,2070.9409,2096.1991,2070.8239,2076.2999,19.5931,0.9437,16488467.0,17695450.852
000016.SH,20160624,2076.2999,2099.9981,2112.6087,2052.9842,2105.5324,-29.2325,-1.3884,22607830.0,21619299.199
000016.SH,20160623,2105.5324,2114.7744,2114.7744,2098.3578,2115.7685,-10.2361,-0.4838,15282345.0,14035828.419
000016.SH,20160622,2115.7685,2101.0542,2116.2969,2098.6316,2104.5582,11.2103,0.5327,13548733.0,12787840.724
000016.SH,20160621,2104.5582,2108.8656,2130.8995,2100.0614,2104.2202,0.338,0.0161,17699905.0,18104606.857
000016.SH,20160620,2104.2202,2109.5667,2110.8862,2092.8287,2102.2006,2.0196,0.0961,12091160.0,11798703.465
000016.SH,20160617,2102.2006,2093.6916,2115.4165,2093.6916,2094.8146,7.386,0.3526,17846082.0,16777643.124
000016.SH,20160616,2094.8146,2095.3615,2105.2531,2091.4898,2106.6312,-11.8166,-0.5609,17968861.0,17158684.585
000016.SH,20160615,2106.6312,2073.4685,2115.3762,2073.0979,2095.0228,11.6084,0.5541,19549925.0,19789057.323
000016.SH,20160614,2095.0228,2080.9029,2098.064,2079.3951,2084.3001,10.7227,0.5145,15354924.0,15175834.009
000016.SH,20160613,2084.3001,2113.912,2122.46,2083.2878,2132.963,-48.6629,-2.2815,21028771.0,21548598.394
000016.SH,20160608,2132.963,2137.1805,2138.8466,2124.8355,2139.069,-6.106,-0.2855,16405791.0,16913874.903
000016.SH,20160607,2139.069,2141.6519,2145.7143,2134.6061,2136.3228,2.7462,0.1285,14068491.0,14201054.269
000016.SH,20160606,2136.3228,2148.9633,2151.0586,2131.9182,2152.6368,-16.314,-0.7579,13658837.0,14937594.456
000016.SH,20160603,2152.6368,2146.557,2157.0678,2135.5328,2137.6519,14.9849,0.701,20526152.0,22672475.334
000016.SH,20160602,2137.6519,2138.2076,2144.3191,2129.9414,2138.9632,-1.3113,-0.0613,16356666.0,16575050.956
000016.SH,20160601,2138.9632,2155.5038,2158.7152,2138.5571,2155.6557,-16.6925,-0.7744,25473324.0,25762502.262
000016.SH,20160531,2155.6557,2092.2161,2158.1222,2092.2161,2092.1606,63.4951,3.0349,40651742.0,40508298.055
000016.SH,20160530,2092.1606,2076.9328,2093.774,2065.6354,2074.9195,17.2411,0.8309,17714385.0,15915924.901
000016.SH,20160527,2074.9195,2075.2068,2080.4894,2069.5175,2076.1366,-1.2171,-0.0586,10577492.0,9750472.554
000016.SH,20160526,2076.1366,2070.2373,2083.0565,2062.1696,2071.9071,4.2295,0.2041,13126512.0,12358055.446
000016.SH,20160525,2071.9071,2079.4816,2084.1339,2068.6809,2066.6428,5.2643,0.2547,11284997.0,11048976.063
000016.SH,20160524,2066.6428,2080.0141,2080.0691,2062.4983,2082.4118,-15.769,-0.7572,13104443.0,12004955.715
000016.SH,20160523,2082.4118,2082.972,2095.1694,2077.9369,2083.1174,-0.7056,-0.0339,14479211.0,14371087.061
000016.SH,20160520,2083.1174,2067.4642,2083.5117,2064.4422,2073.8041,9.3133,0.4491,13890172.0,13661635.807
000016.SH,20160519,2073.8041,2072.3674,2083.1321,2069.9025,2078.7593,-4.9552,-0.2384,14050006.0,13350530.959
000016.SH,20160518,2078.7593,2067.7161,2081.8512,2053.7159,2075.4651,3.2942,0.1587,23037112.0,22436930.937
000016.SH,20160517,2075.4651,2081.5694,2083.8526,2069.273,2082.6159,-7.1508,-0.3434,14850963.0,13798390.899
000016.SH,20160516,2082.6159,2068.9238,2082.8647,2064.6788,2076.1879,6.428,0.3096,13579244.0,13252817.364
000016.SH,20160513,2076.1879,2079.6446,2089.8352,2072.2595,2084.8384,-8.6505,-0.4149,15287869.0,15135709.69
000016.SH,20160512,2084.8384,2067.7474,2089.6491,2055.511,2078.4126,6.4258,0.3092,17927530.0,17443294.933
000016.SH,20160511,2078.4126,2078.2867,2089.1174,2068.6501,2072.3818,6.0308,0.291,18058633.0,18032556.407
000016.SH,20160510,2072.3818,2061.9885,2084.6965,2061.9885,2072.467,-0.0852,-0.0041,17165746.0,17240679.323
000016.SH,20160509,2072.467,2100.6427,2100.6427,2064.6856,2107.0089,-34.5419,-1.6394,24022253.0,22941013.847
000016.SH,20160506,2107.0089,2152.5018,2153.8726,2106.4437,2152.8822,-45.8733,-2.1308,24642275.0,25367200.229
000016.SH,20160505,2152.8822,2149.4663,2155.4714,2145.1073,2152.9337,-0.0515,-0.0024,14777452.0,14787713.103
000016.SH,20160504,2152.9337,2152.4343,2159.6469,2147.7595,2158.2717,-5.338,-0.2473,17426893.0,18144468.011
000016.SH,20160503,2158.2717,2136.1977,2167.7261,2131.3826,2135.5087,22.763,1.0659,25815215.0,27269576.824
000016.SH,20160429,2135.5087,2136.8443,2146.3244,2134.1895,2142.0569,-6.5482,-0.3057,15948538.0,17090293.15
000016.SH,20160428,2142.0569,2149.0651,2155.5694,2131.8598,2145.3804,-3.3235,-0.1549,17358106.0,17850408.074
000016.SH,20160427,2145.3804,2157.859,2159.125,2143.8984,2155.7914,-10.411,-0.4829,14520801.0,15736109.02
000016.SH,20160426,2155.7914,2146.4125,2163.2401,2140.5745,2148.2801,7.5113,0.3496,15444290.0,16801367.976
000016.SH,20160425,2148.2801,2149.2499,2156.5303,2130.3027,2157.7235,-9.4434,-0.4377,17156071.0,19007263.456
000016.SH,20160422,2157.7235,2135.9186,2161.7978,2133.8099,2147.7184,10.0051,0.4658,20198569.0,21289913.315
000016.SH,20160421,2147.7184,2138.2874,2171.451,2129.9123,2154.8859,-7.1675,-0.3326,30628951.0,32429379.679
000016.SH,20160420,2154.8859,2166.284,2169.65,2093.8183,2163.607,-8.7211,-0.4031,47565258.0,48235896.436
000016.SH,20160419,2163.607,2169.8942,2173.0863,2156.1832,2158.2302,5.3768,0.2491,18390650.0,19323711.874
000016.SH,20160418,2158.2302,2166.0031,2168.8968,2154.3812,2182.0667,-23.8365,-1.0924,24410918.0,25800374.598
000016.SH,20160415,2182.0667,2182.1142,2190.7302,2172.9695,2178.8677,3.199,0.1468,23818860.0,25223150.971
000016.SH,20160414,2178.8677,2183.1207,2190.871,2166.6339,2171.315,7.5527,0.3478,24878856.0,25373585.783
000016.SH,20160413,2171.315,2157.2118,2197.7434,2157.2118,2143.8961,27.4189,1.2789,51114468.0,51256822.265
000016.SH,20160412,2143.8961,2147.8112,2150.5709,2135.2886,2148.4394,-4.5433,-0.2115,19392198.0,19123928.979
000016.SH,20160411,2148.4394,2140.5643,2167.6472,2140.5643,2123.8041,24.6353,1.16,30212504.0,33903808.618
000016.SH,20160408,2123.8041,2125.4491,2132.7281,2114.2648,2139.4042,-15.6001,-0.7292,22822747.0,23132415.424
000016.SH,20160407,2139.4042,2174.8833,2177.1223,2138.3283,2168.0372,-28.633,-1.3207,25833044.0,25519469.34
000016.SH,20160406,2168.0372,2167.4489,2176.9006,2156.5153,2180.2624,-12.2252,-0.5607,28349678.0,27380831.339
000016.SH,20160405,2180.2624,2151.3691,2186.917,2147.0884,2167.7824,12.48,0.5757,38874521.0,37084444.528
000016.SH,20160401,2167.7824,2156.7757,2168.3329,2124.1259,2156.541,11.2414,0.5213,34903898.0,32422111.093
000016.SH,20160331,2156.541,2166.4213,2171.7926,2149.2439,2157.5295,-0.9885,-0.0458,32281837.0,32777718.725
000016.SH,20160330,2157.5295,2124.5313,2160.4969,2124.089,2106.8616,50.6679,2.4049,35633829.0,34688338.303
000016.SH,20160329,2106.8616,2127.8042,2133.8094,2100.9189,2123.0349,-16.1733,-0.7618,25654604.0,26393057.901
000016.SH,20160328,2123.0349,2152.8074,2166.9221,2116.9804,2149.2039,-26.169,-1.2176,25905906.0,27760610.49
000016.SH,20160325,2149.2039,2137.154,2156.804,2135.5281,2137.59,11.6139,0.5433,22781049.0,25542245.456
000016.SH,20160324,2137.59,2161.1707,2161.1707,2137.1895,2175.2834,-37.6934,-1.7328,33879927.0,36127200.242
000016.SH,20160323,2175.2834,2170.1633,2186.0204,2159.456,2173.256,2.0274,0.0933,35247664.0,38676054.516
000016.SH,20160322,2173.256,2181.9848,2196.3678,2167.4297,2193.3853,-20.1293,-0.9177,50531245.0,54395174.817
000016.SH,20160321,2193.3853,2156.9507,2214.6429,2154.4859,2141.177,52.2083,2.4383,78264665.0,85196919.043
000016.SH,20160318,2141.177,2140.267,2165.147,2131.383,2131.481,9.696,0.4549,62257624.0,60631656.538
000016.SH,20160317,2131.4813,2135.0585,2156.8913,2113.4357,2136.1277,-4.6464,-0.2175,38077902.0,38825808.171
000016.SH,20160316,2136.1277,2087.2793,2142.1597,2084.7668,2101.1167,35.011,1.6663,60381577.0,57696394.759
000016.SH,20160315,2101.1167,2077.5077,2105.0383,2055.3234,2078.4096,22.7071,1.0925,34647131.0,32999424.626
000016.SH,20160314,2078.4096,2079.9065,2117.8307,2071.1223,2070.7239,7.6857,0.3712,35114617.0,35565111.22
000016.SH,20160311,2070.7239,2043.2499,2071.0905,2039.5853,2061.451,9.2729,0.4498,24443461.0,23904780.794
000016.SH,20160310,2061.451,2089.8613,2102.9862,2060.0643,2111.9188,-50.4678,-2.3897,20872981.0,19900998.976
000016.SH,20160309,2111.9188,2073.2719,2112.8587,2053.8366,2115.158,-3.2392,-0.1531,38083290.0,34644426.381
000016.SH,20160308,2115.158,2102.2483,2118.0424,2037.2938,2107.6731,7.4849,0.3551,39003355.0,35705183.469
000016.SH,20160307,2107.6731,2122.5519,2133.5566,2097.777,2122.2692,-14.5961,-0.6878,40058732.0,38149431.79
000016.SH,20160304,2122.2692,2045.1154,2128.5689,2040.0828,2053.2726,68.9966,3.3603,85953126.0,78672195.59
000016.SH,20160303,2053.2726,2043.3737,2057.1633,2031.5361,2043.4067,9.8659,0.4828,45476671.0,43399574.179
000016.SH,20160302,2043.4067,1980.4615,2045.8249,1979.174,1973.1936,70.2131,3.5583,50978802.0,46820915.805
000016.SH,20160301,1973.1936,1944.5622,1988.5669,1931.9801,1944.6111,28.5825,1.4698,29595859.0,27992084.136
000016.SH,20160229,1944.6111,1951.6759,1953.3175,1891.0975,1955.3953,-10.7842,-0.5515,39161583.0,33168529.394
000016.SH,20160226,1955.3953,1946.961,1965.9147,1929.9987,1932.6015,22.7938,1.1794,26306764.0,22745281.242
000016.SH,20160225,1932.6015,2038.1604,2038.1805,1925.1951,2041.3881,-108.7866,-5.3291,42459563.0,36399666.665
000016.SH,20160224,2041.3881,2020.5916,2041.8831,2009.3485,2029.5223,11.8658,0.5847,26228917.0,24061303.022
000016.SH,20160223,2029.5223,2051.5671,2051.5671,2013.9809,2053.8631,-24.3408,-1.1851,26876191.0,25027930.0
000016.SH,20160222,2053.8631,2025.18,2064.6095,2016.364,2004.1065,49.7566,2.4827,39059284.0,36475281.132
000016.SH,20160219,2004.1065,2005.4131,2013.7813,1993.0455,2009.2727,-5.1662,-0.2571,21639290.0,19326968.856
000016.SH,20160218,2009.2727,2022.5495,2034.161,2007.2157,2014.4428,-5.1701,-0.2567,30938607.0,28583893.67
000016.SH,20160217,2014.4428,1997.6793,2020.0843,1993.8945,2000.9027,13.5401,0.6767,34373548.0,30392064.24
000016.SH,20160216,2000.9027,1957.9147,2005.4156,1957.5363,1948.2752,52.6275,2.7012,30607291.0,26813072.574
000016.SH,20160215,1948.2752,1916.4236,1958.2198,1914.4938,1967.2595,-18.9843,-0.965,18893231.0,17604887.221
000016.SH,20160205,1967.2595,1970.6883,1979.3913,1962.233,1974.2364,-6.9769,-0.3534,20455795.0,20020499.33
000016.SH,20160204,1974.2364,1962.8658,1983.252,1960.1297,1952.3665,21.8699,1.1202,25020305.0,22994238.074
000016.SH,20160203,1952.3665,1947.8333,1955.0889,1929.8145,1969.6161,-17.2496,-0.8758,21970080.0,19391561.403
000016.SH,20160202,1969.6161,1935.2156,1978.2855,1934.907,1937.0729,32.5432,1.68,26156540.0,23459043.407
000016.SH,20160201,1937.0729,1970.2135,1973.0998,1917.2396,1973.0052,-35.9323,-1.8212,27335160.0,23805513.257
000016.SH,20160129,1973.0052,1915.1266,1986.7205,1914.3957,1912.7205,60.2847,3.1518,38242877.0,33961257.172
000016.SH,20160128,1912.7205,1943.8257,1960.9462,1900.3515,1953.4647,-40.7442,-2.0857,29716553.0,26312112.328
000016.SH,20160127,1953.4647,1961.3986,1972.1635,1908.0377,1951.6136,1.8511,0.0948,39302664.0,34956352.584
000016.SH,20160126,1951.6136,2046.0403,2050.4457,1944.9061,2065.4437,-113.8301,-5.5112,37751437.0,34523878.745
000016.SH,20160125,2065.4437,2067.5631,2074.8954,2049.2538,2061.9621,3.4816,0.1688,21741074.0,19964754.994
000016.SH,20160122,2061.9621,2062.6257,2074.1656,2026.2701,2040.9775,20.9846,1.0282,27065196.0,25575155.487
000016.SH,20160121,2040.9775,2069.3857,2112.7342,2040.5269,2088.7229,-47.7454,-2.2859,34354515.0,32473758.418
000016.SH,20160120,2088.7229,2115.126,2124.1513,2076.1648,2128.5743,-39.8514,-1.8722,39221145.0,39259455.272
000016.SH,20160119,2128.5743,2075.1864,2135.3621,2060.2812,2069.2746,59.2997,2.8657,37222168.0,37594149.943
000016.SH,20160118,2069.2746,2040.4064,2092.4024,2039.0509,2070.9283,-1.6537,-0.0799,26806095.0,25299829.922
000016.SH,20160115,2070.9283,2119.5624,2128.9478,2058.6966,2132.0757,-61.1474,-2.868,34641623.0,33603671.196
000016.SH,20160114,2132.0757,2056.4075,2136.0634,2052.296,2105.5066,26.5691,1.2619,36630965.0,35415650.797
000016.SH,20160113,2105.5066,2152.7166,2157.5078,2104.9307,2131.3679,-25.8613,-1.2134,32024944.0,32986276.068
000016.SH,20160112,2131.3679,2135.9386,2151.3985,2115.3645,2120.2342,11.1337,0.5251,35144374.0,36195368.774
000016.SH,20160111,2120.2342,2182.846,2202.3226,2119.7024,2219.6119,-99.3777,-4.4773,48483505.0,48888155.75
000016.SH,20160108,2219.6119,2225.4754,2257.41,2154.5816,2180.5889,39.023,1.7896,51525931.0,53797581.98
000016.SH,20160107,2180.5889,2281.881,2281.9337,2171.3153,2317.6465,-137.0576,-5.9137,11081575.0,11474807.593
000016.SH,20160106,2317.6465,2284.9228,2321.1692,2274.4683,2288.1127,29.5338,1.2907,38088820.0,39894992.59
000016.SH,20160105,2288.1127,2230.08,2309.5937,2223.0521,2270.4609,17.6518,0.7775,48075962.0,51045135.704
000016.SH,20160104,2270.4609,2417.0246,2417.0246,2269.9671,2420.8008,-150.3399,-6.2103,34620851.0,37753719.87
000016.SH,20151231,2420.8008,2426.8106,2437.7164,2409.7569,2432.773,-11.9722,-0.4921,29972722.0,34587023.313
000016.SH,20151230,2432.773,2432.1831,2434.5213,2399.9199,2432.8795,-0.1065,-0.0044,28420662.0,34438639.925
000016.SH,20151229,2432.8795,2408.9253,2435.6213,2405.1696,2411.4081,21.4714,0.8904,27597306.0,32289796.966
000016.SH,20151228,2411.4081,2498.7813,2502.3332,2411.209,2492.3364,-80.9283,-3.2471,48200591.0,56480251.513
000016.SH,20151225,2492.3364,2483.657,2496.8375,2474.3269,2481.7542,10.5822,0.4264,29623024.0,37440811.179
000016.SH,20151224,2481.7542,2498.7684,2505.7027,2451.4496,2503.059,-21.3048,-0.8512,48303842.0,61250645.782
000016.SH,20151223,2503.059,2497.3662,2550.8985,2492.4251,2496.054,7.005,0.2806,68188855.0,90512021.082
000016.SH,20151222,2496.054,2499.6578,2506.8697,2477.6669,2500.064,-4.01,-0.1604,51248803.0,64840180.729
000016.SH,20151221,2500.064,2415.63,2513.486,2414.838,2422.835,77.229,3.1875,73671087.0,85785187.704
000016.SH,20151218,2422.8345,2405.8566,2466.3461,2404.1523,2408.3212,14.5133,0.6026,53967334.0,61122604.304
000016.SH,20151217,2408.3212,2391.4022,2424.9037,2386.0882,2376.5351,31.7861,1.3375,44035118.0,52238794.696
000016.SH,20151216,2376.5351,2389.2521,2394.1708,2371.4278,2383.8318,-7.2967,-0.3061,28490923.0,33463611.754
000016.SH,20151215,2383.8318,2408.1527,2410.0856,2377.0664,2414.9166,-31.0848,-1.2872,34608353.0,44351837.528
000016.SH,20151214,2414.9166,2319.1979,2418.5639,2316.9024,2342.4527,72.4639,3.0935,47486653.0,59498180.606
000016.SH,20151211,2342.4527,2346.8631,2357.0795,2324.6253,2357.2086,-14.7559,-0.626,31590449.0,36142268.902
000016.SH,20151210,2357.2086,2369.5876,2402.6877,2353.2172,2369.7377,-12.5291,-0.5287,31997618.0,36125750.537
000016.SH,20151209,2369.7377,2357.8763,2386.2814,2356.9389,2364.3437,5.394,0.2281,28420592.0,32031217.406
000016.SH,20151208,2364.3437,2381.6752,2386.2769,2356.9295,2395.5835,-31.2398,-1.3041,33813694.0,37192972.423
000016.SH,20151207,2395.5835,2398.0884,2404.9121,2379.5459,2397.5621,-1.9786,-0.0825,29174395.0,31915980.561
000016.SH,20151204,2397.5621,2438.3862,2442.2478,2392.8836,2461.4492,-63.8871,-2.5955,47838541.0,47769842.562
000016.SH,20151203,2461.4492,2441.9057,2481.5374,2422.5588,2458.4105,3.0387,0.1236,81744001.0,76165001.848
000016.SH,20151202,2458.4105,2341.4253,2463.9045,2337.0274,2344.8327,113.5778,4.8437,81676934.0,86349470.754
000016.SH,20151201,2344.8327,2334.1426,2365.1486,2314.7933,2336.2903,8.5424,0.3656,41934911.0,43612910.949
000016.SH,20151130,2336.2903,2325.0707,2347.8438,2280.6832,2334.44,1.8503,0.0793,52561629.0,55296921.063
000016.SH,20151127,2334.44,2438.1791,2439.6994,2320.0656,2450.9624,-116.5224,-4.7541,55953595.0,65740271.512
000016.SH,20151126,2450.9624,2468.5185,2481.3896,2450.0949,2459.5633,-8.6009,-0.3497,44936629.0,56095623.49
000016.SH,20151125,2459.5633,2441.7283,2460.1843,2430.3496,2447.9039,11.6594,0.4763,42602899.0,51769943.222
000016.SH,20151124,2447.9039,2449.9729,2452.3517,2421.3924,2456.8404,-8.9365,-0.3637,40952414.0,47603582.746
000016.SH,20151123,2456.8404,2465.8114,2485.415,2451.5478,2466.7568,-9.9164,-0.402,44090329.0,54186057.033
000016.SH,20151120,2466.7568,2469.6989,2483.8908,2458.7789,2468.488,-1.7312,-0.0701,48099426.0,56175625.801
000016.SH,20151119,2468.488,2444.878,2469.007,2436.899,2439.447,29.041,1.1905,41949234.0,48802526.883
000016.SH,20151118,2439.4469,2455.5762,2473.4474,2433.4563,2453.2569,-13.81,-0.5629,59872626.0,72688331.602
000016.SH,20151117,2453.2569,2462.2173,2514.463,2449.7405,2447.2933,5.9636,0.2437,68244705.0,89093561.458
000016.SH,20151116,2447.2933,2410.0392,2447.5002,2407.9432,2447.7733,-0.48,-0.0196,42344114.0,52138986.497
000016.SH,20151113,2447.7733,2454.1777,2481.1753,2444.203,2476.4292,-28.6559,-1.1571,55930737.0,72056902.058
000016.SH,20151112,2476.4292,2513.1066,2513.7008,2466.2905,2505.8297,-29.4005,-1.1733,58391260.0,73592455.953
000016.SH,20151111,2505.8297,2516.346,2517.5059,2474.0433,2522.6834,-16.8537,-0.6681,66089396.0,81052526.285
000016.SH,20151110,2522.6834,2504.2534,2559.8275,2498.4572,2534.0841,-11.4007,-0.4499,90872224.0,111933015.715
000016.SH,20151109,2534.0841,2501.7251,2592.1938,2501.7251,2493.4843,40.5998,1.6282,133190838.0,157351840.674
000016.SH,20151106,2493.4843,2430.6499,2501.4033,2427.2838,2440.6507,52.8336,2.1647,102199298.0,127824382.46
000016.SH,20151105,2440.6507,2368.6075,2503.6496,2365.8544,2370.5032,70.1475,2.9592,148745222.0,182382020.823
000016.SH,20151104,2370.5032,2277.2001,2374.0187,2277.2001,2271.6533,98.8499,4.3515,62000309.0,72905591.637
000016.SH,20151103,2271.6533,2283.8015,2294.4151,2265.6732,2280.0924,-8.4391,-0.3701,27317118.0,29524653.506
000016.SH,20151102,2280.0924,2291.2521,2310.8283,2279.4692,2312.9738,-32.8814,-1.4216,33098994.0,36611438.729
000016.SH,20151030,2312.9738,2307.7591,2336.0387,2298.9736,2307.345,5.6288,0.244,37173556.0,44039500.406
000016.SH,20151029,2307.345,2317.4802,2323.4514,2301.3667,2310.7026,-3.3576,-0.1453,29257579.0,33423652.238
000016.SH,20151028,2310.7026,2338.3863,2342.4533,2308.5454,2349.9042,-39.2016,-1.6682,40939162.0,46039202.86
000016.SH,20151027,2349.9042,2343.8724,2353.648,2302.0927,2350.0196,-0.1154,-0.0049,46643220.0,55912464.52
000016.SH,20151026,2350.0196,2366.8375,2381.7134,2340.4955,2343.9648,6.0548,0.2583,52798208.0,65318857.607
000016.SH,20151023,2343.9648,2334.5424,2350.1187,2319.775,2331.7909,12.1739,0.5221,48854813.0,55499002.573
000016.SH,20151022,2331.7909,2306.0669,2337.4006,2297.0495,2340.3603,-8.5694,-0.3662,54651781.0,58117036.163
000016.SH,20151021,2340.3603,2338.7144,2369.3709,2268.8233,2337.0801,3.2802,0.1404,97671718.0,101098777.998
000016.SH,20151020,2337.0801,2312.5313,2337.7977,2297.7548,2318.4716,18.6085,0.8026,46698905.0,53385978.561
000016.SH,20151019,2318.4716,2329.3956,2346.346,2303.1651,2323.7752,-5.3036,-0.2282,53225380.0,62261180.575
000016.SH,20151016,2323.7752,2310.3544,2328.3035,2301.4867,2297.9014,25.8738,1.126,60168475.0,68286761.136
000016.SH,20151015,2297.9014,2254.403,2297.9562,2252.3297,2253.9082,43.9932,1.9519,46942189.0,51270530.646
000016.SH,20151014,2253.9082,2263.5923,2284.6197,2252.3809,2270.9481,-17.0399,-0.7503,41961463.0,43702043.288
000016.SH,20151013,2270.9481,2268.7585,2282.0407,2259.2671,2283.4292,-12.4811,-0.5466,36904537.0,39806826.617
000016.SH,20151012,2283.4292,2223.3251,2308.1886,2220.6321,2219.2937,64.1355,2.8899,62354545.0,67779920.778
000016.SH,20151009,2219.2937,2202.1335,2226.4226,2195.1582,2191.3432,27.9505,1.2755,33135222.0,34896509.932
000016.SH,20151008,2191.3432,2231.0245,2231.2415,2189.9876,2146.118,45.2252,2.1073,39255630.0,45316636.052
000016.SH,20150930,2146.118,2138.1478,2161.7115,2133.879,2127.2026,18.9154,0.8892,25026925.0,27561758.091
000016.SH,20150929,2127.2026,2139.7966,2145.9867,2114.301,2169.941,-42.7384,-1.9696,25482560.0,25518108.293
000016.SH,20150928,2169.941,2169.1521,2175.9703,2145.7497,2183.4036,-13.4626,-0.6166,20268618.0,20171336.385
000016.SH,20150925,2183.4036,2180.2874,2191.3604,2150.0182,2188.0879,-4.6843,-0.2141,35992010.0,36738193.81
000016.SH,20150924,2188.0879,2190.3099,2198.4924,2170.6778,2178.546,9.5419,0.438,25074852.0,28435039.55
000016.SH,20150923,2178.546,2208.2518,2219.2406,2174.92,2237.3135,-58.7675,-2.6267,34234548.0,37515856.179
000016.SH,20150922,2237.3135,2217.7792,2259.0709,2210.4944,2214.4483,22.8652,1.0325,42563767.0,48474974.276
000016.SH,20150921,2214.4483,2185.0768,2220.024,2176.6584,2198.9898,15.4585,0.703,36901513.0,40143067.789
000016.SH,20150918,2198.9898,2204.578,2226.7505,2192.2657,2194.8233,4.1665,0.1898,36074301.0,37835417.744
000016.SH,20150917,2194.8233,2223.4025,2260.8497,2194.0283,2241.9486,-47.1253,-2.102,55842887.0,60336914.992
000016.SH,20150916,2241.9486,2161.01,2277.5828,2142.2004,2175.1725,66.7761,3.0699,56026548.0,57555613.858
000016.SH,20150915,2175.1725,2179.2388,2188.3566,2142.02,2228.1535,-52.981,-2.3778,55484328.0,54339604.366
000016.SH,20150914,2228.1535,2205.7054,2228.9573,2126.2884,2195.3905,32.763,1.4924,84785358.0,92470907.259
000016.SH,20150911,2195.3905,2199.5849,2218.8224,2180.2347,2208.4814,-13.0909,-0.5928,36221969.0,39906031.523
000016.SH,20150910,2208.4814,2183.6064,2218.1368,2175.3664,2211.1995,-2.7181,-0.1229,53035319.0,57056319.016
000016.SH,20150909,2211.1995,2186.3707,2225.2691,2175.7703,2180.1306,31.0689,1.4251,76962973.0,81846248.864
000016.SH,20150908,2180.1306,2115.8961,2185.4036,2084.0297,2133.9783,46.1523,2.1627,61980414.0,61093083.225
000016.SH,20150907,2133.9783,2215.1763,2247.4407,2127.4789,2243.6313,-109.653,-4.8873,85672057.0,82337818.717
000016.SH,20150902,2243.6313,2143.2435,2248.7663,2137.1926,2230.321,13.3103,0.5968,166061448.0,148869501.978
000016.SH,20150901,2230.321,2155.956,2239.4575,2103.4785,2210.4467,19.8743,0.8991,158310344.0,147365363.758
000016.SH,20150831,2210.4467,2135.603,2214.1052,2071.4057,2159.9579,50.4888,2.3375,117193052.0,122180277.777
000016.SH,20150828,2159.9579,2120.3581,2167.8984,2097.7759,2094.7223,65.2356,3.1143,115299860.0,117095076.61
000016.SH,20150827,2094.7223,1989.5864,2095.456,1957.7364,1942.4498,152.2725,7.8392,116585470.0,112381615.036
000016.SH,20150826,1942.4498,1930.2009,2028.4016,1874.2162,1914.0515,28.3983,1.4837,124111796.0,113224245.167
000016.SH,20150825,1914.0515,1947.1445,2044.5585,1890.3788,2058.2515,-144.2,-7.0059,118569577.0,109950391.154
000016.SH,20150824,2058.2515,2195.4567,2203.6341,2046.8446,2271.3586,-213.1071,-9.3824,115420383.0,111341099.688
000016.SH,20150821,2271.3586,2336.4496,2362.8436,2261.3069,2356.9173,-85.5587,-3.6301,78467553.0,85908968.966
000016.SH,20150820,2356.9173,2406.5701,2421.0257,2356.3339,2430.2809,-73.3636,-3.0187,68346853.0,74859841.916
000016.SH,20150819,2430.2809,2379.2091,2431.6113,2326.2363,2407.9666,22.3143,0.9267,90485319.0,100388484.977
000016.SH,20150818,2407.9666,2554.0761,2572.2131,2405.8283,2550.4668,-142.5002,-5.5872,101248713.0,125516447.456
000016.SH,20150817,2550.4668,2560.3713,2561.9626,2524.1277,2577.0381,-26.5713,-1.0311,71133819.0,91571513.211
000016.SH,20150814,2577.0381,2588.4321,2592.1695,2565.5918,2580.7779,-3.7398,-0.1449,72941572.0,98274809.964
000016.SH,20150813,2580.7779,2562.874,2585.9229,2522.3524,2561.1265,19.6514,0.7673,70080742.0,92171458.702
000016.SH,20150812,2561.1265,2562.6807,2598.5081,2557.2598,2590.7101,-29.5836,-1.1419,75352530.0,103960468.235
000016.SH,20150811,2590.7101,2612.948,2623.8365,2578.6485,2617.6592,-26.9491,-1.0295,99584256.0,126415895.643
000016.SH,20150810,2617.6592,2527.6156,2626.3575,2517.9473,2503.7961,113.8631,4.5476,109626613.0,135665863.619
000016.SH,20150807,2503.7961,2489.8051,2520.0376,2479.2458,2467.5246,36.2715,1.47,57563239.0,73033096.593
000016.SH,20150806,2467.5246,2452.5275,2505.5338,2446.9585,2487.0616,-19.537,-0.7855,47800047.0,60255514.873
000016.SH,20150805,2487.0616,2529.1331,2537.354,2485.5984,2534.7111,-47.6495,-1.8799,62889670.0,79648361.307
000016.SH,20150804,2534.7111,2476.1579,2535.2804,2462.7302,2479.7243,54.9868,2.2175,66032317.0,79544151.971
000016.SH,20150803,2479.7243,2433.2417,2479.9511,2419.8504,2461.2401,18.4842,0.751,88073410.0,96775631.031
000016.SH,20150731,2461.2401,2452.0468,2490.6587,2432.4937,2467.3671,-6.127,-0.2483,74725374.0,88953040.848
000016.SH,20150730,2467.3671,2525.0843,2548.2697,2459.9243,2531.4449,-64.0778,-2.5313,86949827.0,108522361.462
000016.SH,20150729,2531.4449,2496.8951,2535.6019,2459.0816,2485.6742,45.7707,1.8414,93078154.0,112668842.451
000016.SH,20150728,2485.6742,2427.0279,2531.2314,2400.8663,2493.2903,-7.6161,-0.3055,140338855.0,164763023.008
000016.SH,20150727,2493.2903,2698.798,2715.3594,2491.1185,2741.0438,-247.7535,-9.0387,136645104.0,158951323.879
000016.SH,20150724,2741.0438,2794.054,2807.6198,2735.2994,2790.7639,-49.7201,-1.7816,123928908.0,163019756.747
000016.SH,20150723,2790.7639,2741.4243,2796.3681,2736.3752,2739.7856,50.9783,1.8607,113582039.0,151861837.466
000016.SH,20150722,2739.7856,2757.2843,2770.9961,2721.3539,2772.7737,-32.9881,-1.1897,106654530.0,140089841.552
000016.SH,20150721,2772.7737,2757.66,2799.8154,2743.1549,2783.7614,-10.9877,-0.3947,115826578.0,152027265.918
000016.SH,20150720,2783.7614,2798.5598,2815.7011,2766.9428,2807.0649,-23.3035,-0.8302,130862495.0,166660027.49
000016.SH,20150717,2807.0649,2756.8658,2834.1789,2723.7387,2742.8468,64.2181,2.3413,130241112.0,160825185.875
000016.SH,20150716,2742.8468,2754.8286,2779.9974,2708.7151,2757.9508,-15.104,-0.5477,135246163.0,151401564.37
000016.SH,20150715,2757.9508,2725.9236,2779.9476,2665.9496,2763.0728,-5.122,-0.1854,185948028.0,211874749.742
000016.SH,20150714,2763.0728,2821.9709,2843.2483,2717.031,2869.0511,-105.9783,-3.6938,194368424.0,234177778.237
000016.SH,20150713,2869.0511,2855.7002,2949.1971,2805.9126,2898.4101,-29.359,-1.0129,233341055.0,289573739.645
000016.SH,20150710,2898.4101,2749.1204,2997.5974,2717.7117,2781.0767,117.3334,4.219,296251842.0,361175452.326
000016.SH,20150709,2781.0767,2575.3428,2828.752,2493.644,2608.9765,172.1002,6.5965,271176770.0,304601932.721
000016.SH,20150708,2608.9765,2596.7123,2760.5217,2546.462,2812.4457,-203.4692,-7.2346,377459400.0,407199234.07
000016.SH,20150707,2812.4457,2682.5006,2825.4855,2612.1145,2749.9982,62.4475,2.2708,350314798.0,428297507.083
000016.SH,20150706,2749.9982,2807.7542,2807.7542,2649.5575,2582.2655,167.7327,6.4956,344834279.0,383917336.13
000016.SH,20150703,2582.2655,2674.5573,2738.658,2511.1647,2714.2469,-131.9814,-4.8625,184361918.0,212838565.194
000016.SH,20150702,2714.2469,2767.9858,2805.6667,2611.8627,2736.8473,-22.6004,-0.8258,209045754.0,245275790.47
000016.SH,20150701,2736.8473,2823.9443,2872.907,2721.4761,2870.0253,-133.178,-4.6403,169957702.0,218026247.303
000016.SH,20150630,2870.0253,2678.6344,2872.5084,2628.0039,2678.3683,191.657,7.1557,219592298.0,275002230.874
000016.SH,20150629,2678.3683,2802.7716,2822.1132,2530.8302,2736.695,-58.3267,-2.1313,212018714.0,268112919.192
000016.SH,20150626,2736.695,2875.1223,2953.9593,2678.7693,2943.9898,-207.2948,-7.0413,183355804.0,239246445.397
000016.SH,20150625,2943.9898,3069.3999,3082.5578,2929.107,3045.2444,-101.2546,-3.325,160158307.0,220485922.433
000016.SH,20150624,3045.2444,3009.7687,3052.1133,2962.6465,3003.1629,42.0815,1.4012,141585882.0,192146957.777
000016.SH,20150623,3003.1629,2907.0748,3007.6261,2822.4705,2903.0573,100.1056,3.4483,135617644.0,181578408.064
000016.SH,20150619,2903.0573,3030.2239,3067.8172,2900.7908,3068.4878,-165.4305,-5.3913,131783924.0,175635864.935
000016.SH,20150618,3068.4878,3183.2291,3183.2291,3067.4846,3211.7065,-143.2187,-4.4593,137345042.0,182753386.134
000016.SH,20150617,3211.7065,3198.1427,3222.4383,3144.4881,3179.6524,32.0541,1.0081,159571563.0,207598398.446
000016.SH,20150616,3179.6524,3233.1467,3275.4742,3149.0828,3262.4793,-82.8269,-2.5388,155969898.0,215445605.742
000016.SH,20150615,3262.4793,3359.7065,3366.8387,3254.6189,3350.2482,-87.7689,-2.6198,167322559.0,249139893.089
000016.SH,20150612,3350.2482,3364.4434,3374.815,3319.1998,3347.1161,3.1321,0.0936,145262255.0,225464244.301
000016.SH,20150611,3347.1161,3368.9989,3383.4882,3313.5902,3370.3833,-23.2672,-0.6903,138073848.0,226193699.248
000016.SH,20150610,3370.3833,3362.807,3415.2762,3338.6844,3413.996,-43.6127,-1.2775,155294691.0,246677080.6
000016.SH,20150609,3413.996,3494.823,3494.823,3376.025,3458.707,-44.711,-1.2927,220448561.0,340397076.165
000016.SH,20150608,3458.707,3333.833,3469.216,3308.296,3303.988,154.719,4.6828,248254042.0,350471169.879
000016.SH,20150605,3303.988,3349.573,3365.59,3234.246,3299.03,4.958,0.1503,188145648.0,270740079.78
000016.SH,20150604,3299.03,3244.459,3316.501,3113.222,3238.428,60.602,1.8713,184567939.0,254373140.235
000016.SH,20150603,3238.428,3251.909,3259.706,3193.544,3258.31,-19.882,-0.6102,128306977.0,190395608.79
000016.SH,20150602,3258.31,3240.796,3269.216,3201.224,3244.319,13.991,0.4312,134800533.0,192594405.217
000016.SH,20150601,3244.319,3114.793,3250.605,3082.163,3111.334,132.985,4.2742,141023373.0,208883534.412
000016.SH,20150529,3111.334,3127.636,3161.58,3036.957,3124.621,-13.287,-0.4252,133784404.0,198756332.721
000016.SH,20150528,3124.621,3336.7,3350.218,3120.973,3344.738,-220.117,-6.581,178255206.0,269774194.61
000016.SH,20150527,3344.738,3390.981,3404.756,3327.241,3386.593,-41.855,-1.2359,147470539.0,243480842.689
000016.SH,20150526,3386.593,3382.76,3390.287,3320.154,3349.945,36.648,1.094,147894684.0,246793747.401
000016.SH,20150525,3349.945,3263.96,3350.518,3263.96,3248.855,101.09,3.1116,158585710.0,252774281.092
000016.SH,20150522,3248.855,3180.39,3249.516,3170.453,3150.901,97.954,3.1088,150021104.0,231552874.29
000016.SH,20150521,3150.901,3132.335,3156.488,3110.999,3122.85,28.051,0.8982,94755784.0,147586632.328
000016.SH,20150520,3122.85,3127.566,3181.54,3105.626,3116.086,6.764,0.2171,124557332.0,193487499.948
000016.SH,20150519,3116.086,2996.841,3127.001,2996.716,2998.389,117.697,3.9253,111206627.0,177662170.878
000016.SH,20150518,2998.389,3032.708,3045.586,2997.129,3060.411,-62.022,-2.0266,87041724.0,130095424.19
000016.SH,20150515,3060.411,3122.894,3124.605,3044.854,3128.572,-68.161,-2.1787,109993195.0,161060871.991
000016.SH,20150514,3128.572,3136.128,3153.748,3107.681,3141.296,-12.724,-0.4051,105338706.0,153091926.598
000016.SH,20150513,3141.296,3188.061,3188.961,3122.337,3188.313,-47.017,-1.4747,117305504.0,174969590.097
000016.SH,20150512,3188.313,3162.671,3200.184,3136.458,3169.134,19.179,0.6052,130813054.0,199503827.349
000016.SH,20150511,3169.134,3112.241,3169.867,3075.201,3110.455,58.679,1.8865,133766659.0,194746886.189
000016.SH,20150508,3110.455,3126.002,3138.661,3045.01,3094.883,15.572,0.5032,103278165.0,152427977.927
000016.SH,20150507,3094.883,3116.788,3142.137,3093.732,3139.02,-44.137,-1.4061,109440929.0,163519858.395
000016.SH,20150506,3139.02,3175.886,3244.596,3110.111,3148.813,-9.793,-0.311,147991138.0,255658443.829
000016.SH,20150505,3148.813,3266.809,3270.962,3132.936,3272.005,-123.192,-3.765,170607781.0,260105798.246
000016.SH,20150504,3272.005,3250.125,3273.149,3204.306,3250.49,21.515,0.6619,133270953.0,207062514.415
000016.SH,20150430,3250.49,3290.581,3309.419,3249.246,3283.282,-32.792,-0.9988,146288279.0,230961426.171
000016.SH,20150429,3283.282,3268.518,3304.707,3243.539,3282.33,0.952,0.029,146666285.0,228829616.84
000016.SH,20150428,3282.33,3309.529,3370.025,3255.769,3308.454,-26.124,-0.7896,266042859.0,373574203.804
000016.SH,20150427,3308.454,3257.97,3313.251,3257.97,3223.958,84.496,2.6209,200266975.0,308262693.91
000016.SH,20150424,3223.958,3226.384,3250.23,3161.972,3273.398,-49.44,-1.5104,185135936.0,297582758.67
000016.SH,20150423,3273.398,3311.071,3313.81,3245.762,3299.221,-25.823,-0.7827,177137931.0,293820855.339
000016.SH,20150422,3299.221,3219.696,3300.836,3204.437,3214.364,84.857,2.6399,201738071.0,330229057.388
000016.SH,20150421,3214.364,3163.288,3214.893,3135.218,3164.461,49.903,1.577,184427692.0,269227090.538
000016.SH,20150420,3164.461,3267.851,3296.18,3146.84,3235.332,-70.871,-2.1905,265976127.0,396545655.558
000016.SH,20150417,3235.332,3251.977,3271.567,3216.206,3183.302,52.03,1.6345,207659934.0,285355303.934
000016.SH,20150416,3183.302,3045.851,3183.583,3033.248,3053.304,129.998,4.2576,171967554.0,237185820.5
000016.SH,20150415,3053.304,3054.017,3119.484,3039.255,3052.407,0.897,0.0294,179025929.0,229330047.185
000016.SH,20150414,3052.407,3057.407,3074.671,3013.312,3041.125,11.282,0.371,162300362.0,232248755.663
000016.SH,20150413,3041.125,3040.007,3059.775,3016.965,2986.605,54.52,1.8255,169339583.0,228801061.501
000016.SH,20150410,2986.605,2925.926,2992.408,2911.463,2931.772,54.833,1.8703,141215958.0,211274923.926
000016.SH,20150409,2931.772,2973.811,3021.85,2914.695,2952.079,-20.307,-0.6879,176764483.0,275401161.544
000016.SH,20150408,2952.079,2907.584,2960.653,2879.974,2889.452,62.627,2.1674,179853837.0,259888801.391
000016.SH,20150407,2889.452,2854.407,2889.859,2838.885,2817.181,72.271,2.5654,160139442.0,218683078.629
000016.SH,20150403,2817.181,2771.03,2817.624,2764.347,2781.641,35.54,1.2777,112969251.0,164348829.555
000016.SH,20150402,2781.641,2821.214,2824.822,2746.302,2799.451,-17.81,-0.6362,122184734.0,169118205.58
000016.SH,20150401,2799.451,2758.962,2810.649,2751.372,2754.658,44.793,1.6261,125281322.0,173744777.845
000016.SH,20150331,2754.658,2826.634,2860.24,2744.927,2784.456,-29.798,-1.0702,175833718.0,238894479.256
000016.SH,20150330,2784.456,2716.431,2793.414,2704.798,2689.24,95.216,3.5406,181383659.0,223343798.801
000016.SH,20150327,2689.24,2693.189,2715.007,2664.864,2687.762,1.478,0.055,119869374.0,150762821.311
000016.SH,20150326,2687.762,2637.527,2714.63,2621.451,2649.161,38.601,1.4571,133442925.0,177662022.521
000016.SH,20150325,2649.161,2674.352,2691.238,2626.659,2683.647,-34.486,-1.285,132270399.0,172197841.805
000016.SH,20150324,2683.647,2719.506,2720.03,2649.621,2720.671,-37.024,-1.3608,153617579.0,193855720.33
000016.SH,20150323,2720.671,2700.157,2724.644,2690.48,2680.679,39.992,1.4919,142091935.0,200735740.327
000016.SH,20150320,2680.679,2642.798,2710.128,2617.065,2630.243,50.436,1.9175,153754994.0,226538770.261
000016.SH,20150319,2630.243,2649.002,2649.002,2613.765,2649.642,-19.399,-0.7321,133595868.0,164505899.286
000016.SH,20150318,2649.642,2595.739,2649.816,2592.264,2583.198,66.444,2.5722,147958821.0,183689197.06
000016.SH,20150317,2583.198,2576.413,2586.431,2556.469,2550.861,32.337,1.2677,132092052.0,169433534.025
000016.SH,20150316,2550.861,2512.353,2551.445,2485.291,2495.277,55.584,2.2276,104132082.0,138113102.459
000016.SH,20150313,2495.277,2494.345,2532.154,2477.396,2485.114,10.163,0.409,104205941.0,126727328.925
000016.SH,20150312,2485.114,2444.415,2505.633,2423.431,2408.503,76.611,3.1809,124778201.0,150805712.128
000016.SH,20150311,2408.503,2401.261,2444.655,2399.54,2395.428,13.075,0.5458,70074190.0,89940153.077
000016.SH,20150310,2395.428,2413.837,2424.151,2390.604,2429.867,-34.439,-1.4173,78435586.0,95150780.368
000016.SH,20150309,2429.867,2352.223,2443.204,2321.265,2371.623,58.244,2.4559,106195716.0,123427883.484
000016.SH,20150306,2371.623,2370.885,2393.739,2366.019,2366.899,4.724,0.1996,64804205.0,81818662.085
000016.SH,20150305,2366.899,2379.732,2382.892,2344.947,2397.993,-31.094,-1.2967,77773300.0,97140402.436
000016.SH,20150304,2397.993,2403.862,2416.219,2378.927,2396.805,1.188,0.0496,64295285.0,80953989.953
000016.SH,20150303,2396.805,2462.003,2462.003,2395.83,2479.237,-82.432,-3.3249,91274742.0,115862673.458
000016.SH,20150302,2479.237,2495.571,2498.716,2459.421,2474.595,4.642,0.1876,88052518.0,117028814.032
000016.SH,20150227,2474.595,2476.486,2498.697,2466.827,2478.061,-3.466,-0.1399,85651923.0,104744155.673
000016.SH,20150226,2478.061,2401.138,2482.443,2382.687,2407.457,70.604,2.9327,94707062.0,118346203.874
000016.SH,20150225,2407.457,2448.199,2448.199,2395.527,2445.26,-37.803,-1.546,63987384.0,78427138.974
000016.SH,20150217,2445.26,2437.689,2464.524,2437.689,2431.21,14.05,0.5779,60010573.0,76964794.987
000016.SH,20150216,2431.21,2427.168,2437.843,2413.604,2427.474,3.736,0.1539,62608116.0,79647192.287
000016.SH,20150213,2427.474,2426.953,2464.076,2415.425,2416.449,11.025,0.4562,83793479.0,101300051.245
000016.SH,20150212,2416.449,2415.139,2425.635,2384.493,2415.128,1.321,0.0547,60662358.0,76858277.114
000016.SH,20150211,2415.128,2408.079,2423.348,2395.195,2403.548,11.58,0.4818,50538983.0,70324469.186
000016.SH,20150210,2403.548,2363.159,2409.024,2355.136,2366.766,36.782,1.5541,68862031.0,89318363.752
000016.SH,20150209,2366.766,2319.241,2392.822,2311.799,2325.241,41.525,1.7858,73903383.0,103914677.476
000016.SH,20150206,2325.241,2335.362,2366.331,2303.112,2348.921,-23.68,-1.0081,76931113.0,93700542.585
000016.SH,20150205,2348.921,2456.384,2456.569,2348.448,2372.455,-23.534,-0.992,110713251.0,140544596.949
000016.SH,20150204,2372.455,2412.754,2439.605,2370.569,2405.76,-33.305,-1.3844,77531358.0,105036320.354
000016.SH,20150203,2405.76,2362.413,2413.006,2335.107,2332.533,73.227,3.1394,82274659.0,108792144.435
000016.SH,20150202,2332.533,2337.196,2376.426,2329.151,2405.38,-72.847,-3.0285,84676893.0,99907073.535
000016.SH,20150130,2405.38,2456.054,2471.228,2400.628,2442.038,-36.658,-1.5011,76591150.0,97675217.703
000016.SH,20150129,2442.038,2444.395,2465.312,2419.988,2486.285,-44.247,-1.7796,81404965.0,103757275.868
000016.SH,20150128,2486.285,2497.05,2534.583,2476.277,2522.103,-35.818,-1.4202,86356380.0,115311451.576
000016.SH,20150127,2522.103,2570.432,2574.331,2473.808,2562.363,-40.26,-1.5712,116542876.0,149446785.333
000016.SH,20150126,2562.363,2563.91,2565.362,2528.076,2564.514,-2.151,-0.0839,95979468.0,124417879.39
000016.SH,20150123,2564.514,2556.915,2612.931,2543.455,2544.308,20.206,0.7942,124551349.0,169187278.183
000016.SH,20150122,2544.308,2546.701,2557.695,2504.066,2542.318,1.99,0.0783,113708777.0,157023146.156
000016.SH,20150121,2542.318,2425.261,2553.696,2414.885,2403.724,138.594,5.7658,148800477.0,206930196.379
000016.SH,20150120,2403.724,2381.143,2439.251,2355.258,2410.201,-6.477,-0.2687,137476636.0,193319716.267
000016.SH,20150119,2410.201,2448.927,2512.58,2399.435,2653.034,-242.833,-9.153,140163570.0,161509615.711
000016.SH,20150116,2653.034,2642.744,2685.306,2626.82,2632.89,20.144,0.7651,134951180.0,182059514.257
000016.SH,20150115,2632.89,2534.766,2633.397,2516.612,2534.23,98.66,3.8931,111923167.0,161244412.77
000016.SH,20150114,2534.23,2539.249,2569.451,2508.657,2527.828,6.402,0.2533,84122310.0,114229283.755
000016.SH,20150113,2527.828,2537.975,2567.62,2512.861,2543.852,-16.024,-0.6299,77079080.0,113495932.976
000016.SH,20150112,2543.852,2565.737,2596.268,2499.869,2569.019,-25.167,-0.9796,119183586.0,167990429.366
000016.SH,20150109,2569.019,2554.286,2692.607,2540.342,2558.107,10.912,0.4266,156209510.0,211005825.866
000016.SH,20150108,2558.107,2647.817,2656.752,2551.816,2635.231,-77.124,-2.9267,118367915.0,157065780.834
000016.SH,20150107,2635.231,2608.877,2668.839,2598.89,2629.402,5.829,0.2217,128317720.0,178386105.612
000016.SH,20150106,2629.402,2616.291,2691.489,2591.828,2649.639,-20.237,-0.7638,173439993.0,220601814.712
000016.SH,20150105,2649.639,2612.85,2678.443,2583.554,2581.567,68.072,2.6368,182425566.0,229763603.407
000016.SH,20141231,2581.567,2529.575,2590.091,2507.944,2523.627,57.94,2.2959,154675810.0,193680173.452
000016.SH,20141230,2523.627,2481.084,2550.465,2464.429,2481.663,41.964,1.691,149464002.0,194964903.42
000016.SH,20141229,2481.663,2533.987,2557.381,2437.754,2464.819,16.844,0.6834,184581669.0,243610205.961
000016.SH,20141226,2464.819,2365.032,2471.045,2357.669,2359.655,105.164,4.4568,152092874.0,198030705.514
000016.SH,20141225,2359.655,2295.218,2360.215,2263.424,2270.883,88.772,3.9091,121259722.0,147772563.793
000016.SH,20141224,2270.883,2381.409,2388.412,2238.654,2374.954,-104.071,-4.382,123596996.0,151833527.269
000016.SH,20141223,2374.954,2392.614,2462.072,2360.718,2426.684,-51.73,-2.1317,135946500.0,160752694.952
000016.SH,20141222,2426.684,2393.044,2479.108,2375.907,2390.28,36.404,1.523,218155712.0,229127629.702
000016.SH,20141219,2390.28,2366.451,2408.484,2304.611,2364.041,26.239,1.1099,158438199.0,185889762.8
000016.SH,20141218,2364.041,2389.843,2413.676,2343.739,2383.948,-19.907,-0.835,158621508.0,200428247.152
000016.SH,20141217,2383.948,2326.846,2392.566,2307.184,2299.278,84.67,3.6825,211362800.0,264170553.834
000016.SH,20141216,2299.278,2205.882,2299.383,2195.504,2201.536,97.742,4.4397,148175897.0,195129838.579
000016.SH,20141215,2201.536,2170.28,2208.658,2139.469,2193.287,8.249,0.3761,108687324.0,125771063.161
000016.SH,20141212,2193.287,2186.738,2250.566,2176.317,2193.542,-0.255,-0.0116,111528818.0,141197805.641
000016.SH,20141211,2193.542,2211.544,2269.487,2190.249,2254.823,-61.281,-2.7178,146047943.0,171891280.922
000016.SH,20141210,2254.823,2198.843,2263.992,2111.882,2182.693,72.13,3.3046,190027974.0,227855751.626
000016.SH,20141209,2182.693,2283.161,2402.133,2149.596,2298.849,-116.156,-5.0528,269266716.0,317688957.72
000016.SH,20141208,2298.849,2187.504,2317.555,2160.485,2200.253,98.596,4.4811,199081908.0,222491360.972
000016.SH,20141205,2200.253,2201.819,2259.512,2115.42,2160.66,39.593,1.8324,225317394.0,242331023.32
000016.SH,20141204,2160.66,2043.466,2161.388,2032.41,2037.585,123.075,6.0402,172271082.0,175808683.331
000016.SH,20141203,2037.585,2031.132,2107.682,1999.73,2021.54,16.045,0.7937,191690068.0,197794401.094
000016.SH,20141202,2021.54,1910.374,2040.469,1909.369,1920.38,101.16,5.2677,153263421.0,152003785.333
000016.SH,20141201,1920.38,1936.811,1968.907,1916.626,1914.44,5.94,0.3103,156151220.0,149741829.936
000016.SH,20141128,1914.44,1853.548,1915.808,1846.148,1853.004,61.436,3.3155,162358429.0,138763220.529
000016.SH,20141127,1853.004,1834.245,1853.419,1825.345,1820.489,32.515,1.7861,108472903.0,105235823.991
000016.SH,20141126,1820.489,1786.933,1821.1,1786.564,1777.673,42.816,2.4085,93444130.0,91991947.127
000016.SH,20141125,1777.673,1757.676,1780.56,1752.383,1758.096,19.577,1.1135,73081581.0,66089112.941
000016.SH,20141124,1758.096,1729.27,1772.891,1722.709,1714.711,43.385,2.5302,104986365.0,99577521.812
000016.SH,20141121,1714.711,1676.395,1717.305,1669.184,1676.598,38.113,2.2732,53649569.0,51298051.822
000016.SH,20141120,1676.598,1667.138,1683.607,1662.723,1671.654,4.944,0.2958,37440839.0,33122944.884
000016.SH,20141119,1671.654,1675.843,1681.974,1667.902,1679.423,-7.769,-0.4626,40782354.0,33697458.455
000016.SH,20141118,1679.423,1709.136,1709.278,1676.445,1708.096,-28.673,-1.6787,55117407.0,46146850.105
000016.SH,20141117,1708.096,1758.991,1758.991,1706.944,1728.805,-20.709,-1.1979,58158950.0,54484930.733
000016.SH,20141114,1728.805,1719.583,1729.718,1706.835,1726.337,2.468,0.143,61248756.0,52718773.263
000016.SH,20141113,1726.337,1734.169,1750.836,1720.73,1731.021,-4.684,-0.2706,79968935.0,70957775.066
000016.SH,20141112,1731.021,1699.202,1731.33,1693.383,1710.882,20.139,1.1771,66017563.0,57117455.072
000016.SH,20141111,1710.882,1701.224,1740.917,1693.245,1689.024,21.858,1.2941,133757329.0,109118510.799
000016.SH,20141110,1689.024,1671.225,1689.054,1657.137,1640.323,48.701,2.969,85562450.0,70480618.857
000016.SH,20141107,1640.323,1637.139,1667.7,1633.028,1635.964,4.359,0.2664,67293595.0,56121547.529
000016.SH,20141106,1635.964,1639.926,1643.186,1625.986,1637.625,-1.661,-0.1014,40193346.0,31307979.027
000016.SH,20141105,1637.625,1645.291,1647.665,1632.716,1645.624,-7.999,-0.4861,51813329.0,40481738.381
000016.SH,20141104,1645.624,1648.112,1650.808,1639.678,1651.052,-5.428,-0.3288,58389293.0,42172882.09
000016.SH,20141103,1651.052,1662.748,1664.432,1646.434,1657.286,-6.234,-0.3762,58947423.0,44596855.193
000016.SH,20141031,1657.286,1623.649,1665.465,1623.322,1619.096,38.19,2.3587,83294947.0,64192781.693
000016.SH,20141030,1619.096,1607.482,1623.742,1602.553,1608.402,10.694,0.6649,50078056.0,37291536.513
000016.SH,20141029,1608.402,1591.278,1616.055,1586.168,1585.744,22.658,1.4289,40004849.0,35115219.294
000016.SH,20141028,1585.744,1562.748,1586.295,1562.748,1559.906,25.838,1.6564,27577349.0,23944373.706
000016.SH,20141027,1559.906,1572.886,1572.886,1556.545,1583.419,-23.513,-1.485,24731600.0,20758504.234
000016.SH,20141024,1583.419,1587.907,1592.32,1580.711,1586.557,-3.138,-0.1978,26883452.0,21389606.951
000016.SH,20141023,1586.557,1595.819,1604.497,1584.616,1597.125,-10.568,-0.6617,33975769.0,27763340.673
000016.SH,20141022,1597.125,1602.451,1612.749,1596.14,1600.844,-3.719,-0.2323,29282308.0,24535085.657
000016.SH,20141021,1600.844,1612.095,1615.288,1599.861,1612.402,-11.558,-0.7168,30366662.0,24672948.868
000016.SH,20141020,1612.402,1613.801,1615.394,1606.124,1608.516,3.886,0.2416,28673982.0,23650042.425
000016.SH,20141017,1608.516,1608.983,1616.374,1592.698,1608.735,-0.219,-0.0136,43252613.0,32562329.443
000016.SH,20141016,1608.735,1602.383,1629.092,1599.159,1612.772,-4.037,-0.2503,49694488.0,38081585.73
000016.SH,20141015,1612.772,1599.895,1615.31,1593.393,1600.299,12.473,0.7794,34583317.0,28994513.182
000016.SH,20141014,1600.299,1603.347,1614.978,1595.251,1605.986,-5.687,-0.3541,33006893.0,26502017.132
000016.SH,20141013,1605.986,1614.197,1614.197,1593.656,1621.713,-15.727,-0.9698,33876189.0,29953866.984
000016.SH,20141010,1621.713,1626.578,1630.368,1616.673,1634.042,-12.329,-0.7545,36843147.0,29403106.407
000016.SH,20141009,1634.042,1633.541,1639.167,1624.221,1633.571,0.471,0.0288,40357232.0,31587788.788
000016.SH,20141008,1633.571,1625.258,1633.618,1614.504,1619.697,13.874,0.8566,38780252.0,31913907.002
000016.SH,20140930,1619.697,1623.041,1625.009,1615.073,1621.816,-2.119,-0.1307,33379744.0,27047088.496
000016.SH,20140929,1621.816,1621.088,1627.186,1613.788,1616.088,5.728,0.3544,39204922.0,31063743.137
000016.SH,20140926,1616.088,1613.912,1618.322,1605.528,1618.524,-2.436,-0.1505,26200041.0,21829404.552
000016.SH,20140925,1618.524,1633.445,1636.22,1613.528,1625.731,-7.207,-0.4433,37502535.0,31258606.636
000016.SH,20140924,1625.731,1589.345,1628.507,1586.696,1595.642,30.089,1.8857,45332703.0,37531696.113
000016.SH,20140923,1595.642,1584.289,1598.649,1584.158,1583.886,11.756,0.7422,24024639.0,20029029.768
000016.SH,20140922,1583.886,1613.814,1613.814,1580.973,1619.581,-35.695,-2.204,29978969.0,25176978.416
000016.SH,20140919,1619.581,1609.856,1623.244,1604.709,1609.869,9.712,0.6033,30389533.0,25046546.901
000016.SH,20140918,1609.869,1601.496,1616.48,1596.715,1604.916,4.953,0.3086,33474019.0,25958506.238
000016.SH,20140917,1604.916,1607.158,1609.532,1596.536,1600.916,4.0,0.2499,29895640.0,23326661.108
000016.SH,20140916,1600.916,1626.389,1629.686,1598.86,1624.068,-23.152,-1.4256,50454137.0,39294278.141
000016.SH,20140915,1624.068,1625.868,1626.053,1614.228,1630.204,-6.136,-0.3764,34391188.0,28756367.689
000016.SH,20140912,1630.204,1619.05,1630.28,1614.535,1622.815,7.389,0.4553,28468770.0,24364635.381
000016.SH,20140911,1622.815,1627.959,1648.957,1619.482,1629.985,-7.17,-0.4399,36456713.0,33609244.718
000016.SH,20140910,1629.985,1637.485,1637.485,1626.107,1645.112,-15.127,-0.9195,29300722.0,24683559.805
000016.SH,20140909,1645.112,1657.61,1660.007,1642.44,1656.237,-11.125,-0.6717,30664280.0,27041968.994
000016.SH,20140905,1656.237,1643.277,1657.605,1641.107,1637.287,18.95,1.1574,41870437.0,36013748.618
000016.SH,20140904,1637.287,1626.913,1638.894,1621.241,1624.032,13.255,0.8162,32700249.0,28545182.856
000016.SH,20140903,1624.032,1609.301,1628.185,1608.95,1607.499,16.533,1.0285,38409635.0,33103655.84
000016.SH,20140902,1607.499,1588.619,1609.006,1581.135,1586.022,21.477,1.3541,34680710.0,28808547.356
000016.SH,20140901,1586.022,1582.023,1587.392,1576.219,1581.284,4.738,0.2996,22132871.0,18124123.745
000016.SH,20140829,1581.284,1570.395,1582.284,1565.522,1563.889,17.395,1.1123,22012801.0,17462200.997
000016.SH,20140828,1563.889,1573.529,1580.68,1563.402,1572.791,-8.902,-0.566,20790154.0,16852585.791
000016.SH,20140827,1572.791,1573.523,1578.689,1569.978,1573.391,-0.6,-0.0381,16419321.0,13722562.772
000016.SH,20140826,1573.391,1575.779,1584.146,1568.735,1577.425,-4.034,-0.2557,23621600.0,19028582.014
000016.SH,20140825,1577.425,1594.706,1595.44,1575.706,1594.183,-16.758,-1.0512,26501265.0,21554357.983
000016.SH,20140822,1594.183,1585.11,1596.285,1583.607,1587.025,7.158,0.451,23953436.0,20986327.928
000016.SH,20140821,1587.025,1599.551,1600.275,1576.318,1600.338,-13.313,-0.8319,27277975.0,23060488.406
000016.SH,20140820,1600.338,1605.504,1605.509,1596.96,1609.093,-8.755,-0.5441,24108182.0,20507289.576
000016.SH,20140819,1609.093,1614.392,1615.207,1598.064,1613.127,-4.034,-0.2501,28400783.0,23477892.376
000016.SH,20140818,1613.127,1614.225,1623.901,1607.435,1612.004,1.123,0.0697,26290498.0,22159584.313
000016.SH,20140815,1612.004,1598.522,1615.876,1593.222,1596.839,15.165,0.9497,27406589.0,23080900.249
000016.SH,20140814,1596.839,1610.39,1614.584,1595.17,1610.139,-13.3,-0.826,27945673.0,24423352.626
000016.SH,20140813,1610.139,1609.456,1619.185,1596.218,1607.91,2.229,0.1386,30104195.0,26196689.632
000016.SH,20140812,1607.91,1615.137,1615.137,1601.563,1619.253,-11.343,-0.7005,24999882.0,20576192.613
000016.SH,20140811,1619.253,1601.305,1621.713,1600.682,1595.662,23.591,1.4784,27728836.0,23717733.015
000016.SH,20140808,1595.662,1595.191,1600.798,1586.092,1593.419,2.243,0.1408,28411625.0,22069255.878
000016.SH,20140807,1593.419,1619.201,1623.004,1592.035,1619.012,-25.593,-1.5808,35582567.0,28660173.355
000016.SH,20140806,1619.012,1624.028,1626.917,1602.993,1632.408,-13.396,-0.8206,32836371.0,27780976.113
000016.SH,20140805,1632.408,1644.234,1646.317,1622.029,1644.634,-12.226,-0.7434,33190832.0,29948610.458
000016.SH,20140804,1644.634,1614.901,1644.958,1608.313,1607.974,36.66,2.2799,44540974.0,36872030.685
000016.SH,20140801,1607.974,1616.794,1639.319,1607.565,1621.847,-13.873,-0.8554,44267504.0,35658695.072
000016.SH,20140731,1621.847,1602.67,1622.646,1597.269,1601.377,20.47,1.2783,34743916.0,28975720.739
000016.SH,20140730,1601.377,1606.717,1619.18,1598.264,1611.852,-10.475,-0.6499,44338155.0,35516314.201
000016.SH,20140729,1611.852,1610.913,1621.064,1601.977,1609.477,2.375,0.1476,46806231.0,36657613.093
000016.SH,20140728,1609.477,1566.329,1617.476,1566.329,1557.015,52.462,3.3694,66664105.0,54095577.415
000016.SH,20140725,1557.015,1546.521,1557.578,1541.296,1541.899,15.116,0.9803,31206105.0,26399690.481
000016.SH,20140724,1541.899,1508.981,1546.188,1508.981,1506.755,35.144,2.3324,44311527.0,36993260.014
000016.SH,20140723,1506.755,1495.247,1512.367,1494.934,1495.927,10.828,0.7238,28578207.0,23121665.987
000016.SH,20140722,1495.927,1476.225,1500.499,1475.597,1479.837,16.09,1.0873,24840828.0,20987975.248
000016.SH,20140721,1479.837,1478.725,1483.619,1474.799,1478.755,1.082,0.0732,16760296.0,13495893.335
000016.SH,20140718,1478.755,1466.577,1486.271,1464.753,1473.668,5.087,0.3452,20901979.0,16658051.635
000016.SH,20140717,1473.668,1479.121,1479.286,1468.382,1483.176,-9.508,-0.6411,16484741.0,12060796.633
000016.SH,20140716,1483.176,1482.327,1490.191,1480.595,1484.662,-1.486,-0.1001,24542177.0,16379261.256
000016.SH,20140715,1484.662,1481.109,1487.2,1478.441,1482.777,1.885,0.1271,21572336.0,17092242.048
000016.SH,20140714,1482.777,1468.692,1482.995,1466.407,1468.541,14.236,0.9694,19829693.0,16221218.843
000016.SH,20140711,1468.541,1462.349,1474.074,1460.906,1471.168,-2.627,-0.1786,18217829.0,13681861.716
000016.SH,20140710,1471.168,1475.177,1478.71,1468.734,1475.137,-3.969,-0.2691,16574428.0,14297127.7
000016.SH,20140709,1475.137,1490.945,1491.968,1474.869,1491.964,-16.827,-1.1278,18727134.0,15207187.294
000016.SH,20140708,1491.964,1491.721,1493.835,1484.126,1492.836,-0.872,-0.0584,13725069.0,11176911.552
000016.SH,20140707,1492.836,1493.068,1497.718,1488.512,1492.463,0.373,0.025,15969802.0,12747494.315
000016.SH,20140704,1492.463,1489.816,1495.039,1489.465,1489.545,2.918,0.1959,15844620.0,13140630.531
000016.SH,20140703,1489.545,1481.849,1492.102,1479.056,1484.841,4.704,0.3168,17188506.0,14181953.482
000016.SH,20140702,1484.841,1481.331,1486.405,1476.581,1481.663,3.178,0.2145,16722725.0,12763370.43
000016.SH,20140701,1481.663,1486.792,1488.141,1476.392,1482.405,-0.742,-0.0501,15197377.0,12092970.123
000016.SH,20140630,1482.405,1475.719,1486.955,1475.719,1473.756,8.649,0.5869,16568445.0,12463749.146
000016.SH,20140627,1473.756,1475.72,1480.817,1468.21,1478.006,-4.25,-0.2875,16320840.0,12539813.435
000016.SH,20140626,1478.006,1471.646,1480.829,1471.607,1469.954,8.052,0.5478,13039322.0,10482481.174
000016.SH,20140625,1469.954,1477.093,1477.093,1466.396,1480.128,-10.174,-0.6874,11714189.0,9708436.064
000016.SH,20140624,1480.128,1471.734,1481.15,1470.589,1475.76,4.368,0.296,12659980.0,11514294.898
000016.SH,20140623,1475.76,1483.656,1489.313,1474.926,1484.479,-8.719,-0.5873,13056322.0,10788395.729
000016.SH,20140620,1484.479,1475.937,1485.165,1474.436,1478.038,6.441,0.4358,13385161.0,10246268.926
000016.SH,20140619,1478.038,1496.659,1500.993,1473.667,1495.431,-17.393,-1.1631,16938157.0,12864043.932
000016.SH,20140618,1495.431,1501.194,1504.496,1493.716,1501.939,-6.508,-0.4333,15523856.0,11366952.932
000016.SH,20140617,1501.939,1512.461,1512.461,1500.334,1518.705,-16.766,-1.104,16461471.0,13288101.287
000016.SH,20140616,1518.705,1503.662,1521.963,1501.335,1502.961,15.744,1.0475,24038815.0,19506128.871
000016.SH,20140613,1502.961,1483.58,1509.021,1483.444,1483.861,19.1,1.2872,21900084.0,17815226.864
000016.SH,20140612,1483.861,1486.893,1490.008,1481.832,1488.764,-4.903,-0.3293,14076433.0,11571738.497
000016.SH,20140611,1488.764,1489.367,1493.128,1483.507,1493.533,-4.769,-0.3193,12992231.0,10846560.468
000016.SH,20140610,1493.533,1479.865,1493.943,1474.196,1475.347,18.186,1.2327,18966584.0,15413087.136
000016.SH,20140609,1475.347,1466.639,1489.768,1466.149,1472.268,3.079,0.2091,13456800.0,11368084.67
000016.SH,20140606,1472.268,1484.521,1484.521,1464.529,1484.241,-11.973,-0.8067,12020464.0,10443219.168
000016.SH,20140605,1484.241,1465.536,1484.706,1463.038,1466.387,17.854,1.2176,12765741.0,11182243.21
000016.SH,20140604,1466.387,1478.2,1478.438,1459.528,1477.522,-11.135,-0.7536,13653074.0,11224455.277
000016.SH,20140603,1477.522,1482.439,1491.042,1476.741,1482.096,-4.574,-0.3086,13040820.0,12319185.628
000016.SH,20140530,1482.096,1485.102,1490.06,1478.002,1484.307,-2.211,-0.149,13602374.0,11251417.897
000016.SH,20140529,1484.307,1492.659,1497.678,1483.809,1491.756,-7.449,-0.4993,14290967.0,11642161.949
000016.SH,20140528,1491.756,1479.495,1493.152,1474.846,1479.733,12.023,0.8125,15571024.0,13080297.654
000016.SH,20140527,1479.733,1484.818,1488.667,1478.311,1486.049,-6.316,-0.425,12501447.0,10228019.222
000016.SH,20140526,1486.049,1493.343,1495.784,1480.69,1484.375,1.674,0.1128,12091190.0,10089718.649
000016.SH,20140523,1484.375,1472.409,1484.592,1471.23,1471.552,12.823,0.8714,11885465.0,9189449.003
000016.SH,20140522,1471.552,1472.341,1493.18,1469.417,1474.139,-2.587,-0.1755,15512533.0,12292643.134
000016.SH,20140521,1474.139,1454.488,1474.936,1447.936,1460.82,13.319,0.9117,11916952.0,9741078.221
000016.SH,20140520,1460.82,1466.053,1468.897,1456.438,1459.212,1.608,0.1102,12435341.0,9705725.14
000016.SH,20140519,1459.212,1482.043,1482.172,1454.409,1487.735,-28.523,-1.9172,15755377.0,13840927.103
000016.SH,20140516,1487.735,1489.503,1493.192,1480.833,1488.771,-1.036,-0.0696,13466178.0,10809717.57
000016.SH,20140515,1488.771,1499.217,1503.092,1487.097,1500.825,-12.054,-0.8032,16133879.0,12377968.729
000016.SH,20140514,1500.825,1504.424,1510.33,1498.605,1503.517,-2.692,-0.179,15282141.0,12708516.25
000016.SH,20140513,1503.517,1507.004,1510.892,1498.401,1508.387,-4.87,-0.3229,20104583.0,15024360.648
000016.SH,20140512,1508.387,1492.628,1513.124,1483.456,1480.737,27.65,1.8673,28201708.0,23348128.091
000016.SH,20140509,1480.737,1482.323,1486.889,1474.517,1478.717,2.02,0.1366,15391907.0,11997925.275
000016.SH,20140508,1478.717,1474.726,1499.736,1471.648,1476.176,2.541,0.1721,17262686.0,13834791.519
000016.SH,20140507,1476.176,1481.944,1485.488,1475.314,1485.25,-9.074,-0.6109,15912907.0,12543492.677
000016.SH,20140506,1485.25,1484.007,1497.71,1480.671,1487.532,-2.282,-0.1534,17532245.0,13174292.573
000016.SH,20140505,1487.532,1490.102,1493.846,1473.027,1494.808,-7.276,-0.4868,19579225.0,15739614.971
000016.SH,20140430,1494.808,1499.12,1500.349,1491.437,1496.009,-1.201,-0.0803,18873917.0,15366188.233
000016.SH,20140429,1496.009,1484.005,1497.669,1478.51,1483.776,12.233,0.8245,18788963.0,15082849.256
000016.SH,20140428,1483.776,1499.685,1505.111,1481.706,1501.046,-17.27,-1.1505,19552668.0,15855693.707
000016.SH,20140425,1501.046,1516.685,1522.244,1500.604,1510.285,-9.239,-0.6117,24027518.0,21443577.119
000016.SH,20140424,1510.285,1506.593,1523.25,1504.189,1507.041,3.244,0.2153,15914943.0,13933208.843
000016.SH,20140423,1507.041,1504.536,1514.733,1502.639,1509.547,-2.506,-0.166,18647888.0,15525374.826
000016.SH,20140422,1509.547,1492.077,1510.873,1487.774,1493.756,15.791,1.0571,20505337.0,16807135.842
000016.SH,20140421,1493.756,1510.182,1526.016,1493.25,1521.278,-27.522,-1.8091,18973489.0,16325222.729
000016.SH,20140418,1521.278,1513.681,1524.726,1503.636,1520.562,0.716,0.0471,19374806.0,15925225.369
000016.SH,20140417,1520.562,1533.067,1534.601,1517.047,1527.054,-6.492,-0.4251,16258763.0,14751820.115
000016.SH,20140416,1527.054,1519.241,1536.925,1518.428,1523.22,3.834,0.2517,19120480.0,17020163.967
000016.SH,20140415,1523.22,1550.426,1550.529,1520.996,1557.7,-34.48,-2.2135,24074616.0,21540866.952
000016.SH,20140414,1557.7,1562.191,1568.525,1547.861,1565.308,-7.608,-0.486,21017960.0,20117747.48
000016.SH,20140411,1565.308,1568.242,1576.94,1557.511,1570.397,-5.089,-0.3241,37400535.0,37100316.249
000016.SH,20140410,1570.397,1532.222,1587.622,1522.49,1530.875,39.522,2.5817,48526797.0,46319213.324
000016.SH,20140409,1530.875,1535.214,1539.738,1525.096,1534.747,-3.872,-0.2523,24623137.0,20749593.602
000016.SH,20140408,1534.747,1488.647,1543.411,1488.064,1490.334,44.413,2.9801,43360180.0,37002100.489
000016.SH,20140404,1490.334,1471.487,1491.049,1469.696,1477.488,12.846,0.8694,15880614.0,13761937.519
000016.SH,20140403,1477.488,1498.111,1504.539,1476.024,1491.303,-13.815,-0.9264,25966371.0,20125065.37
000016.SH,20140402,1491.303,1475.938,1492.752,1473.827,1473.142,18.161,1.2328,23380826.0,19756264.204
000016.SH,20140401,1473.142,1463.707,1481.006,1461.177,1465.783,7.359,0.5021,16689133.0,14339245.164
000016.SH,20140331,1465.783,1473.151,1477.883,1457.834,1472.047,-6.264,-0.4255,19574163.0,15668132.802
000016.SH,20140328,1472.047,1465.031,1483.586,1463.533,1464.53,7.517,0.5133,26014582.0,21086720.791
000016.SH,20140327,1464.53,1464.172,1486.373,1450.453,1467.08,-2.55,-0.1738,25860585.0,20938775.645
000016.SH,20140326,1467.08,1476.248,1480.14,1462.569,1470.121,-3.041,-0.2069,19912065.0,16476751.76
000016.SH,20140325,1470.121,1473.182,1483.323,1464.538,1477.532,-7.411,-0.5016,25581277.0,19916358.459
000016.SH,20140324,1477.532,1468.81,1486.85,1462.179,1464.08,13.452,0.9188,41906670.0,31557460.106
000016.SH,20140321,1464.08,1402.813,1468.935,1402.182,1406.915,57.165,4.0631,43418380.0,32837581.853
000016.SH,20140320,1406.915,1415.669,1432.511,1406.258,1418.707,-11.792,-0.8312,20559043.0,16267191.22
000016.SH,20140319,1418.707,1422.342,1422.342,1406.552,1427.63,-8.923,-0.625,16022532.0,13196147.471
000016.SH,20140318,1427.63,1437.54,1438.931,1425.739,1434.157,-6.527,-0.4551,18024432.0,14749557.8
000016.SH,20140317,1434.157,1435.267,1438.367,1421.416,1426.395,7.762,0.5442,14989974.0,11873903.784
000016.SH,20140314,1426.395,1429.784,1438.672,1416.675,1437.392,-10.997,-0.7651,19666093.0,14894275.543
000016.SH,20140313,1437.392,1425.844,1451.294,1421.686,1418.698,18.694,1.3177,26479447.0,19466828.317
000016.SH,20140312,1418.698,1408.051,1429.299,1403.279,1412.733,5.965,0.4222,22718450.0,16999076.652
000016.SH,20140311,1412.733,1406.066,1420.901,1403.31,1408.873,3.86,0.274,18897920.0,14949200.079
000016.SH,20140310,1408.873,1442.976,1442.989,1407.494,1455.585,-46.712,-3.2092,25305103.0,20564351.157
000016.SH,20140307,1455.585,1456.086,1472.075,1451.712,1459.508,-3.923,-0.2688,23460842.0,19311779.629
000016.SH,20140306,1459.508,1446.569,1466.033,1435.937,1448.331,11.177,0.7717,25216212.0,19849497.906
000016.SH,20140305,1448.331,1466.011,1466.958,1445.666,1464.284,-15.953,-1.0895,20358460.0,16407800.429
000016.SH,20140304,1464.284,1458.675,1468.46,1448.687,1462.686,1.598,0.1093,26258047.0,20645991.404
000016.SH,20140303,1462.686,1459.857,1467.708,1452.135,1464.321,-1.635,-0.1117,29839841.0,22043608.045
000016.SH,20140228,1464.321,1447.772,1467.1,1437.313,1452.461,11.86,0.8165,25940215.0,21777495.142
000016.SH,20140227,1452.461,1449.141,1462.125,1437.642,1444.198,8.263,0.5722,32468581.0,25154586.093
000016.SH,20140226,1444.198,1434.861,1447.168,1429.611,1440.892,3.306,0.2294,23252527.0,19672046.635
000016.SH,20140225,1440.892,1469.257,1475.97,1437.01,1468.06,-27.168,-1.8506,26171360.0,22308815.247
000016.SH,20140224,1468.06,1492.285,1492.285,1458.167,1505.331,-37.271,-2.4759,28884800.0,22811562.036
000016.SH,20140221,1505.331,1517.916,1521.767,1496.086,1520.138,-14.807,-0.9741,24240112.0,20407166.235
000016.SH,20140220,1520.138,1537.938,1556.424,1519.363,1533.396,-13.258,-0.8646,36126352.0,27893892.61
000016.SH,20140219,1533.396,1507.494,1541.45,1504.951,1508.541,24.855,1.6476,31626301.0,24784682.315
000016.SH,20140218,1508.541,1535.887,1535.887,1505.42,1538.105,-29.564,-1.9221,25307624.0,22892298.8
000016.SH,20140217,1538.105,1545.182,1549.905,1529.19,1534.239,3.866,0.252,26930011.0,23867966.916
000016.SH,20140214,1534.239,1527.212,1536.355,1525.151,1528.015,6.224,0.4073,21235733.0,17939545.958
000016.SH,20140213,1528.015,1525.525,1548.617,1519.382,1527.001,1.014,0.0664,35240635.0,27105820.893
000016.SH,20140212,1527.001,1528.884,1537.889,1521.268,1528.322,-1.321,-0.0864,23813775.0,19870385.793
000016.SH,20140211,1528.322,1505.66,1536.462,1500.845,1505.834,22.488,1.4934,34209193.0,28992686.324
000016.SH,20140210,1505.834,1480.595,1507.356,1480.525,1475.343,30.491,2.0667,24276844.0,21744070.225
000016.SH,20140207,1475.343,1467.362,1475.719,1458.492,1477.345,-2.002,-0.1355,13826210.0,12733221.853
000016.SH,20140130,1477.345,1489.506,1489.721,1475.773,1494.49,-17.145,-1.1472,12769343.0,11516851.895
000016.SH,20140129,1494.49,1493.213,1498.575,1488.696,1487.803,6.687,0.4495,14787466.0,12478066.961
000016.SH,20140128,1487.803,1483.409,1492.427,1477.25,1478.865,8.938,0.6044,14945762.0,12902299.761
000016.SH,20140127,1478.865,1491.825,1491.825,1475.5,1502.065,-23.2,-1.5445,19023414.0,17812293.881
000016.SH,20140124,1502.065,1493.689,1514.107,1491.015,1499.031,3.034,0.2024,18976131.0,16293914.64
000016.SH,20140123,1499.031,1511.793,1514.967,1496.662,1514.121,-15.09,-0.9966,17430476.0,15874638.085
000016.SH,20140122,1514.121,1480.842,1514.787,1478.079,1478.884,35.237,2.3827,24158840.0,19995973.064
000016.SH,20140121,1478.884,1467.15,1488.714,1467.15,1464.842,14.042,0.9586,12677469.0,11044665.011
000016.SH,20140120,1464.842,1472.394,1476.885,1459.446,1475.671,-10.829,-0.7338,12775697.0,11204582.527
000016.SH,20140117,1475.671,1487.802,1489.605,1470.865,1493.094,-17.423,-1.1669,18005644.0,15240268.687
000016.SH,20140116,1493.094,1489.047,1504.43,1482.758,1488.509,4.585,0.308,17440886.0,15600683.7
000016.SH,20140115,1488.509,1496.828,1498.898,1480.176,1499.285,-10.776,-0.7187,14720357.0,12049612.372
000016.SH,20140114,1499.285,1493.889,1505.457,1482.908,1494.613,4.672,0.3126,17662764.0,14167767.516
000016.SH,20140113,1494.613,1500.858,1510.316,1489.23,1498.268,-3.655,-0.2439,17111060.0,14597809.042
000016.SH,20140110,1498.268,1500.005,1506.781,1493.495,1503.881,-5.613,-0.3732,16932726.0,14651313.541
000016.SH,20140109,1503.881,1511.976,1525.725,1500.572,1515.333,-11.452,-0.7557,16341305.0,15353178.042
000016.SH,20140108,1515.333,1512.09,1527.887,1504.426,1510.654,4.679,0.3097,17721886.0,15879117.962
000016.SH,20140107,1510.654,1500.978,1515.639,1497.775,1512.93,-2.276,-0.1504,15474083.0,13340968.611
000016.SH,20140106,1512.93,1534.496,1534.496,1498.6,1536.067,-23.137,-1.5062,24918198.0,21063015.332
000016.SH,20140103,1536.067,1553.446,1554.516,1529.152,1561.099,-25.032,-1.6035,21899228.0,18622649.385
000016.SH,20140102,1561.099,1570.049,1570.049,1553.476,1574.781,-13.682,-0.8688,15725481.0,14982557.38
000016.SH,20131231,1574.781,1541.582,1578.245,1539.878,1547.919,26.862,1.7354,23616290.0,22343459.449
000016.SH,20131230,1547.919,1557.509,1560.111,1544.11,1550.221,-2.302,-0.1485,17875980.0,15297710.922
000016.SH,20131227,1550.221,1528.346,1559.817,1524.191,1524.883,25.338,1.6616,19438727.0,16995329.377
000016.SH,20131226,1524.883,1543.871,1543.871,1522.589,1547.359,-22.476,-1.4525,17477301.0,14826304.739
000016.SH,20131225,1547.359,1542.043,1547.865,1533.64,1539.599,7.76,0.504,13263524.0,12253821.558
000016.SH,20131224,1539.599,1547.199,1557.231,1528.162,1541.265,-1.666,-0.1081,15150665.0,14226274.331
000016.SH,20131223,1541.265,1541.366,1553.558,1528.653,1537.413,3.852,0.2506,15490207.0,14217238.597
000016.SH,20131220,1537.413,1580.906,1583.411,1534.104,1580.113,-42.7,-2.7023,26797939.0,24518768.631
000016.SH,20131219,1580.113,1605.645,1609.07,1578.916,1598.678,-18.565,-1.1613,17351393.0,15682884.862
000016.SH,20131218,1598.678,1596.636,1606.638,1592.909,1597.265,1.413,0.0885,12757897.0,12427254.627
000016.SH,20131217,1597.265,1604.711,1607.426,1593.429,1602.455,-5.19,-0.3239,15508677.0,14400197.873
000016.SH,20131216,1602.455,1627.099,1631.088,1601.689,1626.41,-23.955,-1.4729,19712172.0,19617026.715
000016.SH,20131213,1626.41,1617.307,1631.56,1614.966,1631.914,-5.504,-0.3373,16495952.0,14764278.941
000016.SH,20131212,1631.914,1634.472,1641.973,1628.625,1639.182,-7.268,-0.4434,16939331.0,15506170.704
000016.SH,20131211,1639.182,1662.091,1662.248,1632.732,1670.553,-31.371,-1.8779,24264786.0,22334671.282
000016.SH,20131210,1670.553,1673.516,1679.451,1664.027,1669.872,0.681,0.0408,19251562.0,18244144.737
000016.SH,20131209,1669.872,1681.206,1687.529,1666.342,1675.255,-5.383,-0.3213,19492699.0,19421422.761
000016.SH,20131206,1675.255,1688.019,1692.086,1669.641,1692.38,-17.125,-1.0119,22997452.0,23111910.812
000016.SH,20131205,1692.38,1700.528,1703.128,1689.393,1699.176,-6.796,-0.4,24760644.0,22395799.483
000016.SH,20131204,1699.176,1678.958,1709.575,1674.993,1681.509,17.667,1.0507,35223776.0,32060232.184
000016.SH,20131203,1681.509,1672.197,1686.356,1663.616,1678.867,2.642,0.1574,26245949.0,25551764.571
000016.SH,20131202,1678.867,1662.389,1695.632,1655.0,1661.409,17.458,1.0508,47276748.0,45334638.979
000016.SH,20131129,1661.409,1668.947,1671.441,1656.726,1664.625,-3.216,-0.1932,19463357.0,17800525.543
000016.SH,20131128,1664.625,1651.627,1680.819,1648.956,1648.789,15.836,0.9605,28183003.0,28193531.539
000016.SH,20131127,1648.789,1630.481,1657.779,1627.893,1630.94,17.849,1.0944,24654129.0,23521873.883
000016.SH,20131126,1630.94,1633.844,1641.378,1628.699,1633.782,-2.842,-0.174,16627688.0,15074155.58
000016.SH,20131125,1633.782,1633.841,1659.33,1628.907,1642.496,-8.714,-0.5305,22707313.0,21601120.134
000016.SH,20131122,1642.496,1651.942,1655.647,1637.989,1648.086,-5.59,-0.3392,24424656.0,23653996.847
000016.SH,20131121,1648.086,1654.446,1654.446,1626.077,1663.759,-15.673,-0.942,27722750.0,27267260.699
000016.SH,20131120,1663.759,1671.548,1676.463,1652.394,1659.53,4.229,0.2548,23159437.0,23510900.317
000016.SH,20131119,1659.53,1674.716,1675.88,1656.44,1675.159,-15.629,-0.933,29750571.0,31613504.305
000016.SH,20131118,1675.159,1618.164,1676.868,1610.045,1604.823,70.336,4.3828,45710722.0,46230816.894
000016.SH,20131115,1604.823,1573.912,1622.848,1573.68,1572.729,32.094,2.0407,29823863.0,28136174.825
000016.SH,20131114,1572.729,1571.598,1574.58,1559.566,1569.245,3.484,0.222,18089427.0,15727422.293
000016.SH,20131113,1569.245,1598.998,1599.192,1568.165,1610.777,-41.532,-2.5784,20171266.0,17633687.702
000016.SH,20131112,1610.777,1595.649,1611.542,1595.649,1591.139,19.638,1.2342,15734974.0,15527084.794
000016.SH,20131111,1591.139,1587.587,1596.467,1579.378,1587.44,3.699,0.233,14867650.0,13661447.098
000016.SH,20131108,1587.44,1603.221,1613.41,1585.621,1610.584,-23.144,-1.437,16881980.0,15550214.056
000016.SH,20131107,1610.584,1615.505,1619.372,1601.599,1614.214,-3.63,-0.2249,15909010.0,14624815.44
000016.SH,20131106,1614.214,1623.85,1630.831,1613.36,1633.662,-19.448,-1.1905,18749472.0,17182441.06
000016.SH,20131105,1633.662,1629.793,1637.441,1611.238,1638.512,-4.85,-0.296,19584257.0,17611081.951
000016.SH,20131104,1638.512,1654.106,1659.757,1635.337,1644.752,-6.24,-0.3794,16504439.0,15577314.793
000016.SH,20131101,1644.752,1633.029,1650.528,1628.122,1631.047,13.705,0.8403,20641779.0,19607811.126
000016.SH,20131031,1631.047,1645.122,1645.122,1629.294,1653.417,-22.37,-1.353,25536539.0,21315714.169
000016.SH,20131030,1653.417,1634.279,1654.393,1624.532,1633.721,19.696,1.2056,28200642.0,24005211.457
000016.SH,20131029,1633.721,1615.428,1655.928,1606.341,1610.686,23.035,1.4301,36368210.0,32137311.394
000016.SH,20131028,1610.686,1614.678,1616.983,1600.804,1611.519,-0.833,-0.0517,16188875.0,14812435.186
000016.SH,20131025,1611.519,1622.007,1635.84,1601.659,1621.605,-10.086,-0.622,24514716.0,21829630.839
000016.SH,20131024,1621.605,1633.931,1640.624,1618.614,1638.499,-16.894,-1.0311,21232070.0,18652256.417
000016.SH,20131023,1638.499,1646.934,1669.999,1634.907,1640.066,-1.567,-0.0955,26266108.0,23849761.665
000016.SH,20131022,1640.066,1656.638,1656.638,1636.192,1657.583,-17.517,-1.0568,22476446.0,19877575.993
000016.SH,20131021,1657.583,1640.284,1659.566,1626.553,1636.8,20.783,1.2697,23190491.0,21386703.97
000016.SH,20131018,1636.8,1630.552,1647.769,1628.094,1627.177,9.623,0.5914,18792756.0,16376943.725
000016.SH,20131017,1627.177,1642.333,1647.239,1625.474,1634.223,-7.046,-0.4312,19355845.0,17485548.893
000016.SH,20131016,1634.223,1652.585,1652.585,1626.261,1656.259,-22.036,-1.3305,24036685.0,22237054.236
000016.SH,20131015,1656.259,1665.634,1666.97,1646.652,1662.168,-5.909,-0.3555,24921179.0,22149705.415
000016.SH,20131014,1662.168,1670.728,1671.514,1656.734,1669.268,-7.1,-0.4253,28575655.0,25777575.87
000016.SH,20131011,1669.268,1649.85,1672.017,1644.511,1637.933,31.335,1.9131,28201659.0,25667570.474
000016.SH,20131010,1637.933,1670.786,1671.102,1635.274,1668.476,-30.543,-1.8306,25197288.0,22864587.617
000016.SH,20131009,1668.476,1653.087,1673.041,1647.382,1659.713,8.763,0.528,23777652.0,21053469.894
000016.SH,20131008,1659.713,1637.975,1664.21,1622.593,1643.055,16.658,1.0138,28736140.0,23571912.34
000016.SH,20130930,1643.055,1648.149,1653.237,1634.926,1639.152,3.903,0.2381,17170541.0,16218420.545
000016.SH,20130927,1639.152,1630.686,1641.009,1624.875,1632.695,6.457,0.3955,19965416.0,18514292.515
000016.SH,20130926,1632.695,1658.183,1658.183,1629.902,1661.607,-28.912,-1.74,28922381.0,26844604.683
000016.SH,20130925,1661.607,1671.538,1687.133,1658.021,1673.558,-11.951,-0.7141,24792636.0,23625989.844
000016.SH,20130924,1673.558,1709.986,1710.108,1660.225,1713.084,-39.526,-2.3073,34495464.0,32421776.973
000016.SH,20130923,1713.084,1707.898,1716.091,1694.936,1700.587,12.497,0.7349,28648254.0,27345221.887
000016.SH,20130918,1700.587,1698.608,1710.475,1680.677,1698.629,1.958,0.1153,29026425.0,27027917.207
000016.SH,20130917,1698.629,1744.385,1748.708,1697.11,1738.248,-39.619,-2.2792,41514179.0,40589840.897
000016.SH,20130916,1738.248,1763.919,1765.47,1722.667,1749.244,-10.996,-0.6286,47366615.0,44087469.836
000016.SH,20130913,1749.244,1764.032,1776.496,1742.976,1772.664,-23.42,-1.3212,38737326.0,39150868.31
000016.SH,20130912,1772.664,1741.495,1798.962,1726.103,1741.318,31.346,1.8001,60270647.0,57747436.616
000016.SH,20130911,1741.318,1745.501,1765.943,1736.185,1737.581,3.737,0.2151,56354686.0,53764222.805
000016.SH,20130910,1737.581,1720.386,1738.35,1704.64,1713.385,24.196,1.4122,61578337.0,55881331.361
000016.SH,20130909,1713.385,1643.176,1720.033,1643.176,1625.854,87.531,5.3837,66381022.0,57005160.344
000016.SH,20130906,1625.854,1604.766,1630.295,1604.205,1609.604,16.25,1.0096,23507104.0,20855893.906
000016.SH,20130905,1609.604,1615.527,1616.696,1606.31,1613.537,-3.933,-0.2438,16708930.0,17015210.948
000016.SH,20130904,1613.537,1612.503,1620.151,1608.9,1614.537,-1.0,-0.0619,21894366.0,20715047.924
000016.SH,20130903,1614.537,1596.467,1615.126,1591.212,1591.934,22.603,1.4198,25420372.0,24556925.054
000016.SH,20130902,1591.934,1594.986,1601.144,1579.717,1589.777,2.157,0.1357,24759173.0,25779244.837
000016.SH,20130830,1589.777,1586.522,1599.872,1575.77,1588.153,1.624,0.1023,23615249.0,23223392.347
000016.SH,20130829,1588.153,1604.276,1607.02,1580.806,1592.869,-4.716,-0.2961,20597219.0,19461085.762
000016.SH,20130828,1592.869,1591.348,1603.955,1577.492,1602.002,-9.133,-0.5701,27955865.0,27218013.113
000016.SH,20130827,1602.002,1598.742,1609.064,1589.053,1601.379,0.623,0.0389,19215167.0,19375463.661
000016.SH,20130826,1601.379,1573.224,1604.254,1566.015,1566.293,35.086,2.2401,23026029.0,21358939.823
000016.SH,20130823,1566.293,1591.747,1595.944,1542.997,1582.618,-16.325,-1.0315,21106777.0,19176010.076
000016.SH,20130822,1582.618,1582.332,1606.349,1578.312,1588.081,-5.463,-0.344,17755033.0,16073233.972
000016.SH,20130821,1588.081,1601.3,1602.945,1575.461,1594.54,-6.459,-0.4051,18370623.0,17500234.032
000016.SH,20130820,1594.54,1603.394,1628.683,1588.223,1608.865,-14.325,-0.8904,27386048.0,25162747.91
000016.SH,20130819,1608.865,1576.57,1617.335,1574.023,1592.794,16.071,1.009,26773638.0,24981563.93
000016.SH,20130816,1592.794,1590.915,1711.432,1573.72,1595.152,-2.358,-0.1478,52755401.0,45013980.199
000016.SH,20130815,1595.152,1608.621,1624.335,1593.689,1610.218,-15.066,-0.9356,19520467.0,18182924.205
000016.SH,20130814,1610.218,1622.209,1643.0,1605.283,1619.743,-9.525,-0.5881,23697562.0,22843741.325
000016.SH,20130813,1619.743,1610.791,1621.888,1602.931,1610.265,9.478,0.5886,26353714.0,25112860.956
000016.SH,20130812,1610.265,1560.163,1610.812,1557.563,1553.044,57.221,3.6844,36806351.0,36228735.036
000016.SH,20130809,1553.044,1554.755,1562.253,1533.222,1544.624,8.42,0.5451,21720508.0,20827749.69
000016.SH,20130808,1544.624,1548.412,1561.338,1538.612,1551.155,-6.531,-0.421,15085552.0,14205110.486
000016.SH,20130807,1551.155,1554.882,1575.692,1548.491,1556.297,-5.142,-0.3304,21552891.0,19963862.907
000016.SH,20130806,1556.297,1547.61,1564.485,1533.243,1554.188,2.109,0.1357,19475816.0,18348103.295
000016.SH,20130805,1554.188,1540.488,1554.287,1533.0,1536.505,17.683,1.1509,15325227.0,14137677.651
000016.SH,20130802,1536.505,1550.887,1558.829,1533.941,1537.81,-1.305,-0.0849,18107104.0,16095964.973
000016.SH,20130801,1537.81,1513.802,1541.159,1508.805,1504.167,33.643,2.2367,20127161.0,17525297.011
000016.SH,20130731,1504.167,1518.827,1535.847,1499.548,1500.938,3.229,0.2151,15876203.0,13645499.717
000016.SH,20130730,1500.938,1490.823,1524.426,1483.571,1484.21,16.728,1.1271,18855543.0,16009595.753
000016.SH,20130729,1484.21,1505.679,1505.679,1478.196,1521.612,-37.402,-2.4581,18891476.0,15319836.604
000016.SH,20130726,1521.612,1521.594,1529.103,1512.61,1529.299,-7.687,-0.5026,13093462.0,11589676.569
000016.SH,20130725,1529.299,1537.73,1548.197,1522.228,1532.353,-3.054,-0.1993,18748654.0,15998243.216
000016.SH,20130724,1532.353,1541.928,1550.853,1512.973,1555.837,-23.484,-1.5094,22081387.0,18813234.433
000016.SH,20130723,1555.837,1520.582,1569.735,1514.211,1514.052,41.785,2.7598,26842149.0,22712408.968
000016.SH,20130722,1514.052,1493.987,1515.154,1485.06,1511.4,2.652,0.1755,19730656.0,15898461.419
000016.SH,20130719,1511.4,1551.295,1557.703,1508.275,1549.348,-37.948,-2.4493,24139401.0,20924036.593
000016.SH,20130718,1549.348,1575.667,1583.305,1547.091,1582.141,-32.793,-2.0727,20540311.0,17453867.654
000016.SH,20130717,1582.141,1602.484,1612.571,1581.739,1606.341,-24.2,-1.5065,22297155.0,19368122.893
000016.SH,20130716,1606.341,1597.331,1606.742,1579.448,1604.662,1.679,0.1046,21244408.0,18792151.122
000016.SH,20130715,1604.662,1599.035,1631.99,1582.83,1587.589,17.073,1.0754,28001253.0,25593903.533
000016.SH,20130712,1587.589,1626.549,1634.345,1585.507,1635.66,-48.071,-2.9389,34331760.0,31344718.018
000016.SH,20130711,1635.66,1555.283,1653.587,1555.283,1546.743,88.917,5.7487,53675007.0,48441615.814
000016.SH,20130710,1546.743,1505.706,1547.315,1500.774,1505.299,41.444,2.7532,23561411.0,20332972.238
000016.SH,20130709,1505.299,1505.91,1513.334,1497.505,1506.727,-1.428,-0.0948,15615241.0,12508500.598
000016.SH,20130708,1506.727,1518.876,1528.965,1502.236,1542.049,-35.322,-2.2906,19321461.0,16247602.448
000016.SH,20130705,1542.049,1538.389,1556.592,1535.714,1535.321,6.728,0.4382,20566047.0,18309018.256
000016.SH,20130704,1535.321,1511.516,1550.081,1503.454,1522.911,12.41,0.8149,23661680.0,21089101.498
000016.SH,20130703,1522.911,1530.659,1530.659,1501.083,1541.341,-18.43,-1.1957,22903120.0,19222627.563
000016.SH,20130702,1541.341,1546.854,1551.269,1519.441,1549.374,-8.033,-0.5185,22162322.0,18004113.573
000016.SH,20130701,1549.374,1539.778,1551.115,1520.697,1552.383,-3.009,-0.1938,20650950.0,16582647.265
000016.SH,20130628,1552.383,1504.426,1562.387,1497.437,1512.204,40.179,2.657,31115161.0,23358146.16
000016.SH,20130627,1512.204,1511.491,1530.156,1498.277,1509.682,2.522,0.1671,26498660.0,20538146.16
000016.SH,20130626,1509.682,1529.052,1529.052,1487.309,1526.803,-17.121,-1.1214,28545153.0,22556296.672
000016.SH,20130625,1526.803,1508.515,1529.376,1422.984,1525.166,1.637,0.1073,40517109.0,32359445.907
000016.SH,20130624,1525.166,1625.445,1625.445,1524.28,1633.164,-107.998,-6.6128,33274220.0,28395314.535
000016.SH,20130621,1633.164,1606.971,1645.929,1598.468,1631.554,1.61,0.0987,21187090.0,19601008.078
000016.SH,20130620,1631.554,1677.931,1677.931,1629.753,1687.613,-56.059,-3.3218,18641448.0,17141967.052
000016.SH,20130619,1687.613,1697.599,1697.599,1668.07,1704.222,-16.609,-0.9746,15878339.0,16565166.598
000016.SH,20130618,1704.222,1701.23,1711.055,1690.117,1692.476,11.746,0.694,14008001.0,14866496.703
000016.SH,20130617,1692.476,1709.478,1712.939,1689.492,1704.147,-11.671,-0.6849,14645073.0,13951434.642
000016.SH,20130614,1704.147,1703.08,1706.964,1692.312,1700.802,3.345,0.1967,18278298.0,16443113.513
000016.SH,20130613,1700.802,1733.142,1733.142,1679.664,1760.224,-59.422,-3.3758,25370672.0,23937688.88
000016.SH,20130607,1760.224,1783.856,1793.129,1755.599,1784.702,-24.478,-1.3715,19886841.0,19829006.251
000016.SH,20130606,1784.702,1801.491,1803.814,1782.478,1806.821,-22.119,-1.2242,14978733.0,15526725.316
000016.SH,20130605,1806.821,1818.811,1820.118,1799.744,1819.503,-12.682,-0.697,13815322.0,13887115.124
000016.SH,20130604,1819.503,1837.637,1837.637,1815.686,1838.64,-19.137,-1.0408,18492950.0,18052363.367
000016.SH,20130603,1838.64,1840.4,1854.38,1833.842,1841.366,-2.726,-0.148,17088020.0,17682929.571
000016.SH,20130531,1841.366,1859.238,1865.552,1839.348,1855.456,-14.09,-0.7594,17447055.0,17945419.919
000016.SH,20130530,1855.456,1855.758,1866.896,1848.555,1861.702,-6.246,-0.3355,20551810.0,20524560.398
000016.SH,20130529,1861.702,1873.085,1882.751,1860.402,1870.094,-8.392,-0.4487,26003403.0,25979174.705
000016.SH,20130528,1870.094,1827.604,1870.251,1821.239,1827.263,42.831,2.344,30700597.0,29822925.668
000016.SH,20130527,1827.263,1825.225,1838.85,1821.157,1829.141,-1.878,-0.1027,17878808.0,18353927.189
000016.SH,20130524,1829.141,1831.716,1842.863,1814.569,1823.737,5.404,0.2963,16197644.0,16997014.793
000016.SH,20130523,1823.737,1849.256,1855.027,1822.374,1858.198,-34.461,-1.8545,20471737.0,21947539.161
000016.SH,20130522,1858.198,1850.747,1862.734,1847.466,1851.084,7.114,0.3843,19133827.0,21001127.122
000016.SH,20130521,1851.084,1858.141,1863.026,1840.2,1861.252,-10.168,-0.5463,19781473.0,20626739.314
000016.SH,20130520,1861.252,1848.324,1877.27,1841.415,1843.809,17.443,0.946,29655707.0,29995682.402
000016.SH,20130517,1843.809,1819.516,1849.875,1810.316,1821.453,22.356,1.2274,27563300.0,27555413.537
000016.SH,20130516,1821.453,1785.709,1822.674,1770.406,1789.431,32.022,1.7895,24404904.0,25121620.768
000016.SH,20130515,1789.431,1787.836,1795.38,1781.219,1785.575,3.856,0.216,12433946.0,13780608.939
000016.SH,20130514,1785.575,1806.175,1807.035,1776.695,1810.724,-25.149,-1.3889,18312642.0,19248866.737
000016.SH,20130513,1810.724,1819.556,1823.036,1800.306,1819.117,-8.393,-0.4614,17360638.0,18035135.433
000016.SH,20130510,1819.117,1804.175,1823.471,1798.986,1807.862,11.255,0.6226,16322284.0,16507762.194
000016.SH,20130509,1807.862,1825.384,1826.969,1794.421,1824.377,-16.515,-0.9052,19442053.0,20409966.788
000016.SH,20130508,1824.377,1826.432,1842.126,1814.956,1817.925,6.452,0.3549,21146420.0,21662568.694
000016.SH,20130507,1817.925,1812.033,1824.511,1800.268,1816.598,1.327,0.073,19382042.0,21035612.216
000016.SH,20130506,1816.598,1804.889,1826.192,1801.364,1795.489,21.109,1.1757,21997266.0,21128847.009
000016.SH,20130503,1795.489,1770.686,1821.379,1770.322,1763.05,32.439,1.8399,24561653.0,23916880.535
000016.SH,20130502,1763.05,1758.379,1766.141,1745.571,1766.037,-2.987,-0.1691,17926222.0,16995491.392
000016.SH,20130426,1766.037,1786.638,1793.946,1760.223,1778.294,-12.257,-0.6893,16714033.0,15795388.917
000016.SH,20130425,1778.294,1786.862,1800.561,1762.172,1793.885,-15.591,-0.8691,20584645.0,20117620.592
000016.SH,20130424,1793.885,1764.029,1809.126,1755.439,1760.677,33.208,1.8861,22392291.0,21622750.877
000016.SH,20130423,1760.677,1828.09,1828.09,1759.415,1823.947,-63.27,-3.4689,23227788.0,23725577.059
000016.SH,20130422,1823.947,1820.027,1830.994,1814.867,1827.983,-4.036,-0.2208,21621229.0,22455788.321
000016.SH,20130419,1827.983,1772.641,1836.611,1771.5,1768.15,59.833,3.3839,33057170.0,33651064.369
000016.SH,20130418,1768.15,1745.942,1772.611,1740.26,1761.617,6.533,0.3709,17537744.0,18038752.316
000016.SH,20130417,1761.617,1769.811,1774.493,1747.413,1772.643,-11.026,-0.622,16511135.0,17368577.029
000016.SH,20130416,1772.643,1746.314,1774.071,1739.218,1759.802,12.841,0.7297,22379943.0,22179049.754
000016.SH,20130415,1759.802,1768.206,1777.135,1754.7,1774.505,-14.703,-0.8286,17433015.0,15508401.189
000016.SH,20130412,1774.505,1783.091,1794.335,1773.5,1784.128,-9.623,-0.5394,14354895.0,14095809.18
000016.SH,20130411,1784.128,1802.507,1808.285,1782.897,1787.928,-3.8,-0.2125,16193326.0,15638172.984
000016.SH,20130410,1787.928,1787.74,1794.221,1775.611,1788.633,-0.705,-0.0394,17215201.0,17613418.015
000016.SH,20130409,1788.633,1776.828,1800.57,1776.828,1773.103,15.53,0.8759,19777794.0,21114249.103
000016.SH,20130408,1773.103,1755.763,1775.338,1747.66,1789.666,-16.563,-0.9255,19582654.0,18943130.094
000016.SH,20130403,1789.666,1787.981,1805.007,1782.785,1783.217,6.449,0.3616,18750240.0,17034243.677
000016.SH,20130402,1783.217,1785.568,1805.739,1771.37,1784.071,-0.854,-0.0479,22046604.0,21155916.242
000016.SH,20130401,1784.071,1781.793,1796.293,1779.1,1793.194,-9.123,-0.5088,17725718.0,16937451.986
000016.SH,20130329,1793.194,1791.572,1797.376,1774.924,1791.643,1.551,0.0866,25793779.0,24295416.144
000016.SH,20130328,1791.643,1816.85,1816.85,1782.235,1868.44,-76.797,-4.1102,44979129.0,41471507.579
000016.SH,20130327,1868.44,1863.515,1891.276,1854.822,1861.259,7.181,0.3858,23942410.0,23231255.716
000016.SH,20130326,1861.259,1891.314,1894.661,1852.156,1901.932,-40.673,-2.1385,28406639.0,28163692.124
000016.SH,20130325,1901.932,1913.791,1927.371,1898.27,1904.462,-2.53,-0.1328,23625148.0,24746440.03
000016.SH,20130322,1904.462,1900.149,1913.266,1893.169,1902.295,2.167,0.1139,20038064.0,20587012.339
000016.SH,20130321,1902.295,1906.848,1912.961,1890.54,1905.765,-3.47,-0.1821,26519125.0,28194018.211
000016.SH,20130320,1905.765,1833.358,1905.895,1833.358,1830.959,74.806,4.0856,40866175.0,42074808.028
000016.SH,20130319,1830.959,1813.322,1836.033,1805.557,1811.239,19.72,1.0888,21901416.0,22452103.512
000016.SH,20130318,1811.239,1829.393,1841.906,1809.439,1841.32,-30.081,-1.6337,25927284.0,27458292.401
000016.SH,20130315,1841.32,1835.61,1894.248,1815.366,1838.358,2.962,0.1611,38325471.0,38589034.136
000016.SH,20130314,1838.358,1830.713,1850.43,1824.131,1835.612,2.746,0.1496,20720849.0,21599515.035
000016.SH,20130313,1835.612,1853.016,1860.06,1827.646,1854.618,-19.006,-1.0248,21946981.0,21872477.427
000016.SH,20130312,1854.618,1878.536,1900.357,1837.83,1879.818,-25.2,-1.3406,28375102.0,28646032.758
000016.SH,20130311,1879.818,1895.046,1899.309,1867.366,1901.481,-21.663,-1.1393,19386327.0,21039587.775
000016.SH,20130308,1901.481,1906.355,1917.049,1889.377,1902.374,-0.893,-0.0469,23858347.0,26080937.976
000016.SH,20130307,1902.374,1922.929,1937.946,1881.669,1933.699,-31.325,-1.62,32461904.0,35799074.128
000016.SH,20130306,1933.699,1925.519,1943.926,1907.623,1916.709,16.99,0.8864,36144745.0,37864531.747
000016.SH,20130305,1916.709,1844.287,1917.181,1843.159,1841.624,75.085,4.0771,40242321.0,40861173.42
000016.SH,20130304,1841.624,1904.43,1904.951,1828.549,1944.423,-102.799,-5.2869,48133501.0,49868903.303
000016.SH,20130301,1944.423,1955.728,1963.597,1911.657,1956.606,-12.183,-0.6227,32482814.0,36324799.866
000016.SH,20130228,1956.606,1906.125,1957.488,1886.741,1889.476,67.13,3.5528,39611086.0,42105790.251
000016.SH,20130227,1889.476,1871.435,1907.203,1869.511,1865.129,24.347,1.3054,28667309.0,28893671.352
000016.SH,20130226,1865.129,1874.047,1916.764,1863.011,1890.765,-25.636,-1.3559,36884580.0,38058465.346
000016.SH,20130225,1890.765,1893.442,1912.032,1879.841,1883.475,7.29,0.3871,22271335.0,22677560.239
000016.SH,20130222,1883.475,1895.429,1902.661,1878.342,1897.896,-14.421,-0.7598,25565221.0,27199426.483
000016.SH,20130221,1897.896,1955.167,1955.167,1876.324,1978.303,-80.407,-4.0644,44900040.0,46202057.395
000016.SH,20130220,1978.303,1982.434,1984.325,1948.699,1981.074,-2.771,-0.1399,29397312.0,30302361.962
000016.SH,20130219,1981.074,2011.386,2018.906,1971.428,2014.577,-33.503,-1.663,31312885.0,33073491.879
000016.SH,20130218,2014.577,2051.922,2055.411,2013.217,2042.422,-27.845,-1.3633,32958719.0,34844945.532
000016.SH,20130208,2042.422,2044.141,2061.012,2022.892,2048.575,-6.153,-0.3004,34424608.0,36099049.227
000016.SH,20130207,2048.575,2074.48,2077.484,2014.752,2078.494,-29.919,-1.4395,43496464.0,46145289.824
000016.SH,20130206,2078.494,2069.341,2088.446,2063.988,2068.952,9.542,0.4612,35202126.0,36872236.462
000016.SH,20130205,2068.952,2044.162,2076.932,2035.369,2065.394,3.558,0.1723,50456802.0,48274217.696
000016.SH,20130204,2065.394,2068.022,2087.931,2050.688,2055.724,9.67,0.4704,55089818.0,60276858.401
000016.SH,20130201,2055.724,1984.965,2058.052,1979.099,1993.252,62.472,3.1342,43939580.0,48056952.723
000016.SH,20130131,1993.252,1992.479,2000.649,1976.703,1989.315,3.937,0.1979,37917418.0,36693048.338
000016.SH,20130130,1989.315,1984.916,1991.659,1969.775,1982.623,6.692,0.3375,40256772.0,40584410.387
000016.SH,20130129,1982.623,1959.798,1993.195,1950.483,1957.395,25.228,1.2889,41983989.0,45297085.361
000016.SH,20130128,1957.395,1890.885,1958.196,1890.885,1886.454,70.941,3.7605,40011939.0,42903720.708
000016.SH,20130125,1886.454,1898.281,1905.38,1881.131,1900.176,-13.722,-0.7221,21809224.0,23121684.514
000016.SH,20130124,1900.176,1909.92,1961.979,1885.459,1910.135,-9.959,-0.5214,46362517.0,45027602.055
000016.SH,20130123,1910.135,1890.693,1911.196,1885.268,1898.502,11.633,0.6127,28708680.0,26471549.11
000016.SH,20130122,1898.502,1895.004,1917.459,1878.45,1898.438,0.064,0.0034,41290890.0,38699040.854
000016.SH,20130121,1898.438,1890.85,1899.002,1871.67,1886.794,11.644,0.6171,31428562.0,33266653.904
000016.SH,20130118,1886.794,1867.763,1897.607,1854.656,1854.936,31.858,1.7175,25629170.0,27241991.921
000016.SH,20130117,1854.936,1871.639,1872.149,1844.452,1877.0,-22.064,-1.1755,23301845.0,24757645.778
000016.SH,20130116,1877.0,1895.231,1898.234,1851.33,1900.051,-23.051,-1.2132,31643989.0,34462185.706
000016.SH,20130115,1900.051,1892.506,1907.652,1889.686,1893.1,6.951,0.3672,32659328.0,34532269.093
000016.SH,20130114,1893.1,1811.315,1900.41,1811.066,1818.984,74.116,4.0746,35861754.0,37504710.761
000016.SH,20130111,1818.984,1857.765,1863.27,1810.836,1855.487,-36.503,-1.9673,26437823.0,26793508.679
000016.SH,20130110,1855.487,1854.987,1875.581,1843.345,1855.342,0.145,0.0078,25129345.0,26215851.793
000016.SH,20130109,1855.342,1851.607,1861.374,1839.011,1857.688,-2.346,-0.1263,25102113.0,27479952.838
000016.SH,20130108,1857.688,1879.848,1883.142,1846.29,1880.262,-22.574,-1.2006,25348552.0,28592800.185
000016.SH,20130107,1880.262,1865.058,1892.13,1857.276,1870.5,9.762,0.5219,28529499.0,29047314.861
000016.SH,20130104,1870.5,1885.964,1899.88,1849.779,1857.68,12.82,0.6901,39205649.0,39918820.869
000016.SH,20121231,1857.68,1821.98,1858.32,1821.98,1817.852,39.828,2.1909,32880988.0,31838655.845
000016.SH,20121228,1817.852,1789.689,1819.651,1789.422,1786.779,31.073,1.7391,26285552.0,26005738.026
000016.SH,20121227,1786.779,1805.828,1816.904,1785.863,1800.564,-13.785,-0.7656,24965547.0,25316964.681
000016.SH,20121226,1800.564,1796.605,1806.085,1792.855,1798.882,1.682,0.0935,25512386.0,25859593.149
000016.SH,20121225,1798.882,1739.741,1808.343,1734.599,1746.438,52.444,3.0029,36399072.0,35603057.269
000016.SH,20121224,1746.438,1733.406,1759.674,1731.843,1737.989,8.449,0.4861,19109019.0,21386826.292
000016.SH,20121221,1737.989,1753.248,1769.77,1732.987,1751.936,-13.947,-0.7961,25337049.0,24740344.49
000016.SH,20121220,1751.936,1735.798,1757.801,1725.852,1744.018,7.918,0.454,25798834.0,25567567.546
000016.SH,20121219,1744.018,1740.277,1759.72,1736.468,1744.854,-0.836,-0.0479,25016549.0,24909314.737
000016.SH,20121218,1744.854,1734.95,1768.368,1725.564,1738.852,6.002,0.3452,34703474.0,31797100.681
000016.SH,20121217,1738.852,1732.902,1750.1,1732.64,1728.061,10.791,0.6245,38227780.0,34321087.379
000016.SH,20121214,1728.061,1637.611,1728.822,1637.611,1635.626,92.435,5.6514,47748303.0,41210669.862
000016.SH,20121213,1635.626,1651.668,1654.785,1634.634,1657.128,-21.502,-1.2975,16461029.0,15292968.444
000016.SH,20121212,1657.128,1645.627,1659.662,1642.792,1645.009,12.119,0.7367,20131344.0,17513566.757
000016.SH,20121211,1645.009,1648.063,1657.647,1642.941,1653.284,-8.275,-0.5005,20039302.0,17861853.544
000016.SH,20121210,1653.284,1642.078,1659.269,1640.562,1634.919,18.365,1.1233,30402229.0,24752551.604
000016.SH,20121207,1634.919,1602.297,1637.544,1599.669,1600.415,34.504,2.1559,31809626.0,27337261.09
000016.SH,20121206,1600.415,1599.528,1608.437,1590.039,1601.736,-1.321,-0.0825,19397373.0,18291814.574
000016.SH,20121205,1601.736,1544.57,1608.112,1543.262,1545.954,55.782,3.6083,35083555.0,30830009.577
000016.SH,20121204,1545.954,1529.333,1550.273,1528.28,1532.176,13.778,0.8992,13422758.0,12369660.298
000016.SH,20121203,1532.176,1544.589,1557.652,1531.584,1547.759,-15.583,-1.0068,15942709.0,14109293.764
000016.SH,20121130,1547.759,1531.598,1550.111,1529.033,1532.921,14.838,0.968,12764586.0,10702616.931
000016.SH,20121129,1532.921,1541.841,1549.163,1530.572,1542.074,-9.153,-0.5936,11426423.0,8977813.544
000016.SH,20121128,1542.074,1547.246,1549.345,1538.773,1552.92,-10.846,-0.6984,11608977.0,9306419.731
000016.SH,20121127,1552.92,1559.461,1563.835,1551.56,1563.198,-10.278,-0.6575,11619656.0,9726978.178
000016.SH,20121126,1563.198,1565.644,1569.359,1557.748,1568.753,-5.555,-0.3541,8560923.0,7646679.364
000016.SH,20121123,1568.753,1559.713,1574.484,1555.157,1554.754,13.999,0.9004,11417987.0,10255113.946
000016.SH,20121122,1554.754,1553.972,1557.222,1547.635,1562.974,-8.22,-0.5259,7220379.0,7294749.21
000016.SH,20121121,1562.974,1539.892,1563.804,1534.321,1540.488,22.486,1.4597,10087244.0,9410997.43
000016.SH,20121120,1540.488,1554.808,1557.085,1539.378,1550.891,-10.403,-0.6708,8178309.0,8871561.196
000016.SH,20121119,1550.891,1550.248,1551.585,1533.513,1551.558,-0.667,-0.043,10594898.0,10723919.404
000016.SH,20121116,1551.558,1560.815,1562.556,1542.532,1563.698,-12.14,-0.7764,11474377.0,9765525.805
000016.SH,20121115,1563.698,1573.59,1579.639,1563.282,1581.946,-18.248,-1.1535,10519202.0,8946153.492
000016.SH,20121114,1581.946,1575.834,1585.691,1571.552,1575.259,6.687,0.4245,10010013.0,8621065.413
000016.SH,20121113,1575.259,1600.3,1600.3,1571.627,1600.878,-25.619,-1.6003,12393955.0,10480952.052
000016.SH,20121112,1600.878,1592.856,1601.291,1587.172,1591.852,9.026,0.567,13888289.0,11454982.137
000016.SH,20121109,1591.852,1589.523,1598.707,1587.789,1591.615,0.237,0.0149,11929670.0,8946786.478
000016.SH,20121108,1591.615,1604.95,1609.686,1590.913,1617.834,-26.219,-1.6206,12788451.0,11054023.629
000016.SH,20121107,1617.834,1617.211,1626.208,1608.793,1619.739,-1.905,-0.1176,13237335.0,12694241.552
000016.SH,20121106,1619.739,1625.41,1627.154,1597.75,1624.709,-4.97,-0.3059,13093677.0,12474319.95
000016.SH,20121105,1624.709,1623.757,1634.794,1615.376,1626.607,-1.898,-0.1167,16093072.0,13042280.458
000016.SH,20121102,1626.607,1617.323,1628.832,1609.384,1617.732,8.875,0.5486,15256004.0,13474074.854
000016.SH,20121101,1617.732,1589.298,1625.779,1589.137,1587.052,30.68,1.9331,19249881.0,17719540.033
000016.SH,20121031,1587.052,1578.468,1588.725,1573.187,1576.321,10.731,0.6808,13878468.0,11413930.512
000016.SH,20121030,1576.321,1572.547,1586.681,1568.459,1571.525,4.796,0.3052,13472986.0,10907175.487
000016.SH,20121029,1571.525,1581.232,1583.684,1566.95,1584.697,-13.172,-0.8312,10184829.0,10118568.388
000016.SH,20121026,1584.697,1614.417,1616.353,1577.72,1612.947,-28.25,-1.7515,13999065.0,12582231.321
000016.SH,20121025,1612.947,1622.793,1632.42,1611.113,1623.641,-10.694,-0.6586,13712402.0,10820127.999
000016.SH,20121024,1623.641,1619.95,1631.773,1618.753,1625.81,-2.169,-0.1334,11463666.0,9902324.12
000016.SH,20121023,1625.81,1642.835,1646.367,1624.221,1643.342,-17.532,-1.0669,12467079.0,10845395.747
000016.SH,20121022,1643.342,1628.185,1648.079,1625.239,1637.765,5.577,0.3405,11542939.0,11029741.896
000016.SH,20121019,1637.765,1637.915,1643.22,1635.1,1639.667,-1.902,-0.116,11151234.0,10368685.87
000016.SH,20121018,1639.667,1621.054,1643.479,1619.615,1617.664,22.003,1.3602,16552872.0,15382433.429
000016.SH,20121017,1617.664,1619.622,1624.299,1603.346,1614.138,3.526,0.2184,11418780.0,10840751.914
000016.SH,20121016,1614.138,1611.264,1624.476,1606.906,1612.955,1.183,0.0733,10256926.0,9768907.283
000016.SH,20121015,1612.955,1620.048,1622.43,1603.275,1618.659,-5.704,-0.3524,9339004.0,9043127.126
000016.SH,20121012,1618.659,1621.826,1636.412,1608.228,1615.747,2.912,0.1802,13116776.0,11893807.016
000016.SH,20121011,1615.747,1619.834,1624.714,1609.892,1625.328,-9.581,-0.5895,13003582.0,11517994.005
000016.SH,20121010,1625.328,1623.283,1627.383,1614.634,1627.657,-2.329,-0.1431,11822438.0,11070359.935
000016.SH,20121009,1627.657,1605.172,1635.461,1605.172,1596.144,31.513,1.9743,18523274.0,15939379.397
000016.SH,20121008,1596.144,1611.638,1623.086,1588.002,1613.092,-16.948,-1.0507,11995070.0,11724583.935
000016.SH,20120928,1613.092,1576.274,1616.384,1575.183,1587.956,25.136,1.5829,22188841.0,20562338.971
000016.SH,20120927,1587.956,1541.55,1600.04,1541.185,1541.14,46.816,3.0378,20088600.0,18213863.225
000016.SH,20120926,1541.14,1551.426,1557.154,1536.957,1553.701,-12.561,-0.8085,9146014.0,8558851.588
000016.SH,20120925,1553.701,1550.178,1560.985,1547.58,1553.973,-0.272,-0.0175,10336341.0,10208500.243
000016.SH,20120924,1553.973,1534.649,1560.238,1528.579,1545.964,8.009,0.5181,13875900.0,12340045.704
000016.SH,20120921,1545.964,1537.116,1557.255,1535.61,1540.956,5.008,0.325,14130161.0,12750384.36
000016.SH,20120920,1540.956,1562.769,1562.769,1539.221,1569.069,-28.113,-1.7917,15376603.0,14187529.012
000016.SH,20120919,1569.069,1565.236,1571.683,1558.043,1564.982,4.087,0.2612,12346045.0,12135530.036
000016.SH,20120918,1564.982,1574.295,1576.956,1560.71,1582.095,-17.113,-1.0817,11371892.0,10880651.886
000016.SH,20120917,1582.095,1612.55,1615.215,1581.296,1614.7,-32.605,-2.0193,16358119.0,15844168.32
000016.SH,20120914,1614.7,1616.007,1625.996,1604.173,1597.16,17.54,1.0982,20827569.0,20851301.532
000016.SH,20120913,1597.16,1605.773,1611.076,1597.012,1607.989,-10.829,-0.6734,12607580.0,11431687.484
000016.SH,20120912,1607.989,1615.133,1623.892,1595.533,1605.073,2.916,0.1817,15426787.0,14906475.997
000016.SH,20120911,1605.073,1613.245,1613.245,1593.362,1620.027,-14.954,-0.9231,15694337.0,14463105.174
000016.SH,20120910,1620.027,1620.36,1628.643,1612.572,1619.213,0.814,0.0503,22390315.0,22035020.891
000016.SH,20120907,1619.213,1561.359,1634.693,1561.359,1550.971,68.242,4.4,37465383.0,32655879.443
000016.SH,20120906,1550.971,1540.347,1551.574,1535.971,1537.531,13.44,0.8741,13009580.0,10585805.61
000016.SH,20120905,1537.531,1544.47,1548.342,1531.106,1548.042,-10.511,-0.679,14240440.0,12293713.702
000016.SH,20120904,1548.042,1566.23,1567.496,1543.56,1560.08,-12.038,-0.7716,13281528.0,13728401.04
000016.SH,20120903,1560.08,1547.767,1567.234,1545.601,1551.199,8.881,0.5725,15216996.0,12985887.972
000016.SH,20120831,1551.199,1556.008,1564.692,1549.896,1560.286,-9.087,-0.5824,10180339.0,8870485.072
000016.SH,20120830,1560.286,1542.238,1564.625,1542.238,1554.403,5.883,0.3785,13603249.0,12607658.405
000016.SH,20120829,1554.403,1565.278,1569.71,1553.544,1570.44,-16.037,-1.0212,12083361.0,10988417.789
000016.SH,20120828,1570.44,1558.169,1578.221,1555.441,1557.165,13.275,0.8525,13370346.0,10986793.405
000016.SH,20120827,1557.165,1583.914,1583.914,1556.528,1588.111,-30.946,-1.9486,14368404.0,13518120.575
000016.SH,20120824,1588.111,1594.819,1598.07,1586.293,1596.574,-8.463,-0.5301,11203431.0,11249953.252
000016.SH,20120823,1596.574,1593.217,1602.501,1585.782,1591.334,5.24,0.3293,12087463.0,12155056.186
000016.SH,20120822,1591.334,1600.108,1602.095,1583.404,1598.5,-7.166,-0.4483,10283060.0,9826753.011
000016.SH,20120821,1598.5,1596.521,1609.992,1592.037,1596.195,2.305,0.1444,11766242.0,11020277.409
000016.SH,20120820,1596.195,1594.055,1599.465,1582.714,1606.003,-9.808,-0.6107,9221488.0,8983955.342
000016.SH,20120817,1606.003,1604.711,1609.677,1595.242,1605.276,0.727,0.0453,8822573.0,9541231.571
000016.SH,20120816,1605.276,1608.94,1614.014,1603.957,1610.413,-5.137,-0.319,7574578.0,7936213.9
000016.SH,20120815,1610.413,1628.572,1630.415,1609.168,1633.143,-22.73,-1.3918,9757907.0,9340712.642
000016.SH,20120814,1633.143,1633.077,1636.188,1616.375,1632.001,1.142,0.07,13111367.0,13615497.595
000016.SH,20120813,1632.001,1661.599,1661.599,1630.205,1665.175,-33.174,-1.9922,15931938.0,16742587.695
000016.SH,20120810,1665.175,1670.576,1675.52,1663.607,1671.954,-6.779,-0.4055,12253282.0,15024106.538
000016.SH,20120809,1671.954,1662.063,1673.085,1652.979,1662.768,9.186,0.5525,11191154.0,13423421.629
000016.SH,20120808,1662.768,1659.47,1671.489,1657.285,1657.911,4.857,0.293,12333647.0,13724049.918
000016.SH,20120807,1657.911,1657.163,1662.493,1653.015,1658.371,-0.46,-0.0277,13555374.0,15052122.086
000016.SH,20120806,1658.371,1639.757,1661.2,1638.1,1641.599,16.772,1.0217,14218290.0,14867596.191
000016.SH,20120803,1641.599,1637.808,1642.17,1628.482,1634.553,7.046,0.4311,10110264.0,10416251.697
000016.SH,20120802,1634.553,1641.832,1645.964,1627.549,1645.616,-11.063,-0.6723,11196975.0,10326246.516
000016.SH,20120801,1645.616,1633.384,1651.973,1632.94,1631.885,13.731,0.8414,11988440.0,11693462.779
000016.SH,20120731,1631.885,1628.017,1643.574,1627.863,1625.636,6.249,0.3844,13190490.0,12035641.182
000016.SH,20120730,1625.636,1633.479,1645.333,1622.688,1630.31,-4.674,-0.2867,12073818.0,11239201.212
000016.SH,20120727,1630.31,1630.281,1642.069,1625.026,1624.464,5.846,0.3599,12220716.0,12017763.562
000016.SH,20120726,1624.464,1628.718,1640.974,1622.553,1627.959,-3.495,-0.2147,10650163.0,10224323.716
000016.SH,20120725,1627.959,1628.635,1639.941,1626.044,1632.952,-4.993,-0.3058,8150938.0,7914088.183
000016.SH,20120724,1632.952,1621.3,1644.454,1620.931,1629.065,3.887,0.2386,11149863.0,10949688.496
000016.SH,20120723,1629.065,1646.758,1646.758,1624.327,1658.3,-29.235,-1.763,11275616.0,11192943.05
000016.SH,20120720,1658.3,1669.587,1673.136,1653.441,1674.268,-15.968,-0.9537,12411732.0,11549898.221
000016.SH,20120719,1674.268,1660.557,1687.454,1656.743,1665.865,8.403,0.5044,15672352.0,16229564.266
000016.SH,20120718,1665.865,1669.778,1673.538,1642.122,1669.706,-3.841,-0.23,11820610.0,13398387.183
000016.SH,20120717,1669.706,1653.74,1676.747,1653.02,1657.623,12.083,0.7289,10192618.0,11754143.039
000016.SH,20120716,1657.623,1688.775,1688.775,1656.83,1685.019,-27.396,-1.6259,12879971.0,13780650.954
000016.SH,20120713,1685.019,1674.051,1698.389,1672.873,1680.05,4.969,0.2958,11743666.0,12813817.721
000016.SH,20120712,1680.05,1668.908,1690.422,1651.252,1672.252,7.798,0.4663,20531501.0,21934478.084
000016.SH,20120711,1672.252,1661.143,1674.976,1658.793,1664.424,7.828,0.4703,11690169.0,11755126.937
000016.SH,20120710,1664.424,1666.223,1679.407,1661.287,1668.022,-3.598,-0.2157,11905512.0,12375315.151
000016.SH,20120709,1668.022,1699.414,1708.194,1666.214,1711.579,-43.557,-2.5448,17274718.0,17789152.509
000016.SH,20120706,1711.579,1692.289,1715.988,1681.039,1695.356,16.223,0.9569,17713291.0,19360355.541
000016.SH,20120705,1695.356,1702.626,1703.609,1686.191,1712.937,-17.581,-1.0264,11493729.0,11730176.812
000016.SH,20120704,1712.937,1715.338,1721.18,1706.478,1710.412,2.525,0.1476,10910454.0,11537781.616
000016.SH,20120703,1710.412,1705.822,1723.068,1699.305,1706.168,4.244,0.2487,12787197.0,14944294.021
000016.SH,20120702,1706.168,1715.957,1716.153,1697.338,1708.856,-2.688,-0.1573,14178706.0,15268030.166
000016.SH,20120629,1708.856,1677.381,1710.45,1675.517,1681.384,27.472,1.6339,13733901.0,15021870.438
000016.SH,20120628,1681.384,1697.4,1702.373,1680.444,1695.031,-13.647,-0.8051,9799351.0,11597298.468
000016.SH,20120627,1695.031,1698.859,1708.827,1692.045,1700.499,-5.468,-0.3216,9780881.0,9945764.14
000016.SH,20120626,1700.499,1692.485,1708.414,1689.991,1704.567,-4.068,-0.2387,11289206.0,12169746.666
000016.SH,20120625,1704.567,1729.099,1729.46,1702.714,1735.336,-30.769,-1.7731,15713270.0,15737077.805
000016.SH,20120621,1735.336,1760.411,1760.411,1730.209,1763.631,-28.295,-1.6044,13188938.0,14152209.152
000016.SH,20120620,1763.631,1767.054,1775.338,1761.423,1764.881,-1.25,-0.0708,10036677.0,10995191.155
000016.SH,20120619,1764.881,1774.267,1775.846,1763.777,1776.244,-11.363,-0.6397,11055393.0,11532794.927
000016.SH,20120618,1776.244,1778.092,1785.775,1770.563,1769.492,6.752,0.3816,11639893.0,12656729.706
000016.SH,20120615,1769.492,1760.998,1775.573,1750.388,1756.301,13.191,0.7511,15928894.0,18789484.216
000016.SH,20120614,1756.301,1764.888,1769.955,1754.281,1771.422,-15.121,-0.8536,12532502.0,14896549.848
000016.SH,20120613,1771.422,1750.515,1772.57,1744.267,1745.454,25.968,1.4878,14934486.0,17382559.248
000016.SH,20120612,1745.454,1746.588,1753.131,1734.806,1756.031,-10.577,-0.6023,14685674.0,14365243.322
000016.SH,20120611,1756.031,1741.185,1762.714,1737.559,1738.587,17.444,1.0033,14601954.0,15623482.657
000016.SH,20120608,1738.587,1766.052,1766.052,1736.083,1757.766,-19.179,-1.0911,17721490.0,19325504.03
000016.SH,20120607,1757.766,1780.198,1782.693,1754.179,1768.575,-10.809,-0.6112,12051356.0,15211439.367
000016.SH,20120606,1768.575,1768.017,1776.584,1762.465,1763.7,4.875,0.2764,13355949.0,17429271.686
000016.SH,20120605,1763.7,1765.672,1772.383,1755.529,1760.955,2.745,0.1559,12844826.0,15092238.387
000016.SH,20120604,1760.955,1790.693,1791.608,1760.069,1808.527,-47.572,-2.6304,18926748.0,22940836.824
000016.SH,20120601,1808.527,1806.479,1820.167,1803.066,1804.593,3.934,0.218,14934025.0,19056739.179
000016.SH,20120531,1804.593,1803.241,1813.363,1798.439,1818.385,-13.792,-0.7585,12563111.0,13941675.625
000016.SH,20120530,1818.385,1821.654,1825.148,1813.437,1824.429,-6.044,-0.3313,15687089.0,17319483.714
000016.SH,20120529,1824.429,1800.683,1827.627,1797.641,1800.913,23.516,1.3058,22215756.0,25166586.776
000016.SH,20120528,1800.913,1771.693,1801.371,1763.692,1776.376,24.537,1.3813,18040546.0,19116112.147
000016.SH,20120525,1776.376,1790.45,1795.203,1770.829,1789.434,-13.058,-0.7297,12970558.0,14054599.361
000016.SH,20120524,1789.434,1800.275,1812.568,1784.939,1801.466,-12.032,-0.6679,14146977.0,16060633.961
000016.SH,20120523,1801.466,1806.791,1815.962,1791.61,1810.411,-8.945,-0.4941,15626658.0,19208244.357
000016.SH,20120522,1810.411,1792.752,1811.515,1791.025,1784.943,25.468,1.4268,15663679.0,18382170.976
000016.SH,20120521,1784.943,1775.287,1795.958,1771.282,1775.572,9.371,0.5278,14001756.0,16447136.94
000016.SH,20120518,1775.572,1788.264,1790.921,1771.279,1801.11,-25.538,-1.4179,15496933.0,17190157.666
000016.SH,20120517,1801.11,1776.72,1805.69,1772.019,1774.243,26.867,1.5143,15729102.0,18672397.677
000016.SH,20120516,1774.243,1796.127,1797.587,1772.728,1801.064,-26.821,-1.4892,16976778.0,19485622.445
000016.SH,20120515,1801.064,1790.717,1802.096,1786.576,1800.503,0.561,0.0312,15570584.0,18622066.241
000016.SH,20120514,1800.503,1827.51,1829.482,1798.291,1815.732,-15.229,-0.8387,19757730.0,22674494.215
000016.SH,20120511,1815.732,1826.036,1834.588,1814.866,1829.607,-13.875,-0.7584,14797741.0,17681810.571
000016.SH,20120510,1829.607,1829.752,1835.282,1822.482,1830.132,-0.525,-0.0287,18508387.0,20881141.083
000016.SH,20120509,1830.132,1846.72,1847.772,1828.731,1862.401,-32.269,-1.7327,20834353.0,25955630.103
000016.SH,20120508,1862.401,1865.858,1866.441,1844.967,1866.619,-4.218,-0.226,23699313.0,27194690.742
000016.SH,20120507,1866.619,1864.382,1871.391,1852.461,1876.658,-10.039,-0.5349,23963885.0,29331585.517
000016.SH,20120504,1876.658,1862.311,1877.425,1852.618,1864.295,12.363,0.6631,22344133.0,25555250.577
000016.SH,20120503,1864.295,1860.536,1868.413,1854.582,1862.755,1.54,0.0827,19728143.0,24670652.321
000016.SH,20120502,1862.755,1846.864,1874.101,1836.271,1822.542,40.213,2.2064,30750650.0,35834285.191
000016.SH,20120427,1822.542,1823.366,1831.552,1820.95,1822.206,0.336,0.0184,15916201.0,17926187.116
000016.SH,20120426,1822.206,1825.041,1829.718,1813.499,1819.217,2.989,0.1643,18304166.0,19822979.976
000016.SH,20120425,1819.217,1805.498,1823.652,1802.381,1808.859,10.358,0.5726,21769077.0,22602725.718
000016.SH,20120424,1808.859,1795.802,1832.84,1784.257,1799.907,8.952,0.4974,27135605.0,27181574.766
000016.SH,20120423,1799.907,1812.933,1819.785,1796.101,1815.882,-15.975,-0.8797,19034179.0,18842966.99
000016.SH,20120420,1815.882,1788.016,1816.364,1786.633,1791.382,24.5,1.3677,23089902.0,23577022.712
000016.SH,20120419,1791.382,1788.746,1797.408,1784.519,1789.627,1.755,0.0981,16742104.0,20809604.604
000016.SH,20120418,1789.627,1754.76,1791.228,1752.374,1749.4,40.227,2.2995,21617548.0,19377281.382
000016.SH,20120417,1749.4,1769.463,1773.547,1748.765,1770.679,-21.279,-1.2017,12103868.0,12221402.939
000016.SH,20120416,1770.679,1767.667,1778.516,1764.811,1777.068,-6.389,-0.3595,12758892.0,13403388.812
000016.SH,20120413,1777.068,1771.304,1785.453,1769.57,1770.947,6.121,0.3456,17631608.0,20977844.26
000016.SH,20120412,1770.947,1736.675,1771.924,1731.766,1734.594,36.353,2.0958,21751090.0,22432327.014
000016.SH,20120411,1734.594,1721.187,1748.298,1718.08,1736.24,-1.646,-0.0948,15347021.0,16107172.341
000016.SH,20120410,1736.24,1719.577,1737.241,1702.949,1721.426,14.814,0.8606,12690505.0,15365011.401
000016.SH,20120409,1721.426,1730.45,1735.057,1719.458,1737.512,-16.086,-0.9258,10819416.0,12152773.722
000016.SH,20120406,1737.512,1732.512,1739.888,1726.501,1735.283,2.229,0.1285,15962621.0,18220080.851
000016.SH,20120405,1735.283,1698.744,1739.444,1691.478,1705.633,29.65,1.7384,22842757.0,24781025.714
000016.SH,20120330,1705.633,1693.648,1706.008,1690.267,1688.09,17.543,1.0392,15207403.0,15584062.311
000016.SH,20120329,1688.09,1702.058,1709.712,1681.971,1708.853,-20.763,-1.215,17979978.0,18415493.493
000016.SH,20120328,1708.853,1743.41,1746.404,1706.255,1749.185,-40.332,-2.3058,17266635.0,18809756.635
000016.SH,20120327,1749.185,1756.995,1760.75,1745.8,1749.888,-0.703,-0.0402,12325533.0,17594311.945
000016.SH,20120326,1749.888,1747.851,1754.803,1741.002,1747.916,1.972,0.1128,11070335.0,12182464.172
000016.SH,20120323,1747.916,1756.194,1760.253,1741.53,1760.335,-12.419,-0.7055,16381248.0,17184111.035
000016.SH,20120322,1760.335,1759.319,1770.415,1749.129,1758.624,1.711,0.0973,16985324.0,17121591.174
000016.SH,20120321,1758.624,1765.73,1775.228,1750.081,1755.725,2.899,0.1651,21143536.0,22816802.594
000016.SH,20120320,1755.725,1774.986,1775.94,1754.809,1778.981,-23.256,-1.3073,21832446.0,22307708.382
000016.SH,20120319,1778.981,1775.961,1781.077,1760.343,1780.076,-1.095,-0.0615,20652596.0,22962341.422
000016.SH,20120316,1780.076,1764.762,1781.209,1754.057,1760.476,19.6,1.1133,19459334.0,21432330.723
000016.SH,20120315,1760.476,1774.556,1783.136,1759.092,1776.407,-15.931,-0.8968,25533675.0,24688224.337
000016.SH,20120314,1776.407,1823.115,1831.856,1770.505,1813.201,-36.794,-2.0292,38304463.0,37698420.598
000016.SH,20120313,1813.201,1795.679,1814.132,1793.887,1796.937,16.264,0.9051,17035288.0,18221521.46
000016.SH,20120312,1796.937,1810.095,1810.59,1785.97,1811.486,-14.549,-0.8032,20328768.0,22262530.068
000016.SH,20120309,1811.486,1803.912,1811.938,1794.34,1798.1,13.386,0.7445,17309708.0,19867413.784
000016.SH,20120308,1798.1,1782.695,1804.909,1782.695,1776.363,21.737,1.2237,19954715.0,21221439.176
000016.SH,20120307,1776.363,1777.843,1793.728,1774.508,1794.264,-17.901,-0.9977,18853132.0,19243354.9
000016.SH,20120306,1794.264,1822.521,1824.352,1792.783,1827.938,-33.674,-1.8422,23333947.0,24453059.111
000016.SH,20120305,1827.938,1847.454,1850.252,1826.776,1843.848,-15.91,-0.8629,24262549.0,23886976.539
000016.SH,20120302,1843.848,1821.039,1844.077,1821.039,1818.279,25.569,1.4062,23251539.0,23075601.064
000016.SH,20120301,1818.279,1814.317,1827.66,1813.447,1822.769,-4.49,-0.2463,14237421.0,15160407.068
000016.SH,20120229,1822.769,1835.773,1841.565,1819.826,1839.055,-16.286,-0.8856,20527453.0,22430984.698
000016.SH,20120228,1839.055,1826.898,1843.958,1826.098,1828.408,10.647,0.5823,25687529.0,25622950.028
000016.SH,20120227,1828.408,1833.444,1851.357,1828.038,1826.716,1.692,0.0926,35919727.0,35722943.795
000016.SH,20120224,1826.716,1801.39,1827.039,1797.048,1799.644,27.072,1.5043,32001576.0,30445324.144
000016.SH,20120223,1799.644,1794.348,1805.671,1791.187,1795.26,4.384,0.2442,23418448.0,23546631.729
000016.SH,20120222,1795.26,1781.982,1798.007,1772.428,1779.94,15.32,0.8607,24083520.0,23446652.553
000016.SH,20120221,1779.94,1772.247,1780.559,1756.41,1769.412,10.528,0.595,13532793.0,13834849.72
000016.SH,20120220,1769.412,1790.39,1792.506,1768.063,1765.652,3.76,0.213,18156015.0,18885764.023
000016.SH,20120217,1765.652,1774.189,1778.627,1756.953,1761.877,3.775,0.2143,12351480.0,12347860.075
000016.SH,20120216,1761.877,1770.399,1776.924,1751.357,1773.169,-11.292,-0.6368,17181728.0,17006014.781
000016.SH,20120215,1773.169,1753.784,1784.237,1751.112,1758.984,14.185,0.8064,18224436.0,19165036.567
000016.SH,20120214,1758.984,1765.87,1767.768,1747.83,1768.539,-9.555,-0.5403,12775513.0,13194356.723
000016.SH,20120213,1768.539,1757.02,1786.477,1751.066,1778.317,-9.778,-0.5498,17557923.0,16994977.747
000016.SH,20120210,1778.317,1772.188,1800.034,1770.805,1778.097,0.22,0.0124,23482256.0,20972221.791
000016.SH,20120209,1778.097,1781.154,1789.078,1771.086,1782.059,-3.962,-0.2223,19641196.0,21389844.651
000016.SH,20120208,1782.059,1731.99,1786.198,1729.543,1732.024,50.035,2.8888,22114499.0,22752042.078
000016.SH,20120207,1732.024,1753.384,1756.304,1721.852,1764.818,-32.794,-1.8582,14938529.0,14397210.154
000016.SH,20120206,1764.818,1775.436,1781.888,1753.434,1772.192,-7.374,-0.4161,16663063.0,16256800.163
000016.SH,20120203,1772.192,1756.147,1780.222,1750.365,1761.941,10.251,0.5818,19013624.0,19129273.031
000016.SH,20120202,1761.941,1719.999,1761.941,1714.246,1713.684,48.257,2.816,17495141.0,17836381.969
000016.SH,20120201,1713.684,1739.638,1751.558,1709.536,1744.708,-31.024,-1.7782,13526270.0,14193726.576
000016.SH,20120131,1744.708,1744.216,1754.766,1734.046,1742.818,1.89,0.1084,13032093.0,13239423.407
000016.SH,20120130,1742.818,1778.135,1778.135,1742.278,1775.091,-32.273,-1.8181,18884774.0,18407464.137
000016.SH,20120120,1775.091,1756.779,1779.0,1748.665,1750.521,24.57,1.4036,22211599.0,22090544.774
000016.SH,20120119,1750.521,1717.14,1757.249,1713.95,1714.699,35.822,2.0891,21808599.0,21973502.03
000016.SH,20120118,1714.699,1736.289,1750.109,1709.786,1736.606,-21.907,-1.2615,21955716.0,23648660.321
000016.SH,20120117,1736.606,1664.485,1736.958,1649.039,1661.994,74.612,4.4893,25662975.0,25533354.215
000016.SH,20120116,1661.994,1676.143,1689.839,1661.381,1685.913,-23.919,-1.4188,11617615.0,13034129.807
000016.SH,20120113,1685.913,1703.386,1710.489,1671.291,1701.452,-15.539,-0.9133,17531050.0,17659844.431
000016.SH,20120112,1701.452,1690.392,1717.802,1688.18,1694.264,7.188,0.4243,17766371.0,17504501.236
000016.SH,20120111,1694.264,1703.654,1709.887,1686.644,1704.744,-10.48,-0.6148,18430906.0,18803937.162
000016.SH,20120110,1704.744,1658.198,1707.597,1655.304,1659.054,45.69,2.754,28517417.0,26442594.973
000016.SH,20120109,1659.054,1608.491,1659.582,1598.39,1608.358,50.696,3.152,21627579.0,20009493.676
000016.SH,20120106,1608.358,1595.731,1609.207,1588.598,1596.593,11.765,0.7369,13869973.0,11459377.051
000016.SH,20120105,1596.593,1591.237,1622.837,1590.537,1595.12,1.473,0.0923,18078365.0,15109105.146
000016.SH,20120104,1595.12,1628.168,1631.255,1594.421,1617.613,-22.493,-1.3905,12822705.0,11591786.058
