date,ticker,open,high,low,close,vwap,volume,turnover,status
20240315,000688.SH,802.9111,809.3953,794.7507,808.6736,808.6736,19734463.0,57967231.415,000688.SH
20240314,000688.SH,811.5135,815.547,797.7755,804.8554,804.8554,21741015.0,64940754.849,000688.SH
20240313,000688.SH,821.3228,824.8148,813.0911,814.9319,814.9319,20803285.0,63767092.186,000688.SH
20240312,000688.SH,818.5162,827.628,813.0451,817.7503,817.7503,21946276.0,66674864.477,000688.SH
20240311,000688.SH,800.8992,818.7067,797.2616,818.4386,818.4386,22129381.0,65259225.212,000688.SH
20240308,000688.SH,795.3215,805.5717,791.7342,803.2,803.2,20310428.0,57902911.073,000688.SH
20240307,000688.SH,814.1679,817.7769,793.5926,794.2384,794.2384,21403310.0,60500813.735,000688.SH
20240306,000688.SH,816.1445,822.7868,803.9915,811.8984,811.8984,19973582.0,58780249.393,000688.SH
20240305,000688.SH,812.6212,824.1248,810.3196,817.7721,817.7721,22349007.0,69594824.94,000688.SH
20240304,000688.SH,819.9574,822.6528,807.3873,818.5129,818.5129,23131064.0,70764262.049,000688.SH
20240301,000688.SH,809.4005,818.1107,803.525,815.4866,815.4866,23983105.0,72454213.478,000688.SH
20240229,000688.SH,769.5571,807.707,769.5571,807.707,807.707,26053051.0,76229767.283,000688.SH
20240228,000688.SH,797.8251,811.6468,771.5922,771.5922,771.5922,33634356.0,92170366.772,000688.SH
20240227,000688.SH,763.6649,797.149,761.264,796.9073,796.9073,24214646.0,71354654.83,000688.SH
20240226,000688.SH,764.0326,776.9841,761.2193,768.4884,768.4884,26715672.0,69780227.231,000688.SH
20240223,000688.SH,768.5093,769.8131,754.3471,764.4821,764.4821,21288172.0,57385787.606,000688.SH
20240222,000688.SH,757.2618,768.6579,755.9041,762.3821,762.3821,18435223.0,49712671.043,000688.SH
20240221,000688.SH,747.2499,769.1493,744.264,755.1552,755.1552,22272663.0,57035201.896,000688.SH
20240220,000688.SH,756.0838,758.0583,748.6,754.7015,754.7015,19703420.0,51408513.057,000688.SH
20240219,000688.SH,762.6438,763.3583,748.287,763.3156,763.3156,27425987.0,68655866.804,000688.SH
20240208,000688.SH,749.639,767.8557,745.2397,751.5036,751.5036,31037561.0,72357927.083,000688.SH
20240207,000688.SH,723.3117,744.3401,717.6979,743.4228,743.4228,30993446.0,72213965.559,000688.SH
20240206,000688.SH,675.4531,721.377,665.6321,720.7998,720.7998,27528071.0,60143375.048,000688.SH
20240205,000688.SH,675.3958,687.6212,635.7395,676.7932,676.7932,27776959.0,58729670.609,000688.SH
20240202,000688.SH,693.0199,694.7458,653.6205,673.4071,673.4071,20966472.0,50348535.505,000688.SH
20240201,000688.SH,680.7177,704.6597,678.9651,690.0051,690.0051,17736774.0,45872356.757,000688.SH
20240131,000688.SH,693.8467,699.6704,681.3837,684.8518,684.8518,18790544.0,46792282.544,000688.SH
20240130,000688.SH,720.1933,722.631,696.5635,697.8454,697.8454,15184450.0,41612056.661,000688.SH
20240129,000688.SH,748.2643,754.5865,725.3074,725.3074,725.3074,18099305.0,47533302.5,000688.SH
20240126,000688.SH,759.9374,762.1842,742.9311,746.0958,746.0958,15653146.0,44413803.9,000688.SH
20240125,000688.SH,749.1329,768.0234,742.932,765.7908,765.7908,18867797.0,51522101.0,000688.SH
20240124,000688.SH,753.0097,754.2197,728.3654,750.2748,750.2748,16456236.0,46725962.7,000688.SH
20240123,000688.SH,738.3826,754.649,733.4793,749.7431,749.7431,16124075.0,46270919.2,000688.SH
20240122,000688.SH,763.6012,764.6242,735.4063,742.2271,742.2271,17115759.0,49925569.2,000688.SH
20240119,000688.SH,767.2392,773.1497,762.2642,765.4702,765.4702,12880392.0,40209639.9,000688.SH
20240118,000688.SH,752.2862,769.1193,741.3381,768.2821,768.2821,17344119.0,51152319.4,000688.SH
20240117,000688.SH,775.8641,776.226,757.0449,757.0449,757.0449,11754122.0,37491845.4,000688.SH
20240116,000688.SH,771.8404,777.53,765.4271,777.4032,777.4032,13152859.0,41839701.6,000688.SH
20240115,000688.SH,774.9573,784.1906,770.9793,773.4051,773.4051,12190529.0,41242676.4,000688.SH
20240112,000688.SH,788.0254,790.3773,778.1067,778.3583,778.3583,13106491.0,41960115.0,000688.SH
20240111,000688.SH,775.3721,793.1363,775.1849,789.864,789.864,13547240.0,44546851.9,000688.SH
20240110,000688.SH,779.08,790.3581,771.5837,777.1526,777.1526,12740775.0,41242507.21,000688.SH
20240109,000688.SH,786.4801,793.5978,777.5601,782.9263,782.9263,13703054.0,44711059.436,000688.SH
20240108,000688.SH,802.895,804.5987,783.7367,784.4332,784.4332,13204224.0,41757658.981,000688.SH
20240105,000688.SH,820.3966,825.9385,803.4009,807.7294,807.7294,13831363.0,45426509.995,000688.SH
20240104,000688.SH,831.2304,831.5542,817.7469,823.8475,823.8475,12465895.0,42807367.5,000688.SH
20240103,000688.SH,838.3022,842.1976,827.1787,829.7721,829.7721,14285605.0,50256538.423,000688.SH
20240102,000688.SH,850.9687,850.9687,839.8012,839.8012,839.8012,15138040.0,51299035.195,000688.SH
20231229,000688.SH,849.611,854.8785,848.3257,852.0047,852.0047,17181516.0,58228339.811,000688.SH
20231228,000688.SH,828.4013,853.4909,828.3423,850.3851,850.3851,17920884.0,58015104.32,000688.SH
20231227,000688.SH,826.8309,833.8106,826.165,830.0574,830.0574,12035678.0,41133739.403,000688.SH
20231226,000688.SH,836.5314,836.6613,822.4352,825.2578,825.2578,11693280.0,39113936.991,000688.SH
20231225,000688.SH,840.3789,845.5627,834.4294,837.2221,837.2221,11853019.0,40991522.647,000688.SH
20231222,000688.SH,846.6663,851.479,839.7871,843.3183,843.3183,14511892.0,47822787.226,000688.SH
20231221,000688.SH,832.3701,850.993,831.9265,847.8169,847.8169,14325569.0,47125391.991,000688.SH
20231220,000688.SH,847.2721,847.5884,835.3058,835.7127,835.7127,12112031.0,40050633.338,000688.SH
20231219,000688.SH,839.6436,850.4069,838.2057,845.8585,845.8585,12152471.0,40580504.388,000688.SH
20231218,000688.SH,845.5383,847.5862,838.3173,840.6807,840.6807,12609513.0,42225498.75,000688.SH
20231215,000688.SH,857.0101,859.2501,846.823,847.507,847.507,12939167.0,44681226.996,000688.SH
20231214,000688.SH,865.0919,869.2943,855.4293,855.8981,855.8981,13153971.0,47653504.729,000688.SH
20231213,000688.SH,868.8664,875.1919,861.0318,861.2509,861.2509,14566895.0,53321368.117,000688.SH
20231212,000688.SH,876.6896,877.8266,866.8407,869.9667,869.9667,15631617.0,57226812.693,000688.SH
20231211,000688.SH,859.9741,880.0279,854.805,878.5159,878.5159,20641230.0,72770196.593,000688.SH
20231208,000688.SH,849.1607,868.2335,847.9267,868.2335,868.2335,24478442.0,94208682.251,000688.SH
20231207,000688.SH,847.102,850.0813,839.0318,847.4761,847.4761,17385923.0,64466064.943,000688.SH
20231206,000688.SH,843.8152,852.3061,842.5904,848.7905,848.7905,15882736.0,55914808.939,000688.SH
20231205,000688.SH,859.4851,859.4851,845.6048,845.7994,845.7994,15218409.0,53166198.1,000688.SH
20231204,000688.SH,867.834,873.5092,861.9198,861.9198,861.9198,16454691.0,59449573.231,000688.SH
20231201,000688.SH,863.3343,869.8201,856.4403,867.5364,867.5364,15860366.0,55550963.476,000688.SH
20231130,000688.SH,861.51,865.6845,857.6322,865.6845,865.6845,16189968.0,54908404.367,000688.SH
20231129,000688.SH,870.4,872.8965,862.0363,862.0363,862.0363,16363503.0,58283069.949,000688.SH
20231128,000688.SH,868.8115,873.656,863.8138,871.9061,871.9061,16621707.0,56020308.991,000688.SH
20231127,000688.SH,864.2671,869.8663,861.384,868.0296,868.0296,16634920.0,56784293.267,000688.SH
20231124,000688.SH,875.5802,876.2576,863.8495,864.7739,864.7739,14603206.0,49262059.673,000688.SH
20231123,000688.SH,869.8532,878.451,866.6299,877.7703,877.7703,15187726.0,49653211.27,000688.SH
20231122,000688.SH,881.9566,884.7083,870.7602,870.7602,870.7602,16915590.0,55664319.782,000688.SH
20231121,000688.SH,892.9197,896.9596,884.5996,884.8949,884.8949,19630210.0,66923767.634,000688.SH
20231120,000688.SH,890.8977,896.0735,883.0271,892.631,892.631,21501083.0,75556514.249,000688.SH
20231117,000688.SH,886.673,891.9482,884.5137,891.3803,891.3803,18134883.0,60121508.231,000688.SH
20231116,000688.SH,898.7438,900.1495,886.7666,887.1105,887.1105,18718815.0,62487615.877,000688.SH
20231115,000688.SH,912.6266,913.1959,900.6181,902.1802,902.1802,22918258.0,78400202.045,000688.SH
20231114,000688.SH,895.8138,904.7117,893.2805,904.3413,904.3413,21101284.0,71383848.694,000688.SH
20231113,000688.SH,893.5003,897.11,888.5499,896.5513,896.5513,17875503.0,60665813.518,000688.SH
20231110,000688.SH,888.9868,894.6326,885.2974,889.7498,889.7498,16883019.0,59495469.69,000688.SH
20231109,000688.SH,897.9307,904.5864,891.4902,893.7984,893.7984,20711730.0,67535789.57,000688.SH
20231108,000688.SH,890.8733,905.9381,889.8892,899.6255,899.6255,22146826.0,77396456.006,000688.SH
20231107,000688.SH,887.2043,892.9885,883.7522,891.456,891.456,19798147.0,69716348.463,000688.SH
20231106,000688.SH,880.603,891.5645,880.603,890.2065,890.2065,22588830.0,78633613.197,000688.SH
20231103,000688.SH,861.5448,877.0862,861.5448,875.3725,875.3725,17361652.0,59698607.963,000688.SH
20231102,000688.SH,871.5508,875.2649,859.8892,859.9318,859.9318,14696377.0,49198119.706,000688.SH
20231101,000688.SH,874.0396,878.3267,868.4489,869.9184,869.9184,16086212.0,54896205.468,000688.SH
20231031,000688.SH,882.4265,882.5592,869.0197,874.4056,874.4056,20324141.0,66543154.324,000688.SH
20231030,000688.SH,862.1168,881.8794,860.402,878.1287,878.1287,24262162.0,83269625.851,000688.SH
20231027,000688.SH,843.8765,866.5435,842.5992,861.8515,861.8515,19976172.0,65500325.153,000688.SH
20231026,000688.SH,841.9871,850.9947,837.468,849.3091,849.3091,15464978.0,50289356.909,000688.SH
20231025,000688.SH,859.765,862.2045,848.6462,848.6462,848.6462,15689852.0,52342580.449,000688.SH
20231024,000688.SH,844.085,858.2946,839.0805,850.6142,850.6142,15420049.0,52744225.878,000688.SH
20231023,000688.SH,857.4821,859.9884,836.6401,840.1434,840.1434,15304396.0,50846721.649,000688.SH
20231020,000688.SH,865.7751,872.7992,861.0837,861.8093,861.8093,15319707.0,54246922.284,000688.SH
20231019,000688.SH,864.4591,879.5542,864.0585,870.1011,870.1011,16604081.0,58463263.225,000688.SH
20231018,000688.SH,884.7064,884.9287,869.448,869.7616,869.7616,14009232.0,49971189.342,000688.SH
20231017,000688.SH,874.282,884.9121,871.7941,882.1911,882.1911,14405849.0,47364525.19,000688.SH
20231016,000688.SH,890.4828,890.942,870.6073,874.0259,874.0259,16909757.0,55207431.181,000688.SH
20231013,000688.SH,895.4675,897.151,888.5398,891.7201,891.7201,16365379.0,53521875.85,000688.SH
20231012,000688.SH,896.0022,901.4727,891.1662,899.984,899.984,16006127.0,56574939.913,000688.SH
20231011,000688.SH,885.6277,895.1551,883.656,893.4484,893.4484,17694937.0,60569823.848,000688.SH
20231010,000688.SH,888.1459,892.4769,881.8362,882.0437,882.0437,14728131.0,48711873.863,000688.SH
20231009,000688.SH,884.2036,890.9539,880.3388,887.2116,887.2116,14532703.0,48920931.817,000688.SH
20230928,000688.SH,880.3943,890.0735,878.5871,887.7997,887.7997,14657804.0,50815144.562,000688.SH
20230927,000688.SH,875.4349,886.6707,875.4349,880.17,880.17,15841409.0,52175529.859,000688.SH
20230926,000688.SH,876.2581,884.0215,873.9835,876.051,876.051,14088806.0,48004383.433,000688.SH
20230925,000688.SH,880.3172,881.6997,874.205,874.5545,874.5545,15043259.0,48847701.849,000688.SH
20230922,000688.SH,860.7277,883.2572,859.0872,882.8781,882.8781,15168082.0,51202088.302,000688.SH
20230921,000688.SH,862.6379,869.8602,860.3113,860.3941,860.3941,10756565.0,34167406.689,000688.SH
20230920,000688.SH,870.032,876.9029,865.7926,866.0227,866.0227,11526322.0,36777826.734,000688.SH
20230919,000688.SH,879.3453,880.2619,870.6621,873.6178,873.6178,12530683.0,41605737.979,000688.SH
20230918,000688.SH,881.3829,888.6801,876.9104,879.5336,879.5336,14389660.0,48388335.384,000688.SH
20230915,000688.SH,883.0739,893.9109,876.6237,887.0132,887.0132,15945029.0,53692598.058,000688.SH
20230914,000688.SH,888.2602,892.7922,877.8223,880.8019,880.8019,13108085.0,43523773.358,000688.SH
20230913,000688.SH,900.0035,902.5219,882.911,889.1316,889.1316,15290497.0,50077710.476,000688.SH
20230912,000688.SH,905.9151,909.839,901.38,901.6221,901.6221,15686209.0,52651460.645,000688.SH
20230911,000688.SH,901.5418,915.9892,895.6224,907.505,907.505,20968300.0,69278651.695,000688.SH
20230908,000688.SH,895.5038,906.3371,894.3994,901.5063,901.5063,17510457.0,58216341.512,000688.SH
20230907,000688.SH,929.3581,929.3581,899.2969,899.8284,899.8284,17950120.0,63522799.298,000688.SH
20230906,000688.SH,926.25,936.8839,920.2453,934.6043,934.6043,18227324.0,66686482.97,000688.SH
20230905,000688.SH,942.5562,947.9514,929.2516,930.6288,930.6288,17212030.0,63083342.767,000688.SH
20230904,000688.SH,935.8206,942.4528,927.58,942.4276,942.4276,18012264.0,62949000.943,000688.SH
20230901,000688.SH,944.2507,945.7243,927.2084,934.7868,934.7868,17556889.0,61217259.033,000688.SH
20230831,000688.SH,936.1949,949.4645,932.3352,942.6126,942.6126,23925719.0,80642216.164,000688.SH
20230830,000688.SH,935.818,950.6977,928.4236,939.6481,939.6481,27726785.0,91282953.027,000688.SH
20230829,000688.SH,878.7799,920.5417,878.7799,916.4552,916.4552,23830685.0,77816833.57,000688.SH
20230828,000688.SH,925.9997,927.6328,878.2617,880.1914,880.1914,20051901.0,66689864.622,000688.SH
20230825,000688.SH,880.1672,882.4416,865.0887,870.3988,870.3988,15625560.0,49567131.959,000688.SH
20230824,000688.SH,883.7991,895.9134,880.0304,885.4764,885.4764,14458614.0,47154854.216,000688.SH
20230823,000688.SH,899.9612,899.9612,879.459,879.459,879.459,12681585.0,41786236.083,000688.SH
20230822,000688.SH,896.7445,903.7842,877.624,901.1284,901.1284,15881399.0,53800963.822,000688.SH
20230821,000688.SH,900.2241,907.6046,891.7448,892.0926,892.0926,13615262.0,44318666.456,000688.SH
20230818,000688.SH,924.2961,924.2961,904.2485,904.2485,904.2485,16818811.0,54330557.386,000688.SH
20230817,000688.SH,899.7992,913.8459,896.4352,910.3778,910.3778,13304289.0,46633893.31,000688.SH
20230816,000688.SH,916.5863,920.353,901.6783,901.7867,901.7867,12645853.0,44632967.299,000688.SH
20230815,000688.SH,933.0566,935.0059,911.5907,917.4499,917.4499,14348806.0,46272071.767,000688.SH
20230814,000688.SH,932.0922,934.2513,919.9442,930.4952,930.4952,12250489.0,43659133.614,000688.SH
20230811,000688.SH,960.0953,960.6452,938.7652,938.7652,938.7652,11783185.0,42513961.046,000688.SH
20230810,000688.SH,957.2175,961.8582,954.4172,959.1699,959.1699,10619882.0,41773777.909,000688.SH
20230809,000688.SH,961.5034,966.7032,956.4007,957.3687,957.3687,11707097.0,44714813.16,000688.SH
20230808,000688.SH,967.4326,971.7249,965.0414,965.5321,965.5321,11723743.0,45735849.707,000688.SH
20230807,000688.SH,973.2893,977.411,967.1574,968.8975,968.8975,14225930.0,54452524.783,000688.SH
20230804,000688.SH,972.4839,976.9765,968.8195,975.7776,975.7776,13588524.0,51908722.126,000688.SH
20230803,000688.SH,962.5496,972.1585,962.0459,970.3727,970.3727,11962658.0,46198267.93,000688.SH
20230802,000688.SH,967.6864,973.3857,965.9867,968.4389,968.4389,12403790.0,50384998.428,000688.SH
20230801,000688.SH,969.405,971.5169,966.1281,969.6827,969.6827,13167740.0,51472017.0,000688.SH
20230731,000688.SH,961.6885,973.9006,961.6885,968.9941,968.9941,15253905.0,59277043.2,000688.SH
20230728,000688.SH,950.5145,963.005,948.2011,962.6446,962.6446,13856046.0,52912714.8,000688.SH
20230727,000688.SH,962.6089,964.6229,950.8089,952.2956,952.2956,12473734.0,47454831.182,000688.SH
20230726,000688.SH,963.554,967.6652,959.3198,961.5966,961.5966,12189232.0,48745037.7,000688.SH
20230725,000688.SH,961.5218,965.6948,956.3666,964.396,964.396,13204061.0,51279640.061,000688.SH
20230724,000688.SH,953.9648,961.3984,949.6377,950.5518,950.5518,11588354.0,44365973.032,000688.SH
20230721,000688.SH,958.8863,963.9687,953.9349,955.5486,955.5486,12792754.0,48045112.871,000688.SH
20230720,000688.SH,978.3844,978.6347,960.2906,961.1299,961.1299,14404593.0,52725932.419,000688.SH
20230719,000688.SH,986.9975,988.5474,973.3371,975.1149,975.1149,12939210.0,54719448.12,000688.SH
20230718,000688.SH,985.2441,987.7106,980.0185,980.0185,980.0185,14128257.0,56962134.355,000688.SH
20230717,000688.SH,988.8807,988.8807,982.0462,984.8212,984.8212,14046030.0,56196970.381,000688.SH
20230714,000688.SH,999.7892,1002.8154,990.6153,991.5585,991.5585,16804282.0,68045978.926,000688.SH
20230713,000688.SH,988.6965,997.7016,988.5887,995.9726,995.9726,15896275.0,64678820.343,000688.SH
20230712,000688.SH,999.2363,1000.0103,984.0349,984.9811,984.9811,16631197.0,67191093.861,000688.SH
20230711,000688.SH,996.5586,1003.221,994.2616,1001.414,1001.414,15145939.0,61331463.358,000688.SH
20230710,000688.SH,992.7442,1001.0328,990.2509,993.731,993.731,14149016.0,54344824.343,000688.SH
20230707,000688.SH,1001.0157,1002.446,989.6632,991.8494,991.8494,15591017.0,60289675.764,000688.SH
20230706,000688.SH,1004.6671,1012.8474,1001.37,1002.1114,1002.1114,15231644.0,64287377.294,000688.SH
20230705,000688.SH,1013.3792,1016.8085,1004.5412,1005.7314,1005.7314,17758381.0,69501065.885,000688.SH
20230704,000688.SH,1008.4331,1022.455,1004.1199,1015.3962,1015.3962,19590085.0,78168877.334,000688.SH
20230703,000688.SH,1006.5773,1013.1852,999.1626,1008.3988,1008.3988,20382267.0,85011402.543,000688.SH
20230630,000688.SH,999.1819,1009.0966,997.5367,1005.1498,1005.1498,18964358.0,75156526.81,000688.SH
20230629,000688.SH,1004.5434,1012.057,1001.4575,1001.4575,1001.4575,17583075.0,70478461.065,000688.SH
20230628,000688.SH,1017.0812,1019.6687,996.1373,1008.2186,1008.2186,18586625.0,73973362.273,000688.SH
20230627,000688.SH,1011.0821,1018.8955,1006.7875,1011.3515,1011.3515,17787955.0,66973507.617,000688.SH
20230626,000688.SH,1011.1484,1029.9437,1006.3542,1010.3139,1010.3139,19884217.0,78401880.377,000688.SH
20230621,000688.SH,1050.1242,1051.0235,1020.1422,1020.2214,1020.2214,21023428.0,86510625.593,000688.SH
20230620,000688.SH,1054.5106,1058.6038,1043.4967,1055.412,1055.412,23794637.0,98210003.771,000688.SH
20230619,000688.SH,1053.3425,1059.9784,1044.9751,1055.4541,1055.4541,23703244.0,97506851.878,000688.SH
20230616,000688.SH,1034.4248,1055.0788,1032.3141,1052.883,1052.883,21132829.0,85733406.883,000688.SH
20230615,000688.SH,1036.3109,1038.7231,1029.7398,1033.8503,1033.8503,21223890.0,86008114.35,000688.SH
20230614,000688.SH,1038.8898,1040.3339,1031.0687,1035.3136,1035.3136,19049046.0,76346612.742,000688.SH
20230613,000688.SH,1025.21,1043.9612,1021.2667,1039.4627,1039.4627,18988534.0,76481117.521,000688.SH
20230612,000688.SH,1030.2582,1032.0937,1022.403,1026.6391,1026.6391,20110923.0,79144447.058,000688.SH
20230609,000688.SH,1008.9027,1032.551,1003.3235,1032.551,1032.551,24684305.0,92922139.215,000688.SH
20230608,000688.SH,1012.656,1014.5674,1001.7524,1007.1198,1007.1198,17727474.0,67639673.481,000688.SH
20230607,000688.SH,1023.9501,1026.4648,1015.3388,1019.0506,1019.0506,15778532.0,63693249.071,000688.SH
20230606,000688.SH,1047.9186,1048.2956,1021.0021,1022.9844,1022.9844,18426402.0,74379922.945,000688.SH
20230605,000688.SH,1063.1494,1068.298,1049.4464,1051.7336,1051.7336,17502161.0,73780939.362,000688.SH
20230602,000688.SH,1055.9483,1059.2489,1047.3682,1053.2906,1053.2906,18112868.0,72564650.445,000688.SH
20230601,000688.SH,1048.9542,1067.2286,1044.979,1053.549,1053.549,20426297.0,81363288.116,000688.SH
20230531,000688.SH,1040.3387,1053.9095,1037.6277,1053.9095,1053.9095,18804422.0,77601945.793,000688.SH
20230530,000688.SH,1025.8257,1047.4726,1022.1507,1044.4253,1044.4253,17457968.0,69227145.676,000688.SH
20230529,000688.SH,1041.27,1047.3601,1026.826,1028.3796,1028.3796,18659870.0,78556835.786,000688.SH
20230526,000688.SH,1023.8581,1040.6728,1022.1115,1038.6612,1038.6612,15634356.0,65742723.946,000688.SH
20230525,000688.SH,1016.9164,1023.4249,1006.7905,1021.7194,1021.7194,16642805.0,66550871.801,000688.SH
20230524,000688.SH,1011.1241,1024.0659,1006.7144,1011.7735,1011.7735,17253064.0,66555091.732,000688.SH
20230523,000688.SH,1029.1436,1029.3268,1016.1058,1016.1058,1016.1058,15240431.0,56630553.798,000688.SH
20230522,000688.SH,1040.8291,1048.4735,1027.441,1032.1118,1032.1118,16554774.0,63112310.423,000688.SH
20230519,000688.SH,1040.3461,1048.9048,1036.9679,1040.1612,1040.1612,20303218.0,78787510.283,000688.SH
20230518,000688.SH,1031.4041,1038.5154,1027.7566,1034.8222,1034.8222,19118822.0,71590896.833,000688.SH
20230517,000688.SH,1025.4468,1035.145,1024.182,1029.6495,1029.6495,16864851.0,60956850.977,000688.SH
20230516,000688.SH,1029.3297,1033.8183,1022.3382,1025.8656,1025.8656,17614131.0,64673406.126,000688.SH
20230515,000688.SH,1013.526,1025.9054,1006.2993,1025.7852,1025.7852,16836051.0,63962743.041,000688.SH
20230512,000688.SH,1028.3604,1036.8794,1014.0205,1014.1052,1014.1052,15956440.0,59112338.372,000688.SH
20230511,000688.SH,1035.1831,1042.3169,1025.5695,1025.971,1025.971,17588344.0,61442553.017,000688.SH
20230510,000688.SH,1031.129,1038.1062,1018.0784,1025.7059,1025.7059,22885687.0,71446868.978,000688.SH
20230509,000688.SH,1058.373,1063.0194,1034.1858,1034.2124,1034.2124,19030597.0,78166984.508,000688.SH
20230508,000688.SH,1050.0999,1063.8948,1046.2641,1057.2139,1057.2139,17974243.0,71848727.848,000688.SH
20230505,000688.SH,1062.6626,1067.4137,1047.0917,1049.0884,1049.0884,19637312.0,79294805.69,000688.SH
20230504,000688.SH,1077.8519,1082.8354,1060.3044,1064.2044,1064.2044,20084234.0,84227253.464,000688.SH
20230428,000688.SH,1060.7062,1089.7418,1060.7062,1087.8686,1087.8686,20603987.0,95217179.555,000688.SH
20230427,000688.SH,1063.5302,1082.031,1059.95,1068.0119,1068.0119,18987330.0,88951331.859,000688.SH
20230426,000688.SH,1072.6959,1085.9677,1060.1333,1069.0054,1069.0054,22745807.0,101368656.897,000688.SH
20230425,000688.SH,1095.9456,1102.386,1068.7178,1076.8646,1076.8646,22597602.0,101866667.944,000688.SH
20230424,000688.SH,1116.6656,1118.7652,1089.9618,1096.3774,1096.3774,23101640.0,101253179.263,000688.SH
20230421,000688.SH,1162.938,1167.5365,1116.8252,1116.8252,1116.8252,28650984.0,123461125.024,000688.SH
20230420,000688.SH,1134.9374,1165.6827,1134.9374,1164.9478,1164.9478,27229110.0,125797256.34,000688.SH
20230419,000688.SH,1131.7402,1151.6751,1127.7143,1134.4041,1134.4041,20114570.0,104122564.522,000688.SH
20230418,000688.SH,1130.8127,1137.8301,1114.8347,1129.8171,1129.8171,19347408.0,96219153.369,000688.SH
20230417,000688.SH,1134.0507,1151.3983,1134.0507,1140.1303,1140.1303,22116216.0,106058779.471,000688.SH
20230414,000688.SH,1107.6247,1137.9521,1095.9566,1136.2134,1136.2134,23625575.0,116304145.252,000688.SH
20230413,000688.SH,1122.3706,1124.7093,1098.1183,1100.1259,1100.1259,21642002.0,104596744.966,000688.SH
20230412,000688.SH,1118.1286,1139.0881,1112.4454,1129.4062,1129.4062,21288229.0,107404476.704,000688.SH
20230411,000688.SH,1132.2222,1138.6179,1109.2238,1121.7402,1121.7402,21302438.0,109725195.185,000688.SH
20230410,000688.SH,1164.9829,1171.3049,1126.0469,1129.1723,1129.1723,26075743.0,132660481.893,000688.SH
20230407,000688.SH,1149.536,1162.5715,1141.8277,1161.0214,1161.0214,22424695.0,112598687.63,000688.SH
20230406,000688.SH,1127.0315,1165.3352,1127.0315,1146.9642,1146.9642,26538856.0,137333131.257,000688.SH
20230404,000688.SH,1122.383,1147.7318,1115.7391,1129.0844,1129.0844,26905799.0,133820017.384,000688.SH
20230403,000688.SH,1093.0751,1128.2317,1090.7461,1126.4885,1126.4885,22345749.0,112681541.727,000688.SH
20230331,000688.SH,1063.2879,1083.1624,1059.3604,1081.5406,1081.5406,16056229.0,79942699.628,000688.SH
20230330,000688.SH,1065.3871,1070.1058,1053.5267,1065.6902,1065.6902,16252582.0,78790289.031,000688.SH
20230329,000688.SH,1039.7949,1076.0582,1035.6779,1062.1362,1062.1362,18078374.0,87270623.688,000688.SH
20230328,000688.SH,1059.6662,1065.9492,1037.0076,1038.6252,1038.6252,17470067.0,79848094.051,000688.SH
20230327,000688.SH,1057.1723,1070.1846,1044.7016,1057.4871,1057.4871,20895865.0,95171918.032,000688.SH
20230324,000688.SH,1058.1192,1064.1248,1051.0479,1060.9865,1060.9865,20005305.0,91345727.61,000688.SH
20230323,000688.SH,1030.4658,1058.9879,1030.4658,1058.9879,1058.9879,20085463.0,92513367.157,000688.SH
20230322,000688.SH,1031.6142,1039.1577,1028.3053,1034.0494,1034.0494,17059582.0,75836218.612,000688.SH
20230321,000688.SH,1024.5325,1030.1859,1020.5172,1030.1859,1030.1859,15983189.0,68357468.91,000688.SH
20230320,000688.SH,1016.2287,1035.278,1012.451,1025.3214,1025.3214,20209621.0,88801513.312,000688.SH
20230317,000688.SH,1002.3656,1021.8344,995.0794,1015.7576,1015.7576,19707246.0,83230830.954,000688.SH
20230316,000688.SH,1001.5166,1010.2789,990.1628,992.4352,992.4352,16082071.0,62856063.103,000688.SH
20230315,000688.SH,1016.1778,1027.1658,1007.1799,1007.3043,1007.3043,17202626.0,69700214.429,000688.SH
20230314,000688.SH,997.7704,1017.693,989.3317,1013.3904,1013.3904,18844123.0,74141319.517,000688.SH
20230313,000688.SH,992.9416,1000.0178,991.1574,998.9069,998.9069,15444107.0,59463126.921,000688.SH
20230310,000688.SH,990.8994,1003.8865,987.4988,993.5522,993.5522,15658157.0,61260192.998,000688.SH
20230309,000688.SH,996.5634,1003.1974,992.2082,998.3033,998.3033,14563629.0,59155878.336,000688.SH
20230308,000688.SH,989.707,996.8059,987.9691,994.8858,994.8858,13918512.0,51460668.801,000688.SH
20230307,000688.SH,1005.6193,1008.0787,990.2126,990.575,990.575,16561087.0,58853540.435,000688.SH
20230306,000688.SH,999.7237,1011.0346,991.6618,1007.6347,1007.6347,16894733.0,67507755.741,000688.SH
20230303,000688.SH,996.0998,1002.4766,990.2691,998.9005,998.9005,15729559.0,59048269.474,000688.SH
20230302,000688.SH,994.5436,997.4647,987.9103,988.8943,988.8943,16987362.0,60486332.441,000688.SH
20230301,000688.SH,989.1076,998.0649,984.5922,994.634,994.634,16923481.0,59409788.693,000688.SH
20230228,000688.SH,991.4395,994.7261,980.1039,990.4668,990.4668,13030246.0,52437860.132,000688.SH
20230227,000688.SH,988.1077,996.1181,983.9222,986.2821,986.2821,13105651.0,51998040.873,000688.SH
20230224,000688.SH,996.0282,999.7993,988.331,990.6316,990.6316,10365102.0,45187501.766,000688.SH
20230223,000688.SH,988.1959,997.764,988.1959,992.4615,992.4615,11555135.0,48375296.835,000688.SH
20230222,000688.SH,988.7885,993.5206,987.2775,989.6532,989.6532,11471029.0,46779732.329,000688.SH
20230221,000688.SH,997.5542,1003.1806,989.9805,995.7253,995.7253,12560806.0,52558324.07,000688.SH
20230220,000688.SH,985.1131,999.9753,979.8278,998.8316,998.8316,12940704.0,54599234.284,000688.SH
20230217,000688.SH,1002.082,1005.3773,986.3345,986.3345,986.3345,13315050.0,56090801.829,000688.SH
20230216,000688.SH,1024.1207,1030.427,998.9589,1005.18,1005.18,18716012.0,75322335.239,000688.SH
20230215,000688.SH,1022.7935,1026.2007,1016.2463,1024.2168,1024.2168,14513134.0,63242881.08,000688.SH
20230214,000688.SH,1026.4502,1032.5889,1016.928,1022.6687,1022.6687,13336025.0,58720169.638,000688.SH
20230213,000688.SH,1020.5503,1031.4729,1017.5878,1024.0363,1024.0363,14680015.0,66450342.88,000688.SH
20230210,000688.SH,1034.2179,1038.6002,1018.7612,1024.538,1024.538,15500931.0,66056252.509,000688.SH
20230209,000688.SH,1007.839,1037.7034,1004.6711,1036.8609,1036.8609,15250329.0,66019205.235,000688.SH
20230208,000688.SH,1021.1612,1026.2165,1010.6939,1010.6939,1010.6939,12411983.0,52605683.858,000688.SH
20230207,000688.SH,1024.2366,1027.7606,1014.4841,1020.1661,1020.1661,13468151.0,58821993.748,000688.SH
20230206,000688.SH,1031.9175,1038.2737,1020.8148,1024.4263,1024.4263,13472147.0,59600662.11,000688.SH
20230203,000688.SH,1029.1179,1034.2606,1016.9074,1033.8698,1033.8698,13436468.0,57900360.865,000688.SH
20230202,000688.SH,1030.3347,1041.2432,1028.3707,1031.6796,1031.6796,15089642.0,67219065.122,000688.SH
20230201,000688.SH,1016.3108,1026.8686,1010.4001,1026.3979,1026.3979,13265177.0,59104192.243,000688.SH
20230131,000688.SH,1027.8189,1029.6248,1014.1267,1014.3578,1014.3578,11950707.0,54352162.179,000688.SH
20230130,000688.SH,1046.437,1051.6741,1031.3578,1031.6097,1031.6097,14771562.0,65873911.371,000688.SH
20230120,000688.SH,1025.0044,1034.5853,1024.1561,1029.135,1029.135,9878585.0,45914395.843,000688.SH
20230119,000688.SH,1004.7854,1023.707,1004.0824,1023.6512,1023.6512,10429025.0,47849458.727,000688.SH
20230118,000688.SH,1006.688,1009.8746,1001.7536,1006.7455,1006.7455,9384388.0,40107877.79,000688.SH
20230117,000688.SH,994.6421,1006.5856,993.4538,1003.6765,1003.6765,10530097.0,49292823.529,000688.SH
20230116,000688.SH,972.7034,1000.2674,971.9038,992.6127,992.6127,13295506.0,60220009.142,000688.SH
20230113,000688.SH,976.5797,977.0551,967.1122,974.3118,974.3118,9132180.0,41421090.096,000688.SH
20230112,000688.SH,978.3612,979.3554,971.4967,974.1936,974.1936,9156746.0,40898126.107,000688.SH
20230111,000688.SH,990.1451,993.4742,973.5585,973.9615,973.9615,9935611.0,45956907.726,000688.SH
20230110,000688.SH,989.8491,998.1597,985.2184,990.3153,990.3153,9545891.0,43450196.099,000688.SH
20230109,000688.SH,994.7397,1000.0673,986.165,988.6687,988.6687,10381752.0,47866647.75,000688.SH
20230106,000688.SH,985.9934,1003.045,984.0247,991.0952,991.0952,11444622.0,51540933.418,000688.SH
20230105,000688.SH,972.606,985.8163,969.318,983.5198,983.5198,10431918.0,46691753.363,000688.SH
20230104,000688.SH,982.0256,983.8397,966.2852,972.3783,972.3783,9969593.0,43347499.596,000688.SH
20230103,000688.SH,960.5094,982.239,956.7036,979.9129,979.9129,11260680.0,47137521.002,000688.SH
20221230,000688.SH,963.2943,971.0402,958.9907,959.9046,959.9046,7869400.0,33026097.666,000688.SH
20221229,000688.SH,956.0978,970.5716,954.7399,962.253,962.253,8302554.0,34525922.752,000688.SH
20221228,000688.SH,960.3881,963.3555,955.4853,957.2743,957.2743,8731054.0,35621599.828,000688.SH
20221227,000688.SH,951.8563,965.4892,947.1695,963.1355,963.1355,9259026.0,40610306.696,000688.SH
20221226,000688.SH,920.7353,951.6596,920.5573,951.1103,951.1103,9612288.0,39871943.431,000688.SH
20221223,000688.SH,925.1412,930.0631,915.349,920.3509,920.3509,8693046.0,35106246.004,000688.SH
20221222,000688.SH,944.5731,946.0371,928.906,930.8046,930.8046,8129995.0,32608083.527,000688.SH
20221221,000688.SH,950.5609,954.6246,937.5198,940.8352,940.8352,7709576.0,30957798.937,000688.SH
20221220,000688.SH,955.0774,959.964,950.4724,952.7673,952.7673,8004557.0,32159831.457,000688.SH
20221219,000688.SH,973.5975,980.4682,954.0152,956.186,956.186,9767095.0,39036089.23,000688.SH
20221216,000688.SH,984.2514,985.8674,973.6985,978.3607,978.3607,10897108.0,43501229.348,000688.SH
20221215,000688.SH,985.1521,992.973,979.5261,989.1978,989.1978,9608035.0,42405129.052,000688.SH
20221214,000688.SH,1003.5662,1004.7414,983.0889,984.2187,984.2187,11259073.0,51369092.964,000688.SH
20221213,000688.SH,1002.5403,1004.2057,989.1815,989.3073,989.3073,11266264.0,49186628.594,000688.SH
20221212,000688.SH,1000.2894,1011.7622,996.2253,1004.6214,1004.6214,14016449.0,60996961.375,000688.SH
20221209,000688.SH,998.7387,1004.3595,992.6342,1001.6858,1001.6858,16837179.0,74626336.843,000688.SH
20221208,000688.SH,999.7483,1005.8809,995.8763,997.3145,997.3145,12358659.0,51482310.454,000688.SH
20221207,000688.SH,999.2776,1008.8471,996.9439,1000.4747,1000.4747,12105057.0,52188814.926,000688.SH
20221206,000688.SH,1003.3058,1014.3344,999.5221,1003.1362,1003.1362,13059792.0,58502177.375,000688.SH
20221205,000688.SH,1011.2806,1011.2868,999.4875,1003.6,1003.6,15041170.0,59767177.317,000688.SH
20221202,000688.SH,1005.6314,1021.397,1005.1581,1008.1447,1008.1447,12601183.0,54808409.028,000688.SH
20221201,000688.SH,1008.7068,1017.0063,1004.3183,1009.3322,1009.3322,13135534.0,60853587.407,000688.SH
20221130,000688.SH,999.613,1003.7303,991.4883,1000.2633,1000.2633,12195134.0,53338141.122,000688.SH
20221129,000688.SH,995.3404,1003.6113,988.0748,1002.4473,1002.4473,12619262.0,56866576.156,000688.SH
20221128,000688.SH,983.5944,997.8967,980.7551,992.8114,992.8114,11452162.0,46834647.654,000688.SH
20221125,000688.SH,1012.7972,1012.7972,999.8382,999.9884,999.9884,11343303.0,46271765.602,000688.SH
20221124,000688.SH,1019.1768,1024.2438,1013.4817,1015.3554,1015.3554,11487495.0,48954382.359,000688.SH
20221123,000688.SH,1014.7376,1021.9082,994.4958,1017.0158,1017.0158,14127160.0,57082924.596,000688.SH
20221122,000688.SH,1029.5031,1030.3664,1015.1416,1017.8215,1017.8215,14199148.0,57460488.427,000688.SH
20221121,000688.SH,1023.9005,1032.949,1020.0553,1032.4722,1032.4722,12221752.0,56253928.115,000688.SH
20221118,000688.SH,1039.8545,1045.9506,1030.7443,1031.9923,1031.9923,14299613.0,65644952.452,000688.SH
20221117,000688.SH,1029.3148,1041.7546,1015.0546,1041.6727,1041.6727,13408446.0,64055724.998,000688.SH
20221116,000688.SH,1052.4142,1054.3436,1034.2015,1036.4918,1036.4918,13316508.0,61449959.807,000688.SH
20221115,000688.SH,1022.0413,1054.3574,1021.1369,1052.0448,1052.0448,15939905.0,75640213.245,000688.SH
20221114,000688.SH,1021.4092,1031.705,1012.6723,1022.9133,1022.9133,13552908.0,63849567.797,000688.SH
20221111,000688.SH,1053.8593,1059.7601,1023.2649,1023.2649,1023.2649,17654333.0,79191793.65,000688.SH
20221110,000688.SH,1033.129,1044.7249,1021.1126,1023.064,1023.064,14736055.0,63967964.949,000688.SH
20221109,000688.SH,1049.721,1053.1397,1036.9543,1037.5267,1037.5267,11487172.0,53488849.933,000688.SH
20221108,000688.SH,1061.7123,1062.7181,1040.8652,1051.7093,1051.7093,12506547.0,60430996.553,000688.SH
20221107,000688.SH,1070.1446,1080.7915,1058.1283,1061.3507,1061.3507,15112128.0,74259240.384,000688.SH
20221104,000688.SH,1048.8909,1077.4898,1048.8909,1072.8704,1072.8704,15534409.0,79527009.859,000688.SH
20221103,000688.SH,1028.4327,1055.1169,1027.0384,1048.0697,1048.0697,14597022.0,76118262.392,000688.SH
20221102,000688.SH,1020.0743,1046.8232,1017.994,1037.1791,1037.1791,16917400.0,81747987.649,000688.SH
20221101,000688.SH,1011.964,1029.6428,1000.967,1024.5223,1024.5223,15026220.0,71564077.168,000688.SH
20221031,000688.SH,991.8868,1022.2345,991.8868,1010.3269,1010.3269,16546709.0,77376669.986,000688.SH
20221028,000688.SH,996.6119,1015.4204,989.227,993.7213,993.7213,14442282.0,70834060.609,000688.SH
20221027,000688.SH,1008.7056,1021.563,995.5518,1004.9093,1004.9093,15104565.0,72737466.132,000688.SH
20221026,000688.SH,972.4514,1010.9808,963.3635,1003.2544,1003.2544,14944917.0,71704252.473,000688.SH
20221025,000688.SH,962.9727,984.4785,955.5696,971.3335,971.3335,12032286.0,59056657.256,000688.SH
20221024,000688.SH,967.5646,989.6479,960.6231,969.4924,969.4924,13263780.0,62747445.198,000688.SH
20221021,000688.SH,961.4834,972.8111,951.6716,967.9801,967.9801,12339327.0,56998115.226,000688.SH
20221020,000688.SH,944.1612,976.7116,938.3342,963.9516,963.9516,13492214.0,65795802.736,000688.SH
20221019,000688.SH,957.7333,963.1105,949.4981,949.4981,949.4981,11824277.0,53369636.239,000688.SH
20221018,000688.SH,964.9702,968.1267,952.9945,959.9995,959.9995,13254453.0,59066105.579,000688.SH
20221017,000688.SH,948.6421,964.9481,946.9386,963.2239,963.2239,14404748.0,66314343.847,000688.SH
20221014,000688.SH,936.4215,961.5047,925.9315,954.9237,954.9237,13755285.0,62532097.94,000688.SH
20221013,000688.SH,917.3966,942.8684,916.3668,926.5203,926.5203,11210006.0,49018814.76,000688.SH
20221012,000688.SH,890.2856,926.191,871.453,924.9136,924.9136,10789074.0,47861035.456,000688.SH
20221011,000688.SH,898.3667,904.4706,889.4474,892.7394,892.7394,8002565.0,38268252.178,000688.SH
20221010,000688.SH,933.0209,934.9621,895.2032,897.335,897.335,9226559.0,44637059.938,000688.SH
20220930,000688.SH,956.4046,961.8853,937.8648,939.3763,939.3763,8064603.0,34938533.823,000688.SH
20220929,000688.SH,962.4481,970.1118,955.6069,961.4745,961.4745,8817168.0,39256418.263,000688.SH
20220928,000688.SH,973.4745,977.6638,955.32,956.1881,956.1881,9450678.0,38121212.441,000688.SH
20220927,000688.SH,963.488,976.4453,959.1965,976.4453,976.4453,10265123.0,42069804.778,000688.SH
20220926,000688.SH,955.0406,978.4942,952.1785,961.8284,961.8284,10879005.0,40592618.971,000688.SH
20220923,000688.SH,975.5775,984.1063,956.1147,960.9396,960.9396,9223295.0,41107569.94,000688.SH
20220922,000688.SH,964.959,986.4305,963.8883,975.8694,975.8694,8075362.0,37964851.581,000688.SH
20220921,000688.SH,980.621,983.7956,968.7099,970.3929,970.3929,8649923.0,37244799.736,000688.SH
20220920,000688.SH,982.3683,997.2182,977.2748,985.151,985.151,7670276.0,38547530.763,000688.SH
20220919,000688.SH,997.5257,1003.1509,970.8677,975.5474,975.5474,9222551.0,44995900.217,000688.SH
20220916,000688.SH,997.3582,1018.7151,997.3582,998.5182,998.5182,9295366.0,46181303.575,000688.SH
20220915,000688.SH,1035.7638,1037.6253,990.8531,1000.0806,1000.0806,11337668.0,55344205.425,000688.SH
20220914,000688.SH,1018.0741,1033.4533,1016.8725,1031.304,1031.304,8314302.0,42714101.319,000688.SH
20220913,000688.SH,1034.4973,1046.1828,1028.7725,1031.1702,1031.1702,8362207.0,42605921.665,000688.SH
20220909,000688.SH,1039.5877,1042.1106,1022.6771,1033.7843,1033.7843,8187492.0,44467574.053,000688.SH
20220908,000688.SH,1050.3194,1054.7385,1040.0483,1040.773,1040.773,9081518.0,44011257.25,000688.SH
20220907,000688.SH,1032.0248,1065.1669,1031.9045,1049.5791,1049.5791,10687587.0,54679963.502,000688.SH
20220906,000688.SH,1025.8577,1038.9673,1016.6465,1035.7838,1035.7838,9997951.0,49119091.6,000688.SH
20220905,000688.SH,1030.5956,1034.9501,1018.5572,1024.3926,1024.3926,10061240.0,49789709.327,000688.SH
20220902,000688.SH,1027.4676,1040.4563,1022.5826,1030.1201,1030.1201,9911829.0,49552633.275,000688.SH
20220901,000688.SH,1032.7751,1041.9187,1023.5414,1025.6604,1025.6604,10261082.0,49633953.224,000688.SH
20220831,000688.SH,1048.4009,1057.8354,1023.4726,1029.6563,1029.6563,11907422.0,57851109.21,000688.SH
20220830,000688.SH,1054.2557,1064.7623,1047.7292,1050.2819,1050.2819,9794386.0,48853062.1,000688.SH
20220829,000688.SH,1032.0404,1058.7185,1029.8875,1054.2848,1054.2848,10769680.0,54207045.503,000688.SH
20220826,000688.SH,1064.7114,1069.2639,1044.3969,1045.9939,1045.9939,11305675.0,55974923.072,000688.SH
20220825,000688.SH,1071.9812,1077.6644,1044.7723,1055.8892,1055.8892,12317057.0,56989517.679,000688.SH
20220824,000688.SH,1110.0066,1112.7455,1068.9833,1068.9833,1068.9833,14611786.0,67970770.501,000688.SH
20220823,000688.SH,1109.2525,1117.7146,1105.6814,1107.2996,1107.2996,12444586.0,61849888.665,000688.SH
20220822,000688.SH,1103.1526,1111.396,1096.9895,1107.2808,1107.2808,13588642.0,69538801.8,000688.SH
20220819,000688.SH,1146.3272,1155.7787,1108.1567,1108.4523,1108.4523,16589097.0,77789155.685,000688.SH
20220818,000688.SH,1132.6024,1148.3835,1129.3245,1146.6341,1146.6341,15236276.0,73948365.796,000688.SH
20220817,000688.SH,1136.8015,1140.6584,1127.8897,1132.3118,1132.3118,12724451.0,63741212.775,000688.SH
20220816,000688.SH,1143.7048,1154.4251,1134.2111,1137.3015,1137.3015,12572219.0,62751824.193,000688.SH
20220815,000688.SH,1145.0219,1155.451,1138.062,1143.7473,1143.7473,12172440.0,60283774.437,000688.SH
20220812,000688.SH,1169.6617,1174.4035,1146.019,1146.1911,1146.1911,14592381.0,70866061.256,000688.SH
20220811,000688.SH,1163.5388,1176.0599,1150.9825,1173.1444,1173.1444,14374724.0,70481101.15,000688.SH
20220810,000688.SH,1154.1743,1170.5173,1152.9685,1156.1562,1156.1562,14272798.0,70954179.064,000688.SH
20220809,000688.SH,1152.9139,1163.6975,1141.3422,1162.3201,1162.3201,14508790.0,70148670.438,000688.SH
20220808,000688.SH,1161.0428,1161.0428,1144.3155,1152.5774,1152.5774,16118744.0,79867487.234,000688.SH
20220805,000688.SH,1115.0157,1158.5128,1112.9196,1157.3329,1157.3329,18170966.0,85412062.999,000688.SH
20220804,000688.SH,1106.1511,1119.497,1099.1044,1110.9172,1110.9172,12893393.0,60576173.105,000688.SH
20220803,000688.SH,1099.4411,1127.0003,1090.6051,1100.3484,1100.3484,16086424.0,77772826.941,000688.SH
20220802,000688.SH,1084.9808,1107.2352,1074.9743,1094.9146,1094.9146,14710583.0,67156857.685,000688.SH
20220801,000688.SH,1081.6231,1100.9597,1068.1878,1100.1819,1100.1819,11774034.0,57619549.394,000688.SH
20220729,000688.SH,1113.0776,1113.3227,1086.7147,1088.9128,1088.9128,11999335.0,58274575.772,000688.SH
20220728,000688.SH,1102.4382,1116.163,1094.66,1108.7909,1108.7909,12965483.0,61601592.6,000688.SH
20220727,000688.SH,1083.6708,1098.3653,1083.3222,1095.6989,1095.6989,10781892.0,52157860.094,000688.SH
20220726,000688.SH,1072.544,1087.8579,1066.1313,1084.6572,1084.6572,9935264.0,46607282.955,000688.SH
20220725,000688.SH,1082.6173,1095.6934,1070.8119,1073.7608,1073.7608,10544993.0,50634308.408,000688.SH
20220722,000688.SH,1099.6229,1101.3702,1076.3539,1084.9742,1084.9742,11345458.0,52962940.478,000688.SH
20220721,000688.SH,1080.6465,1109.5402,1075.6716,1091.4068,1091.4068,11941082.0,57898834.982,000688.SH
20220720,000688.SH,1066.1994,1082.6178,1066.1994,1079.5267,1079.5267,10869764.0,47975805.93,000688.SH
20220719,000688.SH,1068.6931,1073.0641,1052.954,1061.853,1061.853,10769581.0,49932957.639,000688.SH
20220718,000688.SH,1075.7091,1078.3026,1053.3502,1069.3315,1069.3315,10702567.0,52866494.909,000688.SH
20220715,000688.SH,1072.9932,1093.8199,1071.9749,1072.2621,1072.2621,10002371.0,49883617.607,000688.SH
20220714,000688.SH,1052.431,1086.3263,1049.6468,1076.8066,1076.8066,10386484.0,51528964.771,000688.SH
20220713,000688.SH,1051.7777,1061.4114,1041.6502,1052.7914,1052.7914,8995422.0,46314541.669,000688.SH
20220712,000688.SH,1081.9019,1084.9442,1049.2119,1049.2412,1049.2412,9916930.0,50931144.409,000688.SH
20220711,000688.SH,1098.6654,1098.6654,1070.6564,1081.1633,1081.1633,9892558.0,50080649.455,000688.SH
20220708,000688.SH,1117.1828,1120.8705,1100.5455,1104.0217,1104.0217,10217150.0,52137364.883,000688.SH
20220707,000688.SH,1103.78,1113.7254,1087.593,1111.6734,1111.6734,10722936.0,55797320.317,000688.SH
20220706,000688.SH,1092.7005,1116.1385,1091.4134,1101.7487,1101.7487,11098901.0,55813604.565,000688.SH
20220705,000688.SH,1100.1778,1106.9889,1077.3476,1090.9295,1090.9295,10864734.0,53465378.704,000688.SH
20220704,000688.SH,1087.344,1098.6382,1073.0374,1095.0899,1095.0899,12158535.0,60451658.539,000688.SH
20220701,000688.SH,1105.9735,1107.8583,1086.2493,1089.0284,1089.0284,11272489.0,51632334.459,000688.SH
20220630,000688.SH,1092.4591,1116.9531,1090.4982,1105.6672,1105.6672,11699048.0,56981778.263,000688.SH
20220629,000688.SH,1112.5906,1121.2367,1089.2481,1090.6825,1090.6825,13435015.0,64007362.686,000688.SH
20220628,000688.SH,1105.1145,1119.1846,1084.5866,1117.284,1117.284,12493418.0,59065500.457,000688.SH
20220627,000688.SH,1113.2171,1121.4479,1101.317,1103.3992,1103.3992,11837409.0,58368299.304,000688.SH
20220624,000688.SH,1084.6086,1107.332,1084.6086,1101.4769,1101.4769,12574040.0,60920314.953,000688.SH
20220623,000688.SH,1064.731,1083.1024,1054.9114,1081.8437,1081.8437,11016481.0,51783724.674,000688.SH
20220622,000688.SH,1084.7111,1090.0236,1063.5897,1063.6899,1063.6899,10786063.0,50509220.158,000688.SH
20220621,000688.SH,1094.3283,1098.9015,1073.5046,1083.0207,1083.0207,10545015.0,48908016.628,000688.SH
20220620,000688.SH,1099.4648,1109.7435,1086.7545,1095.3284,1095.3284,10970631.0,53714442.705,000688.SH
20220617,000688.SH,1070.6175,1094.267,1066.1682,1092.0872,1092.0872,10617344.0,50000414.257,000688.SH
20220616,000688.SH,1065.69,1094.7025,1065.4434,1078.9465,1078.9465,10129777.0,45297339.619,000688.SH
20220615,000688.SH,1069.9379,1085.8778,1061.4614,1062.7133,1062.7133,11204511.0,47345744.076,000688.SH
20220614,000688.SH,1073.7477,1076.8211,1038.9973,1070.5371,1070.5371,11274084.0,50175254.79,000688.SH
20220613,000688.SH,1088.7597,1094.7905,1080.3858,1088.3772,1088.3772,11242662.0,50825746.065,000688.SH
20220610,000688.SH,1074.0719,1103.1454,1072.1815,1102.8486,1102.8486,12923596.0,59807403.165,000688.SH
20220609,000688.SH,1108.9307,1109.7339,1073.66,1081.1731,1081.1731,11377633.0,49277059.636,000688.SH
20220608,000688.SH,1108.594,1126.464,1091.6764,1111.6738,1111.6738,15056600.0,66838053.875,000688.SH
20220607,000688.SH,1124.162,1124.5225,1104.4332,1111.3951,1111.3951,16527788.0,63981168.506,000688.SH
20220606,000688.SH,1084.6559,1130.7569,1081.4477,1121.5373,1121.5373,22940399.0,86152862.531,000688.SH
20220602,000688.SH,1028.6856,1081.9235,1023.9882,1079.8543,1079.8543,19161110.0,65527463.07,000688.SH
20220601,000688.SH,1029.0909,1038.7025,1024.7637,1031.5833,1031.5833,13257484.0,48489690.654,000688.SH
20220531,000688.SH,1004.0805,1035.3156,991.7451,1035.3156,1035.3156,12296032.0,44653234.049,000688.SH
20220530,000688.SH,995.9564,1007.1244,984.2813,1001.5397,1001.5397,7110602.0,31716279.173,000688.SH
20220527,000688.SH,1008.0577,1015.4621,988.2122,993.6989,993.6989,6835761.0,29557921.283,000688.SH
20220526,000688.SH,1006.0996,1014.8498,986.4223,1004.2564,1004.2564,6793010.0,30087268.502,000688.SH
20220525,000688.SH,996.7532,1008.5834,991.9746,1006.5233,1006.5233,6407957.0,28654570.958,000688.SH
20220524,000688.SH,1045.0073,1045.0282,996.648,996.648,996.648,9146504.0,40634755.595,000688.SH
20220523,000688.SH,1044.1836,1050.0646,1033.7887,1046.1456,1046.1456,7552498.0,35743893.068,000688.SH
20220520,000688.SH,1045.6902,1049.038,1028.945,1045.3768,1045.3768,8060715.0,38339562.828,000688.SH
20220519,000688.SH,1002.6563,1036.6655,999.4038,1036.3409,1036.3409,7902840.0,35414716.281,000688.SH
20220518,000688.SH,1011.5258,1023.9293,1007.5721,1013.997,1013.997,6720129.0,30256742.092,000688.SH
20220517,000688.SH,995.9742,1013.9504,993.3804,1010.3701,1010.3701,7342573.0,33454328.1,000688.SH
20220516,000688.SH,1016.941,1025.6011,995.2484,996.5061,996.5061,7612821.0,31859903.2,000688.SH
20220513,000688.SH,1020.3921,1021.3733,1002.2742,1010.8038,1010.8038,6622283.0,30044975.1,000688.SH
20220512,000688.SH,999.5381,1021.9634,996.469,1013.0628,1013.0628,8131937.0,35773881.5,000688.SH
20220511,000688.SH,974.5371,1026.4892,972.8599,1002.456,1002.456,10648066.0,45957025.1,000688.SH
20220510,000688.SH,935.0587,983.6753,931.5821,972.1412,972.1412,8374513.0,36751721.896,000688.SH
20220509,000688.SH,938.3929,953.5994,937.4347,946.7246,946.7246,6765286.0,28141796.468,000688.SH
20220506,000688.SH,933.0104,960.0423,929.8231,942.2273,942.2273,7183487.0,30829293.647,000688.SH
20220505,000688.SH,944.5541,967.253,944.0617,956.1268,956.1268,8590368.0,37635407.717,000688.SH
20220429,000688.SH,910.1357,949.0618,902.5828,947.1508,947.1508,9738874.0,40114880.859,000688.SH
20220428,000688.SH,899.6609,908.4528,885.2511,903.0643,903.0643,8793258.0,35869711.522,000688.SH
20220427,000688.SH,857.3813,910.0714,853.2135,906.4327,906.4327,9287122.0,36178188.051,000688.SH
20220426,000688.SH,884.1803,901.7612,865.6522,868.0672,868.0672,8059534.0,31634771.487,000688.SH
20220425,000688.SH,924.9594,924.9594,884.3049,884.3049,884.3049,9136037.0,33579640.145,000688.SH
20220422,000688.SH,953.6411,959.7311,940.2646,942.0685,942.0685,6360020.0,29501742.216,000688.SH
20220421,000688.SH,968.4769,989.2479,954.8413,957.7174,957.7174,6865450.0,29289045.594,000688.SH
20220420,000688.SH,988.751,992.4669,973.0504,973.5102,973.5102,6078594.0,27981625.148,000688.SH
20220419,000688.SH,1002.9761,1010.5771,987.773,989.933,989.933,6158754.0,28189142.665,000688.SH
20220418,000688.SH,969.0595,1005.8905,964.4929,1004.6079,1004.6079,7087611.0,30602442.907,000688.SH
20220415,000688.SH,968.9073,980.147,955.7685,973.3632,973.3632,6724774.0,30706156.658,000688.SH
20220414,000688.SH,972.2369,982.7034,961.536,975.574,975.574,6624018.0,33156219.004,000688.SH
20220413,000688.SH,989.6626,989.6626,964.8323,964.8323,964.8323,5728478.0,26146132.139,000688.SH
20220412,000688.SH,987.451,994.8326,970.0519,994.4384,994.4384,6643485.0,30018158.616,000688.SH
20220411,000688.SH,1022.9117,1022.9117,985.5852,988.7613,988.7613,7376606.0,30848958.697,000688.SH
20220408,000688.SH,1032.8376,1039.0962,1017.1813,1027.2438,1027.2438,7185175.0,31345365.771,000688.SH
20220407,000688.SH,1050.4342,1059.3597,1036.0738,1036.0738,1036.0738,7199422.0,30482509.986,000688.SH
20220406,000688.SH,1087.7552,1087.7552,1054.6987,1058.4927,1058.4927,7593340.0,35342580.87,000688.SH
20220401,000688.SH,1085.3059,1095.4553,1074.7932,1089.1947,1089.1947,6563324.0,31147489.768,000688.SH
20220331,000688.SH,1109.553,1109.553,1086.9895,1091.0588,1091.0588,7493790.0,33701363.377,000688.SH
20220330,000688.SH,1084.7637,1112.6275,1084.7637,1112.5186,1112.5186,7382173.0,34920037.079,000688.SH
20220329,000688.SH,1097.3573,1099.2434,1078.3421,1079.933,1079.933,6966104.0,31442742.848,000688.SH
20220328,000688.SH,1097.8697,1101.3291,1085.2738,1090.7343,1090.7343,6734435.0,29905053.728,000688.SH
20220325,000688.SH,1137.7967,1140.9204,1106.3626,1106.8627,1106.8627,7338739.0,33573881.983,000688.SH
20220324,000688.SH,1135.8469,1141.7551,1121.6449,1134.57,1134.57,8134171.0,36435083.633,000688.SH
20220323,000688.SH,1138.7304,1150.2031,1130.2245,1144.0887,1144.0887,8990593.0,37533051.63,000688.SH
20220322,000688.SH,1145.082,1149.4688,1131.875,1134.3184,1134.3184,10100149.0,39676749.074,000688.SH
20220321,000688.SH,1143.5474,1160.7095,1137.8125,1152.3256,1152.3256,9242880.0,46531974.243,000688.SH
20220318,000688.SH,1136.9841,1144.3212,1124.8531,1144.3212,1144.3212,8593988.0,42491108.799,000688.SH
20220317,000688.SH,1144.9754,1163.5062,1138.0115,1142.713,1142.713,11980371.0,58802348.581,000688.SH
20220316,000688.SH,1115.8404,1128.1155,1070.7745,1125.4845,1125.4845,11589989.0,54132659.09,000688.SH
20220315,000688.SH,1115.1873,1142.81,1093.4328,1093.4328,1093.4328,10622022.0,49802723.254,000688.SH
20220314,000688.SH,1151.9658,1154.7026,1126.2614,1126.282,1126.282,8923501.0,49002009.517,000688.SH
20220311,000688.SH,1137.6069,1162.5962,1125.3437,1161.2101,1161.2101,10553236.0,52556982.618,000688.SH
20220310,000688.SH,1161.9879,1168.1394,1149.4154,1153.3575,1153.3575,10228939.0,50046955.57,000688.SH
20220309,000688.SH,1148.1814,1156.4004,1097.0722,1129.6471,1129.6471,10917419.0,48790637.558,000688.SH
20220308,000688.SH,1167.5937,1179.1959,1135.5194,1137.0749,1137.0749,9672312.0,47418263.838,000688.SH
20220307,000688.SH,1198.0119,1198.0119,1164.9814,1169.9825,1169.9825,8184385.0,41972092.269,000688.SH
20220304,000688.SH,1201.1241,1228.1876,1197.8335,1203.0891,1203.0891,7767776.0,39930472.638,000688.SH
20220303,000688.SH,1235.9584,1237.1979,1208.8194,1209.8187,1209.8187,7620905.0,39447162.344,000688.SH
20220302,000688.SH,1233.1042,1233.9161,1216.4668,1230.2782,1230.2782,7208667.0,36213535.916,000688.SH
20220301,000688.SH,1254.5696,1259.677,1232.0914,1239.019,1239.019,8568308.0,42394223.284,000688.SH
20220228,000688.SH,1243.9803,1249.5852,1230.6454,1249.5852,1249.5852,9812227.0,50069597.61,000688.SH
20220225,000688.SH,1231.5406,1253.4553,1230.6061,1240.8776,1240.8776,8620741.0,46247054.185,000688.SH
20220224,000688.SH,1226.9481,1240.3537,1199.0721,1214.9889,1214.9889,11331530.0,51365988.764,000688.SH
20220223,000688.SH,1182.4218,1233.4417,1181.4023,1231.077,1231.077,9068585.0,45910558.536,000688.SH
20220222,000688.SH,1184.835,1186.7833,1168.5652,1183.9818,1183.9818,7696765.0,34764818.367,000688.SH
20220221,000688.SH,1207.1474,1212.4942,1191.8391,1193.6012,1193.6012,7576727.0,32960332.337,000688.SH
20220218,000688.SH,1200.3428,1206.0129,1195.2398,1204.3705,1204.3705,6396948.0,29866344.015,000688.SH
20220217,000688.SH,1196.5983,1217.4702,1191.4463,1207.8211,1207.8211,7402910.0,34088935.467,000688.SH
20220216,000688.SH,1210.4158,1211.5529,1195.9717,1197.5615,1197.5615,7084265.0,32165254.606,000688.SH
20220215,000688.SH,1172.7707,1204.34,1171.6756,1203.1243,1203.1243,7440951.0,34578447.29,000688.SH
20220214,000688.SH,1161.8449,1179.8879,1148.7033,1169.4421,1169.4421,6205633.0,29024141.822,000688.SH
20220211,000688.SH,1182.8686,1188.5179,1168.9044,1169.5896,1169.5896,8975096.0,37864107.548,000688.SH
20220210,000688.SH,1214.9815,1215.2781,1182.3976,1188.1974,1188.1974,9020558.0,40602727.373,000688.SH
20220209,000688.SH,1204.241,1212.4495,1195.0854,1210.2863,1210.2863,8613441.0,36392738.612,000688.SH
20220208,000688.SH,1233.6572,1233.6572,1191.4926,1204.0542,1204.0542,8219262.0,34921999.307,000688.SH
20220207,000688.SH,1247.5846,1263.9658,1230.7044,1233.6183,1233.6183,8199670.0,33876596.597,000688.SH
20220128,000688.SH,1253.942,1255.1908,1229.2236,1229.2236,1229.2236,9061238.0,37089018.612,000688.SH
20220127,000688.SH,1274.6265,1280.2453,1239.4889,1240.5543,1240.5543,11187482.0,41994952.495,000688.SH
20220126,000688.SH,1281.5104,1289.4081,1261.9509,1276.3622,1276.3622,15139954.0,43889405.966,000688.SH
20220125,000688.SH,1303.93,1311.7283,1276.196,1277.0039,1277.0039,8234706.0,42025406.994,000688.SH
20220124,000688.SH,1286.1386,1311.5068,1285.0377,1307.7417,1307.7417,7030921.0,41625125.269,000688.SH
20220121,000688.SH,1304.1581,1308.4372,1288.7805,1290.4057,1290.4057,8648363.0,45936325.969,000688.SH
20220120,000688.SH,1326.6377,1329.8129,1304.6922,1306.023,1306.023,9122820.0,49500717.264,000688.SH
20220119,000688.SH,1340.7132,1343.3027,1318.3106,1324.0889,1324.0889,8753067.0,48702658.329,000688.SH
20220118,000688.SH,1340.414,1362.4779,1328.4021,1342.356,1342.356,11182558.0,62509376.314,000688.SH
20220117,000688.SH,1317.385,1341.1732,1313.6157,1338.3172,1338.3172,10462288.0,67043438.4,000688.SH
20220114,000688.SH,1289.3818,1316.3277,1288.8503,1312.2923,1312.2923,9975888.0,60827015.852,000688.SH
20220113,000688.SH,1319.1868,1319.1868,1294.6527,1294.6527,1294.6527,8251106.0,51538527.249,000688.SH
20220112,000688.SH,1298.6229,1317.523,1298.6229,1316.3531,1316.3531,8890363.0,54801854.442,000688.SH
20220111,000688.SH,1317.9239,1317.9274,1291.5074,1294.4038,1294.4038,8035785.0,48705084.901,000688.SH
20220110,000688.SH,1306.5973,1323.1549,1291.4089,1318.2665,1318.2665,8517367.0,49356827.246,000688.SH
20220107,000688.SH,1322.8916,1331.9148,1305.1409,1305.4918,1305.4918,9117416.0,48006858.049,000688.SH
20220106,000688.SH,1327.6967,1331.4326,1309.8973,1320.935,1320.935,7953740.0,45491782.4,000688.SH
20220105,000688.SH,1364.0143,1365.7661,1328.2901,1333.3348,1333.3348,9000497.0,51248062.399,000688.SH
20220104,000688.SH,1403.3937,1405.5148,1361.4322,1364.9894,1364.9894,9302562.0,53289175.337,000688.SH
20211231,000688.SH,1384.2783,1399.7538,1383.8355,1398.1941,1398.1941,7840208.0,46438686.183,000688.SH
20211230,000688.SH,1355.9678,1381.4354,1355.4075,1375.5602,1375.5602,7816841.0,44883693.416,000688.SH
20211229,000688.SH,1370.4936,1370.4936,1351.9984,1356.2141,1356.2141,6304036.0,36993070.189,000688.SH
20211228,000688.SH,1355.6539,1370.3113,1355.6539,1369.6193,1369.6193,6636276.0,38673312.16,000688.SH
20211227,000688.SH,1356.4098,1369.2119,1349.1108,1355.6358,1355.6358,6350202.0,37254102.355,000688.SH
20211224,000688.SH,1375.1782,1378.2987,1353.6535,1358.7302,1358.7302,7635981.0,43953080.972,000688.SH
20211223,000688.SH,1375.8297,1380.147,1366.9899,1375.9682,1375.9682,7016695.0,39277392.722,000688.SH
20211222,000688.SH,1378.3107,1386.2428,1373.5253,1375.0299,1375.0299,7598660.0,41126794.178,000688.SH
20211221,000688.SH,1366.2729,1378.4886,1363.9685,1374.6495,1374.6495,6785367.0,39417534.188,000688.SH
20211220,000688.SH,1389.1787,1401.3367,1363.1149,1363.9562,1363.9562,7751401.0,49468157.664,000688.SH
20211217,000688.SH,1426.7922,1430.3917,1395.6431,1399.0594,1399.0594,8054162.0,47203642.608,000688.SH
20211216,000688.SH,1425.5285,1436.0615,1419.7022,1425.9289,1425.9289,7414006.0,45586156.575,000688.SH
20211215,000688.SH,1439.116,1443.5514,1424.769,1424.8995,1424.8995,8234987.0,52994807.111,000688.SH
20211214,000688.SH,1445.0515,1451.6787,1435.8854,1439.4694,1439.4694,7914952.0,46923829.789,000688.SH
20211213,000688.SH,1439.1869,1450.8272,1434.1481,1445.7068,1445.7068,8536485.0,52692244.311,000688.SH
20211210,000688.SH,1431.848,1442.6215,1424.9966,1435.7028,1435.7028,10303018.0,65177424.558,000688.SH
20211209,000688.SH,1417.3439,1438.4892,1410.1452,1434.5223,1434.5223,8145978.0,50724633.789,000688.SH
20211208,000688.SH,1394.9886,1416.6852,1394.9886,1415.3738,1415.3738,7151266.0,43464660.479,000688.SH
20211207,000688.SH,1412.997,1415.0539,1380.5106,1389.437,1389.437,8730994.0,49753478.346,000688.SH
20211206,000688.SH,1444.9333,1445.1648,1405.5084,1405.7709,1405.7709,9235243.0,52675883.724,000688.SH
20211203,000688.SH,1432.2287,1444.9906,1431.5923,1444.8339,1444.8339,8489747.0,49199143.832,000688.SH
20211202,000688.SH,1454.7395,1458.0848,1427.9764,1429.5001,1429.5001,9043364.0,53134454.513,000688.SH
20211201,000688.SH,1473.5206,1479.0866,1452.7528,1456.4829,1456.4829,8961384.0,57971666.77,000688.SH
20211130,000688.SH,1477.8041,1479.926,1463.1472,1475.7129,1475.7129,10256269.0,61559709.266,000688.SH
20211129,000688.SH,1448.4979,1474.4443,1444.3016,1471.2291,1471.2291,10436432.0,65692939.858,000688.SH
20211126,000688.SH,1466.3632,1470.5331,1450.9315,1459.9317,1459.9317,9106979.0,55082466.66,000688.SH
20211125,000688.SH,1472.6356,1477.7368,1465.6396,1468.072,1468.072,9806109.0,55635892.746,000688.SH
20211124,000688.SH,1477.9611,1489.7134,1471.6161,1472.2247,1472.2247,10066693.0,59766566.189,000688.SH
20211123,000688.SH,1477.6681,1485.7988,1473.5517,1476.2528,1476.2528,10579714.0,62351543.264,000688.SH
20211122,000688.SH,1449.4523,1483.4845,1449.3754,1479.9874,1479.9874,11213782.0,67432278.583,000688.SH
20211119,000688.SH,1424.7587,1447.1857,1424.7587,1444.7839,1444.7839,9380937.0,52706234.189,000688.SH
20211118,000688.SH,1433.508,1433.635,1417.1655,1423.9704,1423.9704,10239622.0,57006568.885,000688.SH
20211117,000688.SH,1420.9881,1438.8014,1414.1235,1436.1583,1436.1583,9775222.0,51587227.8,000688.SH
20211116,000688.SH,1428.481,1438.6107,1418.1952,1421.2749,1421.2749,10301429.0,52554665.695,000688.SH
20211115,000688.SH,1441.4073,1448.0286,1429.3163,1432.5994,1432.5994,11415896.0,61527266.128,000688.SH
20211112,000688.SH,1432.7093,1444.4057,1425.581,1440.1567,1440.1567,10727916.0,59031351.941,000688.SH
20211111,000688.SH,1418.4838,1443.6028,1416.1839,1437.1495,1437.1495,10200216.0,57249078.165,000688.SH
20211110,000688.SH,1417.6609,1423.3063,1398.8821,1420.4519,1420.4519,8704593.0,48751038.564,000688.SH
20211109,000688.SH,1404.8897,1422.8961,1397.8212,1420.5088,1420.5088,8749737.0,48290344.945,000688.SH
20211108,000688.SH,1398.5658,1401.0456,1381.6178,1400.7951,1400.7951,8082439.0,45547620.469,000688.SH
20211105,000688.SH,1416.243,1418.8812,1396.0334,1396.7382,1396.7382,9115940.0,48447465.368,000688.SH
20211104,000688.SH,1404.6586,1420.334,1404.6586,1410.7421,1410.7421,8411022.0,46770260.781,000688.SH
20211103,000688.SH,1408.1959,1416.4734,1386.3954,1399.5496,1399.5496,7383885.0,43143724.386,000688.SH
20211102,000688.SH,1405.8651,1423.9262,1395.6992,1405.6405,1405.6405,9807672.0,55141910.705,000688.SH
20211101,000688.SH,1398.5852,1415.5761,1392.4007,1404.2078,1404.2078,9112094.0,55378881.937,000688.SH
20211029,000688.SH,1363.25,1398.4168,1355.3709,1396.1952,1396.1952,8218328.0,50999073.36,000688.SH
20211028,000688.SH,1359.0729,1371.1742,1354.7179,1356.3747,1356.3747,8884098.0,47427890.543,000688.SH
20211027,000688.SH,1371.7912,1374.3617,1354.3047,1361.8172,1361.8172,8823225.0,46287276.919,000688.SH
20211026,000688.SH,1379.785,1389.4832,1372.6554,1376.1258,1376.1258,7720807.0,46384983.677,000688.SH
20211025,000688.SH,1366.2051,1381.2355,1359.6254,1380.3088,1380.3088,7034967.0,42113126.249,000688.SH
20211022,000688.SH,1367.0587,1379.1876,1359.2732,1368.1361,1368.1361,6723731.0,37975476.344,000688.SH
20211021,000688.SH,1374.6488,1379.1943,1355.9314,1362.4049,1362.4049,6545723.0,35526154.285,000688.SH
20211020,000688.SH,1370.2134,1381.0631,1363.6535,1373.593,1373.593,7260010.0,39490454.471,000688.SH
20211019,000688.SH,1355.07,1369.1628,1352.0107,1366.7911,1366.7911,6254979.0,35742204.53,000688.SH
20211018,000688.SH,1366.5541,1366.5541,1338.8891,1352.5749,1352.5749,6536446.0,37979670.438,000688.SH
20211015,000688.SH,1349.4048,1367.2346,1341.7523,1363.1635,1363.1635,6729274.0,38052889.205,000688.SH
20211014,000688.SH,1346.9885,1356.2118,1339.562,1347.268,1347.268,5616097.0,30878604.208,000688.SH
20211013,000688.SH,1322.8884,1349.167,1322.8884,1344.7629,1344.7629,5223684.0,31080566.725,000688.SH
20211012,000688.SH,1348.2245,1355.9199,1312.4399,1319.3894,1319.3894,5915764.0,33115024.273,000688.SH
20211011,000688.SH,1367.2126,1377.3116,1348.0499,1349.7707,1349.7707,5145543.0,31268013.696,000688.SH
20211008,000688.SH,1378.5305,1388.0228,1361.0371,1364.4581,1364.4581,5502787.0,31614688.004,000688.SH
20210930,000688.SH,1348.6497,1371.4941,1348.6497,1368.7158,1368.7158,5485896.0,31771115.684,000688.SH
20210929,000688.SH,1344.8873,1356.6437,1336.5058,1345.7697,1345.7697,6903713.0,35658624.806,000688.SH
20210928,000688.SH,1362.3276,1379.5922,1350.794,1354.0959,1354.0959,5858258.0,32249890.685,000688.SH
20210927,000688.SH,1386.5235,1397.1804,1354.2019,1368.6905,1368.6905,8402437.0,43661038.139,000688.SH
20210924,000688.SH,1362.9793,1390.5031,1359.845,1374.9995,1374.9995,7169070.0,39188780.55,000688.SH
20210923,000688.SH,1359.6721,1376.5717,1354.2102,1363.7869,1363.7869,7350698.0,38058800.264,000688.SH
20210922,000688.SH,1338.0143,1361.2129,1335.5035,1355.2812,1355.2812,7818997.0,40621275.606,000688.SH
20210917,000688.SH,1349.342,1360.9092,1332.0953,1349.6848,1349.6848,8729839.0,45905528.412,000688.SH
20210916,000688.SH,1378.1767,1380.1621,1347.9022,1351.4252,1351.4252,9126226.0,47704416.479,000688.SH
20210915,000688.SH,1395.6109,1395.9883,1378.9494,1384.5213,1384.5213,7924336.0,43589586.772,000688.SH
20210914,000688.SH,1384.2827,1414.0915,1383.4105,1396.6687,1396.6687,9748823.0,51653707.667,000688.SH
20210913,000688.SH,1426.5403,1426.7633,1384.0201,1384.4339,1384.4339,9265900.0,50564744.294,000688.SH
20210910,000688.SH,1398.3316,1431.7057,1392.2062,1426.814,1426.814,10523019.0,55580134.91,000688.SH
20210909,000688.SH,1414.073,1425.2845,1393.6076,1402.1908,1402.1908,9410267.0,46975512.618,000688.SH
20210908,000688.SH,1439.6636,1439.6636,1408.7209,1412.7232,1412.7232,9905056.0,50089986.842,000688.SH
20210907,000688.SH,1435.7342,1443.3424,1426.026,1438.5691,1438.5691,9452685.0,51064312.997,000688.SH
20210906,000688.SH,1398.2433,1441.7099,1393.5389,1438.9953,1438.9953,9785658.0,50305730.257,000688.SH
20210903,000688.SH,1399.4653,1415.237,1382.6425,1400.8902,1400.8902,11395644.0,54303637.225,000688.SH
20210902,000688.SH,1416.1576,1424.1718,1395.5062,1399.4817,1399.4817,11488714.0,53149175.718,000688.SH
20210901,000688.SH,1437.2638,1438.3776,1400.1594,1424.6642,1424.6642,12748492.0,62190218.473,000688.SH
20210831,000688.SH,1463.1299,1463.5577,1423.5114,1441.1734,1441.1734,10729866.0,62148290.26,000688.SH
20210830,000688.SH,1487.8965,1508.7841,1463.403,1471.4549,1471.4549,11875582.0,69044750.194,000688.SH
20210827,000688.SH,1491.3405,1506.6457,1476.5555,1480.3135,1480.3135,10400805.0,58225637.132,000688.SH
20210826,000688.SH,1546.324,1555.0359,1494.8873,1497.3375,1497.3375,10721530.0,66111394.653,000688.SH
20210825,000688.SH,1573.7417,1574.395,1535.0926,1542.7755,1542.7755,10847549.0,67461347.058,000688.SH
20210824,000688.SH,1567.6996,1586.5219,1550.8781,1578.0306,1578.0306,11717098.0,69500388.7,000688.SH
20210823,000688.SH,1534.3905,1568.8396,1524.1951,1564.1108,1564.1108,11546176.0,67456763.825,000688.SH
20210820,000688.SH,1537.9117,1557.106,1514.0672,1529.0863,1529.0863,10376035.0,57383894.234,000688.SH
20210819,000688.SH,1509.7193,1553.1607,1508.1674,1546.11,1546.11,9872179.0,56067593.288,000688.SH
20210818,000688.SH,1514.4591,1530.2449,1501.1767,1507.9886,1507.9886,10366160.0,54323878.974,000688.SH
20210817,000688.SH,1544.4024,1555.4482,1506.7171,1509.2474,1509.2474,10909613.0,58317663.859,000688.SH
20210816,000688.SH,1547.3948,1565.9964,1535.3542,1547.931,1547.931,10953033.0,65695098.997,000688.SH
20210813,000688.SH,1580.1244,1588.2323,1549.6766,1552.7807,1552.7807,12574406.0,68917960.763,000688.SH
20210812,000688.SH,1572.1462,1604.7333,1570.3497,1586.5006,1586.5006,12889128.0,66518920.447,000688.SH
20210811,000688.SH,1589.4269,1593.1532,1564.9702,1578.7892,1578.7892,13221209.0,66406378.796,000688.SH
20210810,000688.SH,1574.0119,1592.827,1569.277,1588.1948,1588.1948,11203302.0,66588106.522,000688.SH
20210809,000688.SH,1567.4415,1582.9184,1548.6866,1574.4378,1574.4378,10713509.0,64946507.294,000688.SH
20210806,000688.SH,1630.3025,1639.1861,1575.4241,1586.6732,1586.6732,12602316.0,75773482.527,000688.SH
20210805,000688.SH,1606.6509,1616.0522,1584.3093,1604.8067,1604.8067,12622179.0,75699982.985,000688.SH
20210804,000688.SH,1566.4455,1608.498,1564.462,1605.8939,1605.8939,12551651.0,73505017.897,000688.SH
20210803,000688.SH,1586.3501,1593.0311,1558.1014,1564.1926,1564.1926,13659596.0,80646940.226,000688.SH
20210802,000688.SH,1594.0332,1619.3592,1572.1135,1599.4739,1599.4739,15124102.0,84982615.023,000688.SH
20210730,000688.SH,1582.5752,1608.9628,1570.4464,1591.2189,1591.2189,15280930.0,84057006.734,000688.SH
20210729,000688.SH,1554.1336,1598.3409,1545.1058,1588.4653,1588.4653,12811655.0,75953387.787,000688.SH
20210728,000688.SH,1532.4201,1555.246,1476.5899,1518.7027,1518.7027,13614854.0,72690828.02,000688.SH
20210727,000688.SH,1556.9327,1627.848,1541.3577,1545.2893,1545.2893,18598248.0,100863647.335,000688.SH
20210726,000688.SH,1559.8363,1566.676,1496.651,1556.979,1556.979,12628435.0,73792406.292,000688.SH
20210723,000688.SH,1593.3136,1593.7044,1548.3876,1563.4901,1563.4901,11488401.0,66628546.667,000688.SH
20210722,000688.SH,1570.4877,1584.3174,1549.447,1582.1315,1582.1315,12357063.0,73695829.527,000688.SH
20210721,000688.SH,1528.5975,1576.7745,1527.6022,1565.6381,1565.6381,9164912.0,53221651.744,000688.SH
20210720,000688.SH,1505.0779,1529.266,1501.9213,1522.6265,1522.6265,7907029.0,41626662.283,000688.SH
20210719,000688.SH,1514.8295,1530.5864,1503.1132,1514.1808,1514.1808,8526475.0,46666353.37,000688.SH
20210716,000688.SH,1568.1706,1569.2475,1523.6395,1525.2341,1525.2341,9509712.0,51914556.92,000688.SH
20210715,000688.SH,1549.277,1567.2733,1536.895,1560.7038,1560.7038,9376894.0,50086693.911,000688.SH
20210714,000688.SH,1579.0331,1585.6033,1556.6854,1556.7196,1556.7196,9198546.0,49704057.283,000688.SH
20210713,000688.SH,1602.1191,1621.714,1573.7824,1590.9772,1590.9772,11111536.0,59109874.205,000688.SH
20210712,000688.SH,1593.5735,1611.5968,1576.7171,1601.6058,1601.6058,10538463.0,61743101.788,000688.SH
20210709,000688.SH,1598.2811,1602.0001,1556.5771,1583.7142,1583.7142,10147818.0,56891995.38,000688.SH
20210708,000688.SH,1577.4971,1616.7019,1577.4094,1610.7749,1610.7749,11734788.0,66145754.568,000688.SH
20210707,000688.SH,1523.8271,1573.1517,1519.4098,1570.028,1570.028,10339861.0,56581070.465,000688.SH
20210706,000688.SH,1580.2838,1584.6855,1510.7134,1532.7917,1532.7917,11070754.0,64604987.629,000688.SH
20210705,000688.SH,1545.6784,1581.0663,1545.6784,1575.8944,1575.8944,9806062.0,59017051.094,000688.SH
20210702,000688.SH,1563.8279,1564.8776,1527.196,1538.1577,1538.1577,9514212.0,56474886.976,000688.SH
20210701,000688.SH,1587.5273,1594.1122,1569.9003,1579.8041,1579.8041,10411769.0,59093844.796,000688.SH
20210630,000688.SH,1564.3164,1603.3523,1558.9567,1588.2167,1588.2167,11534991.0,61925901.624,000688.SH
20210629,000688.SH,1567.8825,1576.8712,1546.6782,1562.0783,1562.0783,10390392.0,51286649.082,000688.SH
20210628,000688.SH,1538.0184,1579.2213,1536.7115,1562.9795,1562.9795,10952572.0,55064925.604,000688.SH
20210625,000688.SH,1505.2867,1536.504,1502.8909,1534.8494,1534.8494,10854452.0,50140701.684,000688.SH
20210624,000688.SH,1531.2377,1537.5767,1496.9428,1504.8079,1504.8079,14070093.0,52396247.766,000688.SH
20210623,000688.SH,1530.6356,1551.9191,1516.6888,1534.3008,1534.3008,16034833.0,60476807.451,000688.SH
20210622,000688.SH,1531.5201,1534.4254,1506.3066,1523.3628,1523.3628,19707938.0,52742259.842,000688.SH
20210621,000688.SH,1485.66,1529.2843,1482.4864,1528.1267,1528.1267,10219505.0,51327326.484,000688.SH
20210618,000688.SH,1475.2089,1499.8239,1474.6843,1494.7009,1494.7009,10061074.0,49393830.003,000688.SH
20210617,000688.SH,1409.0464,1477.049,1409.0464,1473.5119,1473.5119,11908654.0,50681775.516,000688.SH
20210616,000688.SH,1452.9459,1454.9208,1404.689,1406.4701,1406.4701,8539387.0,40793261.35,000688.SH
20210615,000688.SH,1442.0868,1467.4683,1435.0533,1448.2004,1448.2004,10071064.0,45159091.638,000688.SH
20210611,000688.SH,1453.5999,1455.6558,1433.0607,1436.2754,1436.2754,10683273.0,50396679.24,000688.SH
20210610,000688.SH,1427.8708,1455.8284,1426.4914,1450.4038,1450.4038,10102674.0,44182355.496,000688.SH
20210609,000688.SH,1420.3062,1442.1619,1417.7675,1427.321,1427.321,8264218.0,38843313.291,000688.SH
20210608,000688.SH,1443.7446,1446.3779,1411.2287,1419.0751,1419.0751,9490826.0,44630369.656,000688.SH
20210607,000688.SH,1443.8616,1451.3862,1425.1148,1433.565,1433.565,10420182.0,42593187.431,000688.SH
20210604,000688.SH,1406.3145,1445.1442,1405.5064,1431.522,1431.522,10000221.0,38867525.998,000688.SH
20210603,000688.SH,1425.7959,1438.6404,1410.1209,1414.5342,1414.5342,11441596.0,41140115.339,000688.SH
20210602,000688.SH,1461.7363,1465.1601,1423.4526,1426.8466,1426.8466,14395871.0,51265799.614,000688.SH
20210601,000688.SH,1437.317,1467.9398,1432.9668,1460.5432,1460.5432,15904982.0,52542498.096,000688.SH
20210531,000688.SH,1398.1925,1442.6682,1398.1925,1442.6682,1442.6682,16376296.0,47689304.716,000688.SH
20210528,000688.SH,1395.4269,1414.6095,1381.4536,1386.0385,1386.0385,21565099.0,44217151.419,000688.SH
20210527,000688.SH,1362.9473,1400.3773,1361.0099,1397.7685,1397.7685,8323018.0,39612624.259,000688.SH
20210526,000688.SH,1371.7814,1375.8099,1360.5891,1364.0368,1364.0368,6150436.0,31014348.738,000688.SH
20210525,000688.SH,1329.6762,1371.5883,1329.6762,1370.121,1370.121,6243466.0,33248470.662,000688.SH
20210524,000688.SH,1314.7921,1333.4194,1304.6401,1330.8721,1330.8721,5612988.0,28963844.573,000688.SH
20210521,000688.SH,1334.6006,1341.2782,1314.3974,1315.2065,1315.2065,6261344.0,29856622.126,000688.SH
20210520,000688.SH,1322.0457,1339.972,1321.0416,1329.7908,1329.7908,6869658.0,31439268.587,000688.SH
20210519,000688.SH,1320.6797,1335.2511,1318.1551,1326.1434,1326.1434,7668543.0,30292582.973,000688.SH
20210518,000688.SH,1330.4724,1332.3211,1316.3799,1321.6411,1321.6411,5422690.0,28134249.952,000688.SH
20210517,000688.SH,1303.0827,1338.2904,1301.0574,1328.9164,1328.9164,5946864.0,33438069.418,000688.SH
20210514,000688.SH,1277.9689,1301.3749,1273.9556,1300.5353,1300.5353,5060970.0,26604846.56,000688.SH
20210513,000688.SH,1257.8666,1287.921,1257.8666,1275.4766,1275.4766,5027245.0,24950591.937,000688.SH
20210512,000688.SH,1254.7379,1273.6855,1251.8105,1270.9074,1270.9074,4739303.0,24180662.677,000688.SH
20210511,000688.SH,1243.8093,1260.82,1240.2006,1258.1073,1258.1073,4367330.0,22551893.756,000688.SH
20210510,000688.SH,1262.4841,1265.8015,1249.4867,1254.4859,1254.4859,4379785.0,24427798.637,000688.SH
20210507,000688.SH,1311.6565,1315.752,1263.6868,1263.8969,1263.8969,4847937.0,27879511.741,000688.SH
20210506,000688.SH,1321.2138,1322.6819,1298.9111,1310.125,1310.125,4730640.0,29484876.049,000688.SH
20210430,000688.SH,1319.008,1327.3675,1313.8254,1322.2396,1322.2396,6061533.0,34987167.416,000688.SH
20210429,000688.SH,1320.8884,1337.8502,1312.9405,1324.0547,1324.0547,5513658.0,31421906.943,000688.SH
20210428,000688.SH,1318.5481,1326.0059,1304.3314,1324.2358,1324.2358,5728293.0,33119088.968,000688.SH
20210427,000688.SH,1310.6593,1316.2025,1297.266,1311.9129,1311.9129,5052354.0,28414528.413,000688.SH
20210426,000688.SH,1315.5149,1335.4661,1313.0568,1314.9072,1314.9072,6231161.0,37525801.738,000688.SH
20210423,000688.SH,1303.2925,1318.3006,1300.102,1311.8272,1311.8272,4761955.0,26846069.183,000688.SH
20210422,000688.SH,1288.5833,1308.3421,1288.5833,1305.1805,1305.1805,4982010.0,27191379.706,000688.SH
20210421,000688.SH,1285.3118,1291.5319,1275.6085,1286.855,1286.855,5194641.0,26179862.056,000688.SH
20210420,000688.SH,1295.6107,1304.7648,1290.0194,1290.5026,1290.5026,6992433.0,32150302.496,000688.SH
20210419,000688.SH,1273.0801,1300.5424,1268.9866,1299.0072,1299.0072,6874662.0,29702852.52,000688.SH
20210416,000688.SH,1265.1498,1279.2862,1255.8404,1274.7023,1274.7023,4652616.0,22040894.551,000688.SH
20210415,000688.SH,1250.3591,1266.5767,1245.1786,1264.1578,1264.1578,3525387.0,18377244.15,000688.SH
20210414,000688.SH,1243.2447,1258.1666,1243.2447,1254.7097,1254.7097,3526558.0,18282043.917,000688.SH
20210413,000688.SH,1242.7579,1259.0362,1239.462,1241.3979,1241.3979,3849525.0,18215072.975,000688.SH
20210412,000688.SH,1269.0164,1280.0779,1240.4425,1243.4959,1243.4959,4406542.0,21808873.175,000688.SH
20210409,000688.SH,1290.3149,1296.8573,1269.9184,1271.4428,1271.4428,4141692.0,21190639.933,000688.SH
20210408,000688.SH,1293.6405,1305.4275,1287.0123,1291.8566,1291.8566,4764705.0,23521508.4,000688.SH
20210407,000688.SH,1296.8168,1300.7716,1283.1572,1298.7847,1298.7847,4135531.0,21052827.639,000688.SH
20210406,000688.SH,1304.6418,1309.9482,1291.9245,1296.6196,1296.6196,4364205.0,21112141.616,000688.SH
20210402,000688.SH,1276.0341,1302.6173,1274.3807,1299.9198,1299.9198,5421746.0,27831421.868,000688.SH
20210401,000688.SH,1250.9978,1269.8783,1248.9644,1266.7451,1266.7451,4255372.0,21356111.629,000688.SH
20210331,000688.SH,1248.1606,1253.7873,1236.2608,1248.3317,1248.3317,3552431.0,17697793.86,000688.SH
20210330,000688.SH,1250.2822,1259.2793,1245.0068,1248.3415,1248.3415,3490176.0,18175300.294,000688.SH
20210329,000688.SH,1262.2904,1263.4358,1248.327,1250.7696,1250.7696,3478752.0,18109326.458,000688.SH
20210326,000688.SH,1224.6435,1258.1642,1224.6435,1256.6638,1256.6638,3534232.0,18385482.411,000688.SH
20210325,000688.SH,1212.83,1231.9608,1212.3827,1219.7097,1219.7097,3365032.0,17372560.78,000688.SH
20210324,000688.SH,1228.6053,1244.4515,1219.5068,1221.4468,1221.4468,3866384.0,18395085.417,000688.SH
20210323,000688.SH,1246.361,1257.3752,1232.259,1236.4736,1236.4736,4327683.0,19244190.567,000688.SH
20210322,000688.SH,1229.4669,1247.4945,1227.8357,1242.7556,1242.7556,3570030.0,17705671.162,000688.SH
20210319,000688.SH,1226.4137,1242.1309,1221.4186,1231.2922,1231.2922,3970796.0,19373367.917,000688.SH
20210318,000688.SH,1241.5625,1251.5595,1237.6167,1241.31,1241.31,3572963.0,17983650.644,000688.SH
20210317,000688.SH,1220.4463,1237.9081,1213.3455,1236.5406,1236.5406,3172300.0,16850207.758,000688.SH
20210316,000688.SH,1223.7954,1231.9906,1212.3398,1220.3665,1220.3665,3304112.0,17683260.828,000688.SH
20210315,000688.SH,1254.6753,1254.6753,1213.4295,1223.3899,1223.3899,3478461.0,20858496.45,000688.SH
20210312,000688.SH,1268.4422,1269.2061,1251.197,1261.3246,1261.3246,3716221.0,22424517.106,000688.SH
20210311,000688.SH,1241.1033,1273.9619,1227.3324,1267.3009,1267.3009,3855338.0,25001092.09,000688.SH
20210310,000688.SH,1251.183,1258.881,1227.4158,1232.735,1232.735,3711132.0,19600521.88,000688.SH
20210309,000688.SH,1275.3229,1278.3243,1227.182,1230.1371,1230.1371,5040233.0,26492249.55,000688.SH
20210308,000688.SH,1337.0213,1340.4153,1275.4562,1275.4562,1275.4562,4922588.0,28984739.806,000688.SH
20210305,000688.SH,1307.0636,1338.8254,1305.916,1329.8392,1329.8392,3836834.0,23076216.333,000688.SH
20210304,000688.SH,1358.2833,1362.9943,1322.3375,1324.1584,1324.1584,5243798.0,29925857.446,000688.SH
20210303,000688.SH,1350.0074,1359.7916,1340.3222,1359.3978,1359.3978,4491709.0,28112309.641,000688.SH
20210302,000688.SH,1373.0314,1373.6599,1342.8965,1352.0436,1352.0436,5245032.0,28183824.939,000688.SH
20210301,000688.SH,1339.9939,1359.7201,1337.1925,1358.1412,1358.1412,4967721.0,27942860.696,000688.SH
20210226,000688.SH,1319.8902,1344.1548,1319.6485,1325.5865,1325.5865,4743338.0,27756646.976,000688.SH
20210225,000688.SH,1373.8442,1375.613,1349.711,1349.711,1349.711,4900397.0,25511458.377,000688.SH
20210224,000688.SH,1393.7184,1398.3271,1358.4093,1365.6372,1365.6372,4513936.0,27847238.462,000688.SH
20210223,000688.SH,1371.6265,1401.5101,1370.9097,1390.5265,1390.5265,4358750.0,25718346.286,000688.SH
20210222,000688.SH,1431.5584,1436.8001,1388.5213,1389.9159,1389.9159,5450826.0,31366685.535,000688.SH
20210219,000688.SH,1426.101,1430.7221,1404.1475,1427.9066,1427.9066,4339918.0,26403207.344,000688.SH
20210218,000688.SH,1457.7965,1465.6813,1429.0858,1429.74,1429.74,4797954.0,31047946.462,000688.SH
20210210,000688.SH,1424.7737,1440.2116,1407.6446,1437.0247,1437.0247,4082148.0,27639423.326,000688.SH
20210209,000688.SH,1389.0651,1434.8707,1383.8564,1427.6823,1427.6823,3905478.0,25790978.324,000688.SH
20210208,000688.SH,1371.7543,1395.1449,1367.3272,1382.4816,1382.4816,3771755.0,23679081.698,000688.SH
20210205,000688.SH,1396.1248,1407.3245,1368.6528,1368.8003,1368.8003,4227634.0,26311162.686,000688.SH
20210204,000688.SH,1402.0893,1412.7128,1367.7127,1394.0966,1394.0966,4842044.0,27993705.422,000688.SH
20210203,000688.SH,1436.0038,1443.9764,1410.1465,1410.1465,1410.1465,5084930.0,30152505.307,000688.SH
20210202,000688.SH,1419.7111,1438.0868,1414.3587,1438.0584,1438.0584,4469188.0,27327224.246,000688.SH
20210201,000688.SH,1419.1797,1439.0389,1412.1587,1421.4807,1421.4807,4623272.0,28612523.106,000688.SH
20210129,000688.SH,1435.2835,1440.251,1400.6705,1421.9618,1421.9618,4920399.0,30162851.13,000688.SH
20210128,000688.SH,1441.3975,1461.8424,1418.9424,1421.5872,1421.5872,4281555.0,28182121.307,000688.SH
20210127,000688.SH,1481.486,1489.7587,1441.1761,1458.3723,1458.3723,4527917.0,30381286.1,000688.SH
20210126,000688.SH,1497.9992,1509.413,1471.3055,1478.451,1478.451,4841190.0,34015119.123,000688.SH
20210125,000688.SH,1481.7379,1513.7253,1471.1805,1498.595,1498.595,6035836.0,42910105.115,000688.SH
20210122,000688.SH,1482.6459,1487.6145,1456.0156,1486.3075,1486.3075,5801637.0,40773614.492,000688.SH
20210121,000688.SH,1485.6495,1492.9472,1465.8868,1482.2847,1482.2847,5260490.0,33695348.549,000688.SH
20210120,000688.SH,1450.7178,1482.1113,1444.7375,1481.4526,1481.4526,4920432.0,31745829.673,000688.SH
20210119,000688.SH,1485.463,1489.2174,1441.6158,1443.9205,1443.9205,5731520.0,36172567.641,000688.SH
20210118,000688.SH,1443.8197,1496.3662,1437.0207,1481.2494,1481.2494,6290347.0,40072199.879,000688.SH
20210115,000688.SH,1450.8567,1465.6919,1431.4545,1447.5828,1447.5828,6054884.0,36295712.714,000688.SH
20210114,000688.SH,1406.0497,1478.7529,1399.5588,1447.2668,1447.2668,7542993.0,40687823.84,000688.SH
20210113,000688.SH,1412.0725,1416.6616,1389.7677,1407.4146,1407.4146,5709620.0,33967491.777,000688.SH
20210112,000688.SH,1389.4666,1408.4155,1379.8032,1405.2226,1405.2226,4511353.0,29205335.511,000688.SH
20210111,000688.SH,1385.3531,1407.9141,1378.1175,1390.6553,1390.6553,5762420.0,37307166.814,000688.SH
20210108,000688.SH,1382.1486,1385.1151,1366.1829,1378.7397,1378.7397,5424099.0,35318626.639,000688.SH
20210107,000688.SH,1414.8967,1417.4289,1370.1896,1381.9421,1381.9421,6633573.0,41545663.417,000688.SH
20210106,000688.SH,1430.0675,1434.1945,1408.0555,1415.0221,1415.0221,6071455.0,36142763.293,000688.SH
20210105,000688.SH,1413.1818,1427.1207,1409.5412,1425.16,1425.16,6097512.0,38510325.529,000688.SH
20210104,000688.SH,1398.9557,1425.697,1389.5854,1422.1246,1422.1246,5855451.0,39021079.336,000688.SH
20201231,000688.SH,1370.4413,1394.7391,1368.47,1393.0272,1393.0272,5460861.0,36316902.72,000688.SH
20201230,000688.SH,1336.7202,1367.7624,1335.2072,1362.9107,1362.9107,5200486.0,32904164.973,000688.SH
20201229,000688.SH,1338.2399,1353.0612,1336.0901,1337.4696,1337.4696,4819255.0,25857884.011,000688.SH
20201228,000688.SH,1345.2989,1349.3496,1335.2532,1339.0068,1339.0068,5208984.0,28804865.985,000688.SH
20201225,000688.SH,1348.4717,1357.6506,1340.7892,1349.7931,1349.7931,4981681.0,26650843.7,000688.SH
20201224,000688.SH,1378.3835,1384.3115,1347.7976,1348.0134,1348.0134,5764382.0,30082831.674,000688.SH
20201223,000688.SH,1359.7276,1378.6058,1355.2452,1376.5953,1376.5953,5196093.0,29462096.0,000688.SH
20201222,000688.SH,1383.2888,1390.9858,1355.9715,1358.6185,1358.6185,5162246.0,30438971.878,000688.SH
20201221,000688.SH,1359.6852,1390.5929,1355.9254,1388.6685,1388.6685,5212184.0,30648978.789,000688.SH
20201218,000688.SH,1381.4819,1381.4819,1357.7711,1361.108,1361.108,4663221.0,26611979.498,000688.SH
20201217,000688.SH,1343.2814,1364.8803,1339.8978,1363.3594,1363.3594,4798301.0,28146396.485,000688.SH
20201216,000688.SH,1357.2222,1357.2222,1339.9581,1345.1327,1345.1327,5560614.0,33603798.952,000688.SH
20201215,000688.SH,1373.9593,1379.7689,1357.3638,1363.1833,1363.1833,4713483.0,27105427.946,000688.SH
20201214,000688.SH,1361.6068,1380.0487,1353.8981,1375.0635,1375.0635,4584335.0,26012355.185,000688.SH
20201211,000688.SH,1362.3437,1365.4317,1345.316,1362.9608,1362.9608,6665413.0,36417145.365,000688.SH
20201210,000688.SH,1363.0033,1370.8285,1355.8829,1360.1842,1360.1842,5043398.0,29641890.244,000688.SH
20201209,000688.SH,1400.5665,1404.2317,1364.1951,1365.0375,1365.0375,4783357.0,25875931.953,000688.SH
20201208,000688.SH,1405.7192,1408.7868,1397.551,1398.7298,1398.7298,4279576.0,24149351.342,000688.SH
20201207,000688.SH,1410.4976,1417.7766,1403.4201,1406.1941,1406.1941,4758978.0,27388968.317,000688.SH
20201204,000688.SH,1409.5915,1410.9282,1401.5304,1404.8659,1404.8659,4178597.0,23365429.253,000688.SH
20201203,000688.SH,1410.4351,1418.1231,1398.0995,1410.8293,1410.8293,4585012.0,24754049.993,000688.SH
20201202,000688.SH,1408.6704,1419.1076,1403.7274,1408.4882,1408.4882,5738486.0,30701966.235,000688.SH
20201201,000688.SH,1386.5778,1408.0376,1381.9561,1404.2375,1404.2375,3731742.0,22256174.12,000688.SH
20201130,000688.SH,1392.9541,1397.0145,1380.2173,1385.4828,1385.4828,4183574.0,25008644.813,000688.SH
20201127,000688.SH,1386.6546,1398.1427,1380.6407,1387.7688,1387.7688,3723177.0,20984495.376,000688.SH
20201126,000688.SH,1386.2137,1398.5671,1380.1303,1385.3103,1385.3103,3800503.0,21603493.4,000688.SH
20201125,000688.SH,1414.1887,1414.5144,1387.5569,1388.3639,1388.3639,4652580.0,26488928.819,000688.SH
20201124,000688.SH,1412.0244,1420.3439,1409.3969,1412.7466,1412.7466,4864347.0,27536383.615,000688.SH
20201123,000688.SH,1429.3892,1429.3892,1412.0226,1418.1014,1418.1014,4743939.0,25854985.87,000688.SH
20201120,000688.SH,1433.9469,1442.3083,1427.3091,1430.7197,1430.7197,4702930.0,23421296.686,000688.SH
20201119,000688.SH,1415.6368,1436.4879,1408.2186,1435.9245,1435.9245,4496034.0,22954188.646,000688.SH
20201118,000688.SH,1431.6594,1441.2247,1418.3613,1419.2262,1419.2262,5021121.0,26304109.095,000688.SH
20201117,000688.SH,1455.2311,1455.2311,1425.2591,1430.8084,1430.8084,4858681.0,26785769.36,000688.SH
20201116,000688.SH,1520.2737,1520.2737,1444.3946,1446.9513,1446.9513,4716782.0,26215785.252,000688.SH
20201113,000688.SH,1406.6849,1441.0067,1401.461,1436.887,1436.887,4160211.0,23627754.016,000688.SH
20201112,000688.SH,1404.8095,1421.7398,1404.5715,1413.2936,1413.2936,4220596.0,23261592.941,000688.SH
20201111,000688.SH,1440.7792,1441.0049,1393.7349,1395.51,1395.51,5615446.0,32561808.637,000688.SH
20201110,000688.SH,1483.656,1483.656,1438.5865,1441.965,1441.965,5811330.0,33881578.512,000688.SH
20201109,000688.SH,1446.4716,1491.5152,1442.6223,1485.1478,1485.1478,7796951.0,45618788.21,000688.SH
20201106,000688.SH,1477.5278,1477.5278,1429.1191,1441.4739,1441.4739,4453441.0,26228602.226,000688.SH
20201105,000688.SH,1477.6142,1479.4708,1453.7243,1475.3752,1475.3752,4796505.0,27364524.126,000688.SH
20201104,000688.SH,1454.73,1462.6744,1443.4236,1458.8957,1458.8957,4180001.0,24098062.962,000688.SH
20201103,000688.SH,1403.6429,1451.6319,1402.2637,1449.0068,1449.0068,5020761.0,28680493.307,000688.SH
20201102,000688.SH,1402.0829,1406.9352,1370.8999,1400.9122,1400.9122,5250701.0,28983972.084,000688.SH
20201030,000688.SH,1413.5108,1430.1186,1393.9095,1393.9095,1393.9095,6123725.0,35304499.985,000688.SH
20201029,000688.SH,1394.2803,1418.4061,1387.3837,1412.0554,1412.0554,4612046.0,26794454.255,000688.SH
20201028,000688.SH,1396.5597,1413.6585,1392.0673,1406.0745,1406.0745,4166346.0,24310315.128,000688.SH
20201027,000688.SH,1359.1758,1386.8033,1354.8069,1385.7453,1385.7453,3147773.0,19204476.095,000688.SH
20201026,000688.SH,1332.6842,1364.9658,1313.4511,1356.1074,1356.1074,3074009.0,18436475.066,000688.SH
20201023,000688.SH,1380.3698,1389.5165,1336.373,1336.527,1336.527,3775379.0,23887906.287,000688.SH
20201022,000688.SH,1395.1306,1395.1306,1373.5056,1376.5804,1376.5804,3329097.0,21553842.422,000688.SH
20201021,000688.SH,1427.2363,1429.4538,1396.1225,1396.9773,1396.9773,3849928.0,23104114.708,000688.SH
20201020,000688.SH,1413.8658,1428.0754,1402.7109,1426.181,1426.181,3879556.0,22134582.969,000688.SH
20201019,000688.SH,1444.8406,1446.4907,1411.2694,1412.1484,1412.1484,4009461.0,25584666.218,000688.SH
20201016,000688.SH,1457.1513,1461.8287,1429.0797,1438.5283,1438.5283,3777447.0,22630827.773,000688.SH
20201015,000688.SH,1489.3806,1492.9969,1451.8771,1453.7887,1453.7887,4520312.0,26861929.746,000688.SH
20201014,000688.SH,1495.3401,1498.0027,1481.1209,1488.6697,1488.6697,4673418.0,25563811.851,000688.SH
20201013,000688.SH,1491.8546,1498.8282,1485.1321,1497.5955,1497.5955,5095454.0,27840585.366,000688.SH
20201012,000688.SH,1475.2581,1491.605,1469.6515,1490.5754,1490.5754,6598166.0,35293726.351,000688.SH
20201009,000688.SH,1446.5161,1467.983,1446.5161,1465.9591,1465.9591,4921015.0,24754719.794,000688.SH
20200930,000688.SH,1394.8631,1431.8762,1393.9116,1418.7961,1418.7961,3985063.0,20256329.556,000688.SH
20200929,000688.SH,1345.9908,1403.4346,1345.9908,1389.9628,1389.9628,4293616.0,21227415.374,000688.SH
20200928,000688.SH,1367.462,1369.039,1335.9926,1338.9521,1338.9521,4523227.0,22568496.17,000688.SH
20200925,000688.SH,1399.3884,1402.675,1360.5504,1364.0245,1364.0245,3824131.0,19971286.165,000688.SH
20200924,000688.SH,1412.1571,1416.3779,1392.014,1394.9263,1394.9263,5031487.0,24940740.42,000688.SH
20200923,000688.SH,1401.3748,1440.6395,1400.2817,1423.9035,1423.9035,6208908.0,30743660.639,000688.SH
20200922,000688.SH,1389.7831,1403.2588,1379.0104,1390.0862,1390.0862,5571567.0,27299775.53,000688.SH
20200921,000688.SH,1407.0685,1411.5049,1390.9045,1397.7463,1397.7463,5173416.0,27612911.98,000688.SH
20200918,000688.SH,1386.3824,1403.919,1379.9158,1403.8988,1403.8988,6376210.0,30212127.551,000688.SH
20200917,000688.SH,1347.4536,1393.853,1335.0274,1383.5899,1383.5899,8406254.0,36518775.884,000688.SH
20200916,000688.SH,1363.3186,1364.4173,1341.6757,1349.6719,1349.6719,4133686.0,20704595.574,000688.SH
20200915,000688.SH,1348.7882,1372.4398,1334.8168,1364.6026,1364.6026,4109504.0,22576948.542,000688.SH
20200914,000688.SH,1334.9847,1372.8277,1334.9847,1348.0697,1348.0697,4373248.0,24507233.504,000688.SH
20200911,000688.SH,1279.8406,1313.8472,1272.8442,1312.5123,1312.5123,4036201.0,20366235.616,000688.SH
20200910,000688.SH,1309.3155,1321.0598,1276.4983,1280.1888,1280.1888,4750599.0,23353059.949,000688.SH
20200909,000688.SH,1331.4285,1332.0747,1289.3502,1298.0784,1298.0784,6252185.0,29373070.918,000688.SH
20200908,000688.SH,1356.8211,1363.2754,1328.9241,1344.6124,1344.6124,4448545.0,26848112.397,000688.SH
20200907,000688.SH,1387.4929,1394.9037,1349.7673,1356.6991,1356.6991,6207608.0,36867638.316,000688.SH
20200904,000688.SH,1377.3939,1396.0039,1371.1643,1390.2835,1390.2835,4909810.0,29608111.465,000688.SH
20200903,000688.SH,1422.4154,1423.8929,1396.1111,1402.1443,1402.1443,5304861.0,31018071.537,000688.SH
20200902,000688.SH,1430.8669,1434.9204,1411.842,1422.9526,1422.9526,4919830.0,28487959.233,000688.SH
20200901,000688.SH,1424.4333,1435.6476,1419.6013,1426.6505,1426.6505,4431871.0,24755292.416,000688.SH
20200831,000688.SH,1417.6635,1441.4578,1417.6578,1423.2355,1423.2355,5475692.0,31463771.648,000688.SH
20200828,000688.SH,1415.6485,1416.8167,1393.8469,1413.6374,1413.6374,5652897.0,34076318.139,000688.SH
20200827,000688.SH,1389.9399,1429.955,1380.125,1417.5587,1417.5587,6056520.0,32528230.159,000688.SH
20200826,000688.SH,1422.0026,1430.7877,1377.2066,1383.305,1383.305,6544953.0,35154034.864,000688.SH
20200825,000688.SH,1449.5374,1462.8962,1424.4151,1427.7048,1427.7048,5269909.0,28269377.099,000688.SH
20200824,000688.SH,1453.4923,1457.5771,1421.8894,1450.6667,1450.6667,5606668.0,29855211.003,000688.SH
20200821,000688.SH,1447.8013,1467.9805,1443.5203,1447.7135,1447.7135,5215102.0,27691331.562,000688.SH
20200820,000688.SH,1460.0349,1473.0528,1438.4556,1442.5793,1442.5793,6154748.0,32206408.514,000688.SH
20200819,000688.SH,1516.9763,1517.8933,1470.344,1472.0212,1472.0212,8016528.0,42729476.783,000688.SH
20200818,000688.SH,1496.4213,1512.7557,1492.9592,1512.5092,1512.5092,7946743.0,45462336.09,000688.SH
20200817,000688.SH,1486.8129,1501.2509,1471.9158,1496.4003,1496.4003,7506811.0,38489792.373,000688.SH
20200814,000688.SH,1466.795,1486.4016,1453.7359,1484.0407,1484.0407,4313049.0,29906442.951,000688.SH
20200813,000688.SH,1465.6044,1482.6307,1453.3811,1468.2291,1468.2291,4944971.0,37719205.369,000688.SH
20200812,000688.SH,1485.5571,1488.88,1422.7308,1458.6425,1458.6425,6336105.0,42597006.679,000688.SH
20200811,000688.SH,1531.6047,1539.8359,1490.8349,1491.8414,1491.8414,5771384.0,38932760.654,000688.SH
20200810,000688.SH,1520.1025,1555.6842,1507.2707,1535.5971,1535.5971,6018437.0,43695168.799,000688.SH
20200807,000688.SH,1561.8557,1568.5611,1492.2461,1526.8034,1526.8034,7357510.0,50034092.741,000688.SH
20200806,000688.SH,1582.4745,1589.7518,1552.5356,1573.869,1573.869,6986209.0,50466276.943,000688.SH
20200805,000688.SH,1592.3878,1597.4714,1556.6811,1588.6219,1588.6219,7167247.0,51790274.122,000688.SH
20200804,000688.SH,1620.7948,1628.138,1555.9031,1566.0553,1566.0553,7827533.0,55106588.631,000688.SH
20200803,000688.SH,1533.2272,1622.8132,1533.2272,1622.8132,1622.8132,9665389.0,66759438.506,000688.SH
20200731,000688.SH,1469.0996,1513.7613,1467.7757,1512.9764,1512.9764,8554323.0,59272295.221,000688.SH
20200730,000688.SH,1484.4299,1496.269,1467.7982,1472.7914,1472.7914,7402878.0,50620078.654,000688.SH
20200729,000688.SH,1400.9201,1476.9248,1395.9744,1476.9248,1476.9248,7326990.0,48468194.584,000688.SH
20200728,000688.SH,1385.7933,1404.9026,1383.2842,1400.5353,1400.5353,5444707.0,33909664.447,000688.SH
20200727,000688.SH,1396.4882,1403.1125,1361.9814,1374.5189,1374.5189,6206763.0,38244656.359,000688.SH
20200724,000688.SH,1467.1027,1474.4601,1389.3051,1389.3051,1389.3051,10254387.0,58754658.081,000688.SH
20200723,000688.SH,1487.1965,1512.4677,1459.7342,1494.1393,1494.1393,8947755.0,57698592.616,000688.SH
20200722,000688.SH,1474.0151,1519.1222,1468.1118,1497.2305,1497.2305,9910810.97,64406298.258,000688.SH
20200721,000688.SH,1456.4868,1499.8536,1454.588,1490.1714,1490.1714,7598157.0,49947393.973,000688.SH
20200720,000688.SH,1459.7843,1463.7069,1388.277,1459.0339,1459.0339,9053350.01,57905387.955,000688.SH
20200717,000688.SH,1475.4641,1495.9136,1425.6423,1443.3965,1443.3965,8965055.76,56025843.852,000688.SH
20200716,000688.SH,1606.4351,1612.3281,1460.64,1469.7978,1469.7978,13819920.26,97427952.652,000688.SH
20200715,000688.SH,1702.5807,1707.6328,1611.9106,1612.0349,1612.0349,10008757.26,68051034.073,000688.SH
20200714,000688.SH,1714.8712,1726.1926,1647.6415,1701.5824,1701.5824,9448435.48,62020287.102,000688.SH
20200713,000688.SH,1647.1828,1721.9764,1640.9838,1721.9764,1721.9764,8097677.94,52812436.503,000688.SH
20200710,000688.SH,1653.5045,1682.6191,1633.1829,1654.8264,1654.8264,7818090.11,50611873.531,000688.SH
20200709,000688.SH,1596.9839,1681.9061,1594.2555,1666.8502,1666.8502,9680794.36,57622342.895,000688.SH
20200708,000688.SH,1572.7764,1608.1927,1555.3059,1599.9053,1599.9053,7913151.86,45006799.899,000688.SH
20200707,000688.SH,1550.2962,1617.5998,1550.2962,1572.189,1572.189,10320028.01,55697521.536,000688.SH
20200706,000688.SH,1445.607,1547.1352,1444.6859,1538.402,1538.402,9449414.67,46127039.527,000688.SH
20200703,000688.SH,1435.0821,1441.0887,1408.0799,1438.5851,1438.5851,6024870.37,31709384.931,000688.SH
20200702,000688.SH,1439.0094,1452.745,1424.1484,1437.0521,1437.0521,5994840.48,32374847.14,000688.SH
20200701,000688.SH,1453.2515,1459.7705,1417.6017,1439.8778,1439.8778,6278613.52,33221522.578,000688.SH
20200630,000688.SH,1410.5773,1454.3065,1410.5773,1447.8856,1447.8856,5533660.39,28948822.613,000688.SH
20200629,000688.SH,1415.911,1415.911,1393.7148,1401.644,1401.644,5241554.58,25493640.883,000688.SH
20200624,000688.SH,1408.5477,1432.9879,1406.8688,1424.2771,1424.2771,6376433.04,31501429.734,000688.SH
20200623,000688.SH,1365.3292,1407.1925,1365.3292,1407.1925,1407.1925,5800882.24,28882768.472,000688.SH
20200622,000688.SH,1347.9423,1380.374,1347.9423,1371.2069,1371.2069,7112389.8,33903733.976,000688.SH
20200619,000688.SH,1301.0208,1329.202,1301.0208,1325.1466,1325.1466,4724995.14,23066336.736,000688.SH
20200618,000688.SH,1289.7652,1304.4857,1286.4731,1302.3711,1302.3711,4995969.24,24188476.063,000688.SH
20200617,000688.SH,1291.0353,1299.7768,1280.5193,1291.1171,1291.1171,5459737.3,26075359.829,000688.SH
20200616,000688.SH,1259.0858,1289.1346,1259.0858,1289.1346,1289.1346,5315518.0,25780402.655,000688.SH
20200615,000688.SH,1262.4755,1271.9054,1249.5828,1249.9087,1249.9087,4679291.83,22955299.049,000688.SH
20200612,000688.SH,1246.8028,1268.4599,1246.8028,1262.2901,1262.2901,4809826.23,22113866.914,000688.SH
20200611,000688.SH,1270.7235,1294.3397,1265.3776,1273.5896,1273.5896,5348532.49,24499760.302,000688.SH
20200610,000688.SH,1278.0743,1278.0743,1265.1112,1269.978,1269.978,5710625.26,22717977.191,000688.SH
20200609,000688.SH,1277.4465,1278.8515,1269.1124,1278.5069,1278.5069,4279470.81,21815816.253,000688.SH
20200608,000688.SH,1306.4968,1311.6822,1277.2889,1280.0526,1280.0526,4728842.52,24492202.638,000688.SH
20200605,000688.SH,1300.2535,1307.8866,1292.0506,1297.3057,1297.3057,4740083.33,23969376.504,000688.SH
20200604,000688.SH,1295.155,1306.0673,1291.2077,1299.8034,1299.8034,5499727.85,26653572.188,000688.SH
20200603,000688.SH,1305.734,1314.1444,1293.595,1294.2802,1294.2802,4800510.23,26350277.312,000688.SH
20200602,000688.SH,1305.7973,1312.5164,1294.2191,1305.6365,1305.6365,4847517.85,26330461.544,000688.SH
20200601,000688.SH,1257.9659,1309.9596,1257.9659,1300.7411,1300.7411,5072010.78,26138799.847,000688.SH
20200529,000688.SH,1227.2003,1267.4265,1227.2003,1246.1109,1246.1109,4498588.34,22356906.676,000688.SH
20200528,000688.SH,1251.0592,1256.2175,1206.6174,1232.2199,1232.2199,4239302.27,21204276.758,000688.SH
20200527,000688.SH,1271.4568,1281.2054,1251.0817,1253.272,1253.272,4571550.47,21537386.959,000688.SH
20200526,000688.SH,1217.6223,1272.9197,1217.6223,1272.6605,1272.6605,4465922.14,20624875.954,000688.SH
20200525,000688.SH,1223.866,1227.5593,1205.7252,1212.0871,1212.0871,3390681.53,16447330.918,000688.SH
20200522,000688.SH,1247.6045,1258.3142,1208.8198,1230.6585,1230.6585,4240916.63,20607686.622,000688.SH
20200521,000688.SH,1305.9116,1309.5049,1251.5228,1251.9308,1251.9308,4949058.34,24672708.158,000688.SH
20200520,000688.SH,1317.4035,1348.5767,1297.6731,1306.9976,1306.9976,5623680.83,28703402.968,000688.SH
20200519,000688.SH,1260.2208,1324.4176,1260.2208,1324.4176,1324.4176,4807584.34,25379365.377,000688.SH
20200518,000688.SH,1279.2904,1279.2904,1253.3279,1254.299,1254.299,5082221.06,26658565.426,000688.SH
20200515,000688.SH,1244.7412,1280.0498,1244.7412,1270.4805,1270.4805,4315539.86,21383972.249,000688.SH
20200514,000688.SH,1241.8444,1258.2535,1238.2297,1242.1685,1242.1685,4678296.37,20564429.914,000688.SH
20200513,000688.SH,1227.7222,1252.5778,1227.7222,1247.034,1247.034,4068998.77,18802534.322,000688.SH
20200512,000688.SH,1222.3869,1233.6392,1203.1469,1233.5918,1233.5918,3822613.93,17346775.223,000688.SH
20200511,000688.SH,1244.3032,1268.0773,1215.9698,1226.0614,1226.0614,4125489.7,19265721.58,000688.SH
20200508,000688.SH,1230.9069,1272.6249,1230.9069,1240.2455,1240.2455,4659406.89,21029284.772,000688.SH
20200507,000688.SH,1249.6362,1249.6362,1218.2383,1224.1045,1224.1045,5422596.35,22549913.018,000688.SH
20200506,000688.SH,1155.117,1252.7544,1155.117,1247.5125,1247.5125,5630939.9,24199155.642,000688.SH
20200430,000688.SH,1107.4261,1171.7996,1107.4261,1166.348,1166.348,4087211.42,17154966.598,000688.SH
20200429,000688.SH,1105.6001,1125.193,1102.5717,1102.6982,1102.6982,3100417.9,12309269.653,000688.SH
20200428,000688.SH,1130.6148,1130.6148,1037.26,1113.5126,1113.5126,4609236.37,17843965.585,000688.SH
20200427,000688.SH,1140.1939,1145.7475,1136.2336,1138.0998,1138.0998,3145268.71,13554399.07,000688.SH
20200424,000688.SH,1148.5901,1155.5429,1139.3054,1144.153,1144.153,3590074.86,13544462.915,000688.SH
20200423,000688.SH,1140.8013,1157.8689,1140.5493,1149.7162,1149.7162,4052550.44,14290717.406,000688.SH
20200422,000688.SH,1108.6826,1135.8487,1108.6826,1135.8487,1135.8487,3821580.47,11812376.878,000688.SH
20200421,000688.SH,1127.6581,1127.6581,1108.476,1119.2289,1119.2289,3842314.48,10679236.463,000688.SH
20200420,000688.SH,1119.2585,1133.361,1115.7224,1133.361,1133.361,5014214.02,11803076.473,000688.SH
20200417,000688.SH,1102.6574,1129.1195,1102.6574,1117.07,1117.07,2585719.47,12159868.682,000688.SH
20200416,000688.SH,1080.8726,1097.1977,1080.8726,1091.9326,1091.9326,1784416.97,8710350.178,000688.SH
20200415,000688.SH,1076.9412,1101.6743,1076.9412,1088.203,1088.203,1662278.63,9010288.213,000688.SH
20200414,000688.SH,1049.2117,1073.2172,1049.2117,1073.2172,1073.2172,1430019.69,6939273.662,000688.SH
20200413,000688.SH,1048.2062,1052.0055,1038.818,1042.1452,1042.1452,1519103.2,7140800.283,000688.SH
20200410,000688.SH,1100.368,1100.368,1054.3459,1058.44,1058.44,2271444.59,10912793.906,000688.SH
20200409,000688.SH,1107.4743,1110.0596,1094.9236,1101.2814,1101.2814,2031734.92,9585174.464,000688.SH
20200408,000688.SH,1104.9553,1117.8064,1100.3095,1104.1448,1104.1448,1707432.71,8423084.598,000688.SH
20200407,000688.SH,1109.6114,1117.7889,1108.7778,1111.6535,1111.6535,1986226.64,9755513.864,000688.SH
20200403,000688.SH,1089.2419,1095.3112,1074.1858,1080.5303,1080.5303,1814409.81,9302559.13,000688.SH
20200402,000688.SH,1033.559,1094.8263,1033.559,1094.8263,1094.8263,2093097.45,11138761.717,000688.SH
20200401,000688.SH,1026.575,1060.7077,1026.575,1037.9274,1037.9274,1750560.79,8830290.427,000688.SH
20200331,000688.SH,1048.7356,1055.2678,1027.2243,1029.7493,1029.7493,1703671.65,8725613.569,000688.SH
20200330,000688.SH,1062.8986,1062.8986,1021.4988,1035.8273,1035.8273,2260875.62,11065143.743,000688.SH
20200327,000688.SH,1109.5416,1110.5368,1082.9317,1084.5054,1084.5054,2292012.53,10640810.484,000688.SH
20200326,000688.SH,1093.331,1111.4841,1091.0044,1095.3381,1095.3381,2113778.99,10986345.455,000688.SH
20200325,000688.SH,1097.3089,1110.0985,1094.1629,1101.3194,1101.3194,2496325.76,12434802.515,000688.SH
20200324,000688.SH,1067.0136,1071.3398,1020.2491,1060.8431,1060.8431,2368341.77,12167972.703,000688.SH
20200323,000688.SH,1092.501,1096.3995,1037.5282,1039.8841,1039.8841,2830474.41,13991481.718,000688.SH
20200320,000688.SH,1140.0924,1148.09,1114.291,1127.3694,1127.3694,2355961.03,13145479.435,000688.SH
20200319,000688.SH,1116.2634,1133.6946,1091.24,1128.9734,1128.9734,2785031.83,14456418.824,000688.SH
20200318,000688.SH,1145.3023,1173.2342,1115.0188,1115.0188,1115.0188,2999560.33,15906593.165,000688.SH
20200317,000688.SH,1132.9488,1141.3882,1079.8384,1131.5472,1131.5472,2972677.85,15475001.526,000688.SH
20200316,000688.SH,1188.0777,1200.4637,1115.0839,1115.0839,1115.0839,3181187.08,16930302.827,000688.SH
20200313,000688.SH,1103.9561,1187.7005,1103.9561,1175.2816,1175.2816,3383309.86,17857156.876,000688.SH
20200312,000688.SH,1161.9219,1177.3596,1151.7852,1167.0649,1167.0649,2805383.69,13230717.967,000688.SH
20200311,000688.SH,1218.5161,1233.4261,1184.7101,1184.7101,1184.7101,4248509.27,18151329.837,000688.SH
20200310,000688.SH,1148.3965,1216.3284,1135.2091,1216.3284,1216.3284,4064920.4,20635332.923,000688.SH
20200309,000688.SH,1216.0351,1223.2463,1171.8592,1171.8592,1171.8592,3872702.67,18877583.868,000688.SH
20200306,000688.SH,1246.0962,1255.074,1237.6234,1243.3725,1243.3725,3261213.4,16884830.366,000688.SH
20200305,000688.SH,1277.706,1277.706,1246.7144,1264.7876,1264.7876,4312615.62,20746222.681,000688.SH
20200304,000688.SH,1268.834,1277.686,1226.8024,1255.7232,1255.7232,3819524.08,21539763.079,000688.SH
20200303,000688.SH,1278.2685,1332.8353,1272.0626,1285.0342,1285.0342,5122939.27,27537029.808,000688.SH
20200302,000688.SH,1202.9589,1259.0764,1194.9372,1252.6243,1252.6243,4979736.01,24240042.956,000688.SH
20200228,000688.SH,1206.858,1231.0944,1187.0962,1191.0548,1191.0548,5132083.97,27546301.318,000688.SH
20200227,000688.SH,1293.1869,1293.1869,1251.4512,1264.9407,1264.9407,5032823.38,28442351.821,000688.SH
20200226,000688.SH,1348.075,1361.0063,1286.3453,1288.2418,1288.2418,5015814.02,28837575.808,000688.SH
20200225,000688.SH,1312.4786,1371.5759,1312.4786,1367.3683,1367.3683,4611598.76,29202484.341,000688.SH
20200224,000688.SH,1341.9878,1359.2267,1328.7467,1351.7098,1351.7098,4199988.2,27239430.462,000688.SH
20200221,000688.SH,1337.5566,1373.6669,1337.5566,1346.8628,1346.8628,4475454.98,32799336.628,000688.SH
20200220,000688.SH,1377.7562,1390.0194,1321.7335,1348.3377,1348.3377,4222266.19,25495526.119,000688.SH
20200219,000688.SH,1398.7812,1412.1691,1373.4439,1373.4439,1373.4439,4783190.39,29390754.314,000688.SH
20200218,000688.SH,1381.583,1404.7123,1372.5255,1399.3841,1399.3841,4905608.71,31443906.973,000688.SH
20200217,000688.SH,1332.9652,1381.5532,1332.9652,1381.5532,1381.5532,4969888.92,27951676.56,000688.SH
20200214,000688.SH,1359.3728,1382.9554,1305.9737,1327.224,1327.224,5310166.42,30495954.578,000688.SH
20200213,000688.SH,1360.1289,1409.6835,1353.0449,1360.7094,1360.7094,6144055.01,35045997.41,000688.SH
20200212,000688.SH,1274.7963,1360.549,1274.7963,1348.7019,1348.7019,4763905.79,27605196.207,000688.SH
20200211,000688.SH,1318.4202,1318.4202,1266.2142,1283.5724,1283.5724,5037530.86,26632123.773,000688.SH
20200210,000688.SH,1310.5262,1336.5258,1293.4299,1322.2502,1322.2502,5932906.94,30052305.965,000688.SH
20200207,000688.SH,1240.0377,1307.7568,1234.2337,1307.7568,1307.7568,5664784.58,32385770.513,000688.SH
20200206,000688.SH,1191.7314,1251.8427,1191.7314,1238.7573,1238.7573,5589981.66,28886970.285,000688.SH
20200205,000688.SH,1166.9733,1240.3675,1166.9733,1203.6128,1203.6128,5860213.39,31235308.672,000688.SH
20200204,000688.SH,1049.9556,1153.2316,1049.9556,1153.2316,1153.2316,5286206.05,25214022.851,000688.SH
20200203,000688.SH,1018.276,1082.7892,1015.5965,1030.5503,1030.5503,5466543.16,22392218.949,000688.SH
20200123,000688.SH,1219.2328,1262.4357,1177.0936,1202.1022,1202.1022,4425934.37,23901230.623,000688.SH
20200122,000688.SH,1178.7835,1247.6097,1157.2903,1244.5246,1244.5246,4794740.04,23124808.292,000688.SH
20200121,000688.SH,1233.6459,1247.8409,1194.7968,1195.0142,1195.0142,4206788.73,20822897.677,000688.SH
20200120,000688.SH,1239.4391,1270.3586,1208.6903,1240.5094,1240.5094,5202591.97,25890091.114,000688.SH
20200117,000688.SH,1159.372,1252.5561,1159.372,1238.6638,1238.6638,5873596.71,26076157.662,000688.SH
20200116,000688.SH,1116.5084,1161.4769,1116.5084,1154.3028,1154.3028,3085287.99,16115816.599,000688.SH
20200115,000688.SH,1113.2521,1120.3455,1105.5754,1114.7655,1114.7655,2420464.21,11554276.317,000688.SH
20200114,000688.SH,1107.7757,1133.8986,1107.7757,1118.3063,1118.3063,3262463.82,15303201.742,000688.SH
20200113,000688.SH,1076.7616,1105.8481,1069.7789,1105.8481,1105.8481,2466259.19,11640010.897,000688.SH
20200110,000688.SH,1082.3097,1088.5431,1076.4379,1076.4379,1076.4379,2515474.87,10766677.457,000688.SH
20200109,000688.SH,1060.5802,1081.4038,1060.5802,1078.3117,1078.3117,2843420.95,12913099.511,000688.SH
20200108,000688.SH,1035.8362,1059.4361,1034.5129,1051.1599,1051.1599,3207626.5,13506584.528,000688.SH
20200107,000688.SH,1025.6627,1043.0833,1019.8577,1043.0833,1043.0833,2675921.67,11953768.305,000688.SH
20200106,000688.SH,1019.9989,1040.1404,1019.9989,1027.2773,1027.2773,2663011.81,11978945.124,000688.SH
20200103,000688.SH,1021.6693,1029.0713,1018.6813,1024.4819,1024.4819,2160583.48,9677367.301,000688.SH
20200102,000688.SH,1005.6174,1019.9098,1005.6174,1019.7234,1019.7234,2193852.76,9315104.841,000688.SH
